order_id,customer_id,store_id,order_date,payment_method
1,1335,6,2023-01-25,UPI
2,2258,1,2025-03-29,Credit Card
3,1091,5,2023-07-30,Cash
4,199,14,2023-09-10,UPI
5,3021,14,2024-10-11,Cash
6,4366,14,2024-05-20,Debit Card
7,136,11,2024-06-04,Debit Card
8,1022,12,2024-07-06,UPI
9,2397,15,2024-06-29,Credit Card
10,3411,4,2023-11-27,UPI
11,893,13,2024-08-18,Credit Card
12,298,6,2025-08-09,Debit Card
13,2665,9,2024-10-30,UPI
14,4131,4,2025-05-07,Debit Card
15,184,2,2024-12-31,Credit Card
16,1831,12,2024-12-06,Cash
17,3402,8,2023-03-12,Cash
18,683,1,2023-01-02,Credit Card
19,1225,6,2025-07-09,Net Banking
20,2753,4,2024-11-05,Credit Card
21,4777,6,2025-10-19,Net Banking
22,1489,3,2025-09-20,Debit Card
23,2521,9,2024-01-27,Credit Card
24,2094,3,2025-02-03,UPI
25,4525,3,2024-03-31,Credit Card
26,380,5,2024-01-24,Net Banking
27,2915,7,2024-09-27,UPI
28,4274,14,2025-03-10,Credit Card
29,4940,14,2023-09-07,UPI
30,3583,6,2025-07-19,Cash
31,1990,14,2025-08-07,Cash
32,2151,7,2024-08-28,Credit Card
33,1842,9,2025-11-09,Credit Card
34,3097,3,2024-10-07,Debit Card
35,3779,5,2023-01-10,Net Banking
36,4138,5,2024-05-11,UPI
37,2170,3,2024-08-27,Cash
38,3663,11,2024-02-26,UPI
39,4603,10,2024-09-23,UPI
40,4625,9,2025-01-30,Debit Card
41,3604,13,2023-03-30,Cash
42,3260,9,2023-12-09,UPI
43,2731,6,2023-04-23,Debit Card
44,956,5,2025-11-12,Cash
45,642,4,2023-09-30,Debit Card
46,2517,4,2024-03-17,UPI
47,834,5,2024-07-31,Debit Card
48,2963,2,2025-07-29,Net Banking
49,3303,8,2024-06-04,Debit Card
50,2701,12,2023-12-03,UPI
51,190,7,2023-12-05,Credit Card
52,302,14,2023-07-08,Net Banking
53,585,14,2023-02-03,Credit Card
54,801,7,2023-08-02,Cash
55,4951,1,2024-05-17,UPI
56,1800,8,2025-05-24,UPI
57,1514,11,2024-07-08,Credit Card
58,275,1,2025-06-15,UPI
59,3253,14,2024-02-20,UPI
60,3338,9,2025-04-08,Debit Card
61,913,6,2025-07-28,Credit Card
62,4618,8,2024-05-19,UPI
63,4064,1,2025-11-17,Cash
64,1198,6,2023-10-15,UPI
65,2517,13,2023-12-20,Cash
66,2389,13,2025-11-09,Debit Card
67,1824,1,2023-10-21,UPI
68,4127,3,2025-09-13,UPI
69,560,2,2023-06-21,UPI
70,2167,14,2025-12-25,Net Banking
71,2231,2,2025-07-09,UPI
72,2436,4,2025-03-09,Debit Card
73,4348,7,2024-09-06,Credit Card
74,1137,12,2025-07-11,UPI
75,529,3,2024-12-22,Credit Card
76,3158,15,2025-03-09,UPI
77,907,7,2024-12-24,UPI
78,394,9,2023-08-06,UPI
79,2229,14,2024-09-19,Credit Card
80,1144,13,2023-10-27,UPI
81,1891,4,2025-09-10,Cash
82,1347,7,2025-04-18,Credit Card
83,480,15,2025-08-15,UPI
84,2881,1,2024-07-03,Credit Card
85,144,2,2023-12-17,Debit Card
86,4839,8,2025-11-06,Cash
87,1778,3,2024-03-10,UPI
88,3563,5,2023-06-21,Credit Card
89,4102,8,2024-02-11,Debit Card
90,1451,5,2023-05-06,UPI
91,3829,12,2024-11-13,UPI
92,4201,1,2024-08-06,Credit Card
93,1249,13,2023-02-06,Cash
94,4966,2,2024-05-27,Credit Card
95,105,10,2025-05-27,Credit Card
96,1132,11,2025-10-16,Debit Card
97,3967,3,2025-10-23,UPI
98,1013,10,2024-05-09,Cash
99,3581,2,2024-03-17,Net Banking
100,4326,9,2023-09-02,Debit Card
101,4812,5,2023-12-26,Debit Card
102,2463,1,2025-05-02,Debit Card
103,4854,11,2023-10-09,UPI
104,2148,11,2024-04-24,Debit Card
105,1137,11,2023-09-01,UPI
106,2637,15,2023-10-11,Net Banking
107,3324,13,2025-07-23,Debit Card
108,2387,12,2023-01-11,Credit Card
109,2918,8,2025-04-13,Cash
110,2169,3,2025-06-27,Net Banking
111,2695,11,2023-07-20,Cash
112,4776,9,2024-06-24,Debit Card
113,2575,9,2025-08-23,UPI
114,1310,12,2023-10-23,Debit Card
115,3876,6,2023-08-01,UPI
116,1758,4,2024-10-05,Net Banking
117,4119,12,2023-12-22,Debit Card
118,298,12,2025-08-14,UPI
119,1724,9,2024-12-17,UPI
120,487,11,2023-02-07,Credit Card
121,440,9,2024-07-21,Credit Card
122,3369,15,2025-12-23,Credit Card
123,2022,2,2024-04-29,UPI
124,4399,10,2024-11-05,Cash
125,2650,6,2024-06-28,Credit Card
126,1527,11,2024-01-06,UPI
127,3684,4,2023-01-11,UPI
128,3191,3,2023-02-07,UPI
129,4062,10,2023-09-15,Credit Card
130,3290,6,2024-01-10,UPI
131,867,11,2024-05-07,UPI
132,3442,12,2025-03-12,Credit Card
133,2053,15,2023-09-18,UPI
134,2409,15,2024-01-21,Cash
135,4628,15,2024-06-18,Credit Card
136,1884,14,2025-06-14,UPI
137,3137,14,2023-02-03,UPI
138,1903,8,2025-12-06,UPI
139,490,9,2024-12-02,Debit Card
140,2361,12,2023-10-02,UPI
141,3063,9,2025-11-25,UPI
142,2127,15,2024-03-28,Debit Card
143,2052,2,2025-07-02,Credit Card
144,4139,15,2025-01-26,Cash
145,155,13,2024-01-25,Cash
146,1529,8,2025-02-10,UPI
147,4109,11,2025-01-27,UPI
148,4624,8,2024-08-12,Credit Card
149,2156,5,2025-02-25,UPI
150,4486,4,2025-04-24,Debit Card
151,1047,9,2025-03-21,UPI
152,1154,4,2023-08-18,Cash
153,4274,12,2025-03-17,Cash
154,4552,10,2023-04-07,Net Banking
155,1162,4,2024-08-14,UPI
156,310,3,2025-01-19,Credit Card
157,464,10,2024-01-25,Cash
158,1352,13,2024-12-25,Credit Card
159,3892,12,2024-07-04,UPI
160,2620,13,2023-02-06,UPI
161,2371,3,2024-02-16,Credit Card
162,2999,3,2023-03-17,UPI
163,4494,11,2023-03-03,UPI
164,465,7,2025-06-29,UPI
165,3560,13,2024-11-14,Debit Card
166,4653,5,2025-07-05,UPI
167,1111,9,2023-02-09,Credit Card
168,4225,2,2023-09-10,UPI
169,3578,14,2024-06-06,Debit Card
170,69,4,2025-09-11,Credit Card
171,1206,2,2024-06-11,Net Banking
172,3107,11,2024-11-21,Cash
173,2585,8,2025-03-18,UPI
174,2711,4,2023-08-05,Credit Card
175,1208,1,2024-01-18,Debit Card
176,3476,10,2024-02-18,UPI
177,1377,3,2025-11-15,UPI
178,2043,12,2023-03-24,UPI
179,1936,7,2025-07-31,Credit Card
180,3454,12,2025-01-11,Cash
181,463,3,2023-07-20,UPI
182,1078,5,2025-06-29,UPI
183,1055,15,2025-05-23,Debit Card
184,556,2,2024-11-27,UPI
185,1082,15,2024-03-27,UPI
186,3114,8,2024-03-28,Debit Card
187,3737,4,2024-06-07,UPI
188,3381,13,2025-07-10,Credit Card
189,2469,1,2023-12-12,Credit Card
190,278,12,2023-04-08,UPI
191,4812,4,2023-08-14,Debit Card
192,875,15,2025-03-04,Debit Card
193,3426,8,2024-03-25,Credit Card
194,4584,9,2023-02-26,UPI
195,3578,1,2025-10-25,Credit Card
196,1136,14,2024-05-16,Debit Card
197,1643,6,2023-08-05,Cash
198,158,4,2023-06-07,UPI
199,3138,11,2023-03-06,UPI
200,3138,8,2024-10-08,Debit Card
201,3703,1,2025-01-08,Credit Card
202,51,5,2025-03-06,Credit Card
203,4127,1,2024-01-06,UPI
204,3773,4,2023-08-10,Credit Card
205,738,12,2025-12-30,Debit Card
206,1821,2,2023-08-31,Credit Card
207,3269,13,2024-06-28,Cash
208,2551,10,2023-09-29,UPI
209,590,9,2025-10-18,UPI
210,450,2,2023-06-29,Debit Card
211,3972,4,2023-02-26,Debit Card
212,809,15,2025-06-30,UPI
213,898,3,2024-12-11,Net Banking
214,4190,1,2024-12-12,UPI
215,3137,12,2025-05-11,Credit Card
216,3101,1,2025-12-08,Net Banking
217,2488,2,2023-12-26,Credit Card
218,2926,8,2023-04-28,Debit Card
219,3088,2,2025-09-13,Credit Card
220,4841,14,2025-09-01,UPI
221,1164,1,2024-04-17,Net Banking
222,1117,6,2023-06-22,UPI
223,298,1,2025-06-15,Net Banking
224,3368,10,2024-08-16,Credit Card
225,2824,9,2025-02-10,UPI
226,570,6,2025-12-11,UPI
227,1911,10,2025-03-11,Debit Card
228,929,6,2025-08-09,Debit Card
229,1721,1,2024-01-22,Cash
230,4768,7,2024-05-12,UPI
231,3506,3,2023-02-13,Credit Card
232,30,1,2025-01-04,Net Banking
233,1307,9,2024-10-08,Credit Card
234,48,15,2023-04-04,Credit Card
235,3653,8,2023-06-03,UPI
236,2439,4,2023-08-21,Cash
237,4972,3,2024-09-29,UPI
238,3743,2,2024-12-01,Debit Card
239,2658,2,2025-03-05,UPI
240,4080,13,2024-11-05,Debit Card
241,3607,11,2025-06-27,Net Banking
242,1265,3,2025-11-13,Debit Card
243,2722,1,2023-10-26,UPI
244,2860,12,2024-12-17,Debit Card
245,2357,15,2025-02-27,Credit Card
246,932,10,2024-10-12,UPI
247,1165,7,2023-11-27,Cash
248,1457,15,2025-01-22,Cash
249,47,2,2024-07-22,Debit Card
250,4609,15,2025-08-06,Debit Card
251,3523,12,2023-02-10,UPI
252,3538,6,2024-04-29,Net Banking
253,2941,12,2025-05-31,Debit Card
254,3537,14,2023-10-01,Credit Card
255,4906,6,2025-10-25,UPI
256,2019,11,2024-11-04,Debit Card
257,3641,14,2024-01-15,UPI
258,1882,4,2023-09-03,UPI
259,4318,4,2024-05-14,Credit Card
260,4337,1,2024-08-02,Debit Card
261,4549,11,2024-06-16,UPI
262,22,6,2024-09-25,UPI
263,1544,8,2025-11-20,UPI
264,697,13,2023-11-08,Debit Card
265,2363,13,2024-07-08,Credit Card
266,2550,10,2024-12-01,Debit Card
267,1325,4,2025-12-25,Debit Card
268,3692,1,2025-08-16,UPI
269,1396,4,2023-12-28,UPI
270,4317,2,2023-09-24,Debit Card
271,923,4,2024-09-21,Debit Card
272,1924,8,2025-09-09,Credit Card
273,3185,13,2025-04-26,UPI
274,3106,3,2023-10-06,Credit Card
275,409,12,2023-03-03,UPI
276,4274,14,2024-12-19,Debit Card
277,3066,13,2023-03-01,Cash
278,4393,5,2025-07-01,Credit Card
279,4380,10,2025-01-24,Credit Card
280,2813,11,2024-09-25,UPI
281,4578,2,2024-07-14,UPI
282,4283,9,2024-09-29,UPI
283,4805,14,2025-05-04,Debit Card
284,4299,3,2024-04-25,Debit Card
285,4141,1,2025-06-28,Credit Card
286,2438,7,2024-06-25,Net Banking
287,1103,11,2023-02-18,Net Banking
288,4578,5,2024-06-06,Cash
289,3687,15,2023-03-02,Credit Card
290,1460,9,2023-07-06,Debit Card
291,1777,3,2023-04-20,Net Banking
292,3523,11,2025-01-30,Debit Card
293,2485,1,2024-11-13,UPI
294,418,15,2024-10-10,UPI
295,742,7,2023-09-28,Net Banking
296,3808,8,2024-03-10,Net Banking
297,1702,11,2025-02-03,Debit Card
298,2609,2,2025-11-30,UPI
299,3918,15,2025-02-19,Cash
300,3841,2,2023-03-18,Net Banking
301,867,9,2023-10-02,Credit Card
302,511,13,2024-10-05,UPI
303,3033,4,2024-11-06,Credit Card
304,3794,1,2024-10-13,UPI
305,781,14,2023-09-24,Credit Card
306,1947,9,2024-09-27,UPI
307,4395,9,2023-09-24,Cash
308,4737,15,2025-11-11,UPI
309,2363,6,2025-06-17,UPI
310,414,6,2024-12-09,Debit Card
311,1336,14,2025-05-09,UPI
312,1212,9,2023-04-28,Credit Card
313,1240,2,2024-09-01,UPI
314,2543,9,2024-07-21,Debit Card
315,2992,13,2024-09-29,UPI
316,633,4,2023-05-20,Credit Card
317,4490,4,2023-03-09,UPI
318,3173,13,2024-03-26,UPI
319,3063,9,2025-09-04,Debit Card
320,4935,7,2025-02-23,UPI
321,3209,12,2025-01-19,Net Banking
322,4672,10,2023-03-23,Debit Card
323,1484,12,2023-07-31,Cash
324,1248,14,2025-04-25,UPI
325,2650,5,2024-10-25,UPI
326,2614,8,2023-03-17,UPI
327,1178,12,2025-03-15,Debit Card
328,3588,13,2024-11-24,UPI
329,154,1,2024-10-09,Credit Card
330,3542,7,2025-05-29,Debit Card
331,2384,4,2024-09-27,UPI
332,3536,13,2023-09-09,Debit Card
333,2478,2,2024-06-04,Net Banking
334,4891,2,2023-08-18,Debit Card
335,1740,11,2024-05-10,Net Banking
336,4910,12,2025-06-18,UPI
337,342,9,2023-10-16,UPI
338,3509,6,2023-02-11,UPI
339,2364,11,2023-01-26,Debit Card
340,4149,4,2024-07-26,Credit Card
341,4009,2,2023-10-11,UPI
342,4062,7,2023-06-09,Credit Card
343,490,9,2023-01-18,UPI
344,4149,2,2023-10-29,Net Banking
345,1113,4,2024-03-01,UPI
346,137,14,2024-09-15,UPI
347,1134,1,2025-01-29,Credit Card
348,2487,1,2024-12-17,UPI
349,3795,3,2025-09-13,Credit Card
350,1137,1,2024-01-01,Debit Card
351,583,4,2023-03-22,Net Banking
352,3304,14,2025-05-28,Cash
353,4918,6,2025-08-24,Cash
354,3084,13,2024-03-17,Credit Card
355,3543,5,2024-12-22,Cash
356,2882,9,2023-09-28,Debit Card
357,3978,13,2024-08-28,Credit Card
358,4880,14,2023-06-04,Credit Card
359,2802,12,2025-03-07,Credit Card
360,2171,11,2025-09-26,UPI
361,4341,2,2023-07-12,Credit Card
362,4847,2,2025-01-15,Cash
363,674,12,2024-10-20,UPI
364,2970,3,2023-02-12,Debit Card
365,4026,4,2024-12-29,Credit Card
366,2740,9,2024-07-09,Net Banking
367,2137,11,2025-12-13,Debit Card
368,3354,6,2023-01-16,UPI
369,1398,13,2025-05-12,Credit Card
370,1829,9,2023-12-30,Cash
371,4964,5,2025-05-03,UPI
372,3257,9,2023-09-03,Credit Card
373,4407,9,2023-12-04,UPI
374,4096,1,2024-09-06,Credit Card
375,3339,15,2023-07-21,UPI
376,4240,9,2025-07-28,Cash
377,1489,7,2023-08-18,Net Banking
378,3261,11,2024-06-15,Credit Card
379,3030,8,2023-01-29,Credit Card
380,3185,3,2024-01-27,Net Banking
381,879,1,2023-09-06,Credit Card
382,1439,4,2024-03-20,Debit Card
383,1486,1,2025-02-23,Cash
384,3089,1,2025-11-05,Credit Card
385,4861,4,2023-03-03,UPI
386,4783,8,2025-10-24,Cash
387,1186,12,2024-02-02,UPI
388,1581,1,2025-12-16,Cash
389,187,10,2025-12-15,Net Banking
390,2090,10,2024-03-06,Credit Card
391,4209,12,2023-05-15,UPI
392,4600,9,2024-12-19,Net Banking
393,1226,6,2023-11-26,Cash
394,1373,13,2023-08-15,UPI
395,1152,5,2024-09-13,Debit Card
396,1836,9,2023-07-12,UPI
397,4080,9,2025-05-25,UPI
398,3307,9,2025-01-14,Credit Card
399,3995,13,2024-02-12,Debit Card
400,2991,13,2023-03-20,UPI
401,1336,12,2024-05-21,UPI
402,1190,3,2024-02-25,Cash
403,41,12,2023-11-16,Credit Card
404,3971,12,2025-09-10,Credit Card
405,4278,15,2024-08-04,Cash
406,3927,8,2025-10-18,UPI
407,392,10,2024-10-14,Debit Card
408,3899,14,2023-08-08,Credit Card
409,240,4,2023-06-13,Debit Card
410,544,4,2024-10-28,Debit Card
411,2296,12,2025-02-25,Debit Card
412,2474,7,2024-12-27,Cash
413,4118,15,2023-04-27,Credit Card
414,3490,8,2024-10-07,Credit Card
415,800,4,2024-03-13,UPI
416,1177,11,2023-04-09,UPI
417,1480,10,2025-09-21,Cash
418,642,13,2025-02-28,UPI
419,1490,6,2023-04-18,Net Banking
420,3718,1,2025-01-08,Debit Card
421,1249,13,2023-11-23,Cash
422,4215,2,2023-05-20,Credit Card
423,2439,12,2025-01-29,Debit Card
424,1668,5,2024-07-28,Net Banking
425,2157,4,2025-03-24,Credit Card
426,3631,14,2023-10-29,UPI
427,2651,3,2023-07-16,Debit Card
428,29,11,2025-07-08,Cash
429,4630,14,2023-04-29,UPI
430,349,6,2025-09-13,Net Banking
431,4715,10,2023-09-19,Credit Card
432,151,6,2023-11-21,Cash
433,3935,13,2024-03-24,UPI
434,2749,11,2023-10-07,UPI
435,2602,14,2024-10-17,Net Banking
436,384,10,2023-04-24,UPI
437,1240,8,2024-10-17,Credit Card
438,3958,15,2023-07-15,UPI
439,4496,2,2024-12-23,Credit Card
440,2718,7,2025-05-16,UPI
441,1850,7,2025-01-26,Credit Card
442,314,2,2023-04-18,UPI
443,3503,13,2024-10-16,Cash
444,1447,6,2024-11-18,Credit Card
445,288,5,2023-12-01,Cash
446,3411,2,2025-11-09,Debit Card
447,2517,9,2025-09-01,Cash
448,55,8,2023-08-29,Cash
449,570,7,2023-09-30,Cash
450,3586,15,2025-08-11,Credit Card
451,334,14,2024-11-05,Cash
452,4373,6,2023-06-08,UPI
453,1611,5,2025-11-19,UPI
454,457,13,2023-10-06,Credit Card
455,3884,9,2023-05-29,Cash
456,2692,5,2024-02-04,UPI
457,1590,13,2023-03-18,Net Banking
458,2119,6,2024-01-17,UPI
459,108,3,2023-05-02,Debit Card
460,3396,9,2024-12-14,Cash
461,1916,15,2024-02-10,Net Banking
462,3649,11,2023-11-27,Debit Card
463,3209,14,2024-08-15,Credit Card
464,3334,8,2025-12-08,UPI
465,4029,9,2023-09-01,UPI
466,3224,1,2024-08-29,Net Banking
467,2182,1,2023-02-11,UPI
468,2048,13,2024-01-02,UPI
469,617,2,2025-07-20,Credit Card
470,3965,4,2024-01-24,UPI
471,3891,10,2024-10-30,UPI
472,1274,5,2024-12-18,UPI
473,4357,13,2023-03-31,UPI
474,3023,15,2024-08-01,Net Banking
475,2485,7,2023-08-16,UPI
476,89,4,2025-02-16,Credit Card
477,2009,13,2025-06-07,UPI
478,3279,1,2025-12-13,Debit Card
479,461,8,2025-12-02,UPI
480,2396,11,2023-05-12,Debit Card
481,4967,3,2023-12-08,Cash
482,3662,9,2024-07-09,UPI
483,2819,15,2024-10-11,Cash
484,2739,2,2023-09-07,UPI
485,229,11,2024-02-07,UPI
486,4804,1,2023-11-18,Credit Card
487,4666,10,2024-04-11,Credit Card
488,3504,8,2025-08-20,Credit Card
489,515,14,2023-05-16,UPI
490,1082,3,2023-12-06,UPI
491,959,1,2025-08-06,UPI
492,2667,11,2025-11-26,Net Banking
493,1082,3,2023-08-31,UPI
494,3568,8,2023-03-11,Debit Card
495,2810,11,2025-08-24,Debit Card
496,89,4,2024-08-21,Debit Card
497,3806,10,2025-06-29,Cash
498,984,11,2024-06-21,UPI
499,4160,7,2024-03-14,Credit Card
500,1862,8,2023-02-24,UPI
501,1764,15,2024-06-16,UPI
502,54,7,2024-11-09,UPI
503,4936,1,2025-09-01,Debit Card
504,3137,4,2025-09-12,UPI
505,2209,13,2024-04-09,UPI
506,500,13,2025-11-05,Credit Card
507,3586,10,2023-10-03,UPI
508,1466,9,2023-03-27,UPI
509,4941,7,2024-12-09,UPI
510,4765,12,2025-10-25,Cash
511,3753,15,2025-05-14,Net Banking
512,4854,1,2025-01-19,Credit Card
513,544,8,2024-03-09,Cash
514,1455,4,2025-08-13,Cash
515,1311,14,2024-03-17,Credit Card
516,380,14,2025-03-02,Debit Card
517,4859,14,2025-12-22,Net Banking
518,314,12,2025-05-21,Credit Card
519,4332,7,2025-01-24,Credit Card
520,3926,13,2025-10-25,UPI
521,1972,6,2023-06-20,Credit Card
522,93,7,2023-10-18,Cash
523,24,10,2024-04-13,Debit Card
524,1071,10,2023-10-07,Debit Card
525,2543,1,2023-09-08,UPI
526,2387,12,2024-12-23,Net Banking
527,3003,15,2024-12-27,Credit Card
528,3938,6,2023-11-27,Credit Card
529,1976,12,2023-05-06,Credit Card
530,835,3,2024-06-28,UPI
531,4062,10,2024-11-24,Credit Card
532,1727,4,2023-07-14,Credit Card
533,1487,1,2025-07-06,UPI
534,3910,14,2024-12-14,Cash
535,4695,13,2024-05-17,UPI
536,4596,14,2023-10-26,UPI
537,721,13,2024-05-04,UPI
538,2589,10,2023-04-30,Credit Card
539,482,8,2023-08-31,Credit Card
540,4817,14,2024-12-29,Credit Card
541,1119,2,2023-01-05,Credit Card
542,1034,3,2025-10-24,UPI
543,4487,7,2023-06-07,UPI
544,4841,2,2025-10-03,UPI
545,3578,12,2024-04-04,Net Banking
546,625,4,2023-06-05,Net Banking
547,2517,12,2023-06-21,Net Banking
548,4122,7,2023-08-25,UPI
549,2941,12,2023-04-09,UPI
550,693,3,2024-11-16,UPI
551,897,2,2024-04-07,Cash
552,4363,8,2025-03-03,Net Banking
553,2707,2,2025-07-18,Credit Card
554,3611,10,2023-08-24,Debit Card
555,1956,7,2023-07-24,UPI
556,2735,11,2025-01-19,Debit Card
557,4890,3,2025-02-23,Debit Card
558,1710,4,2025-07-11,Cash
559,3475,6,2023-09-13,Credit Card
560,900,11,2025-07-17,UPI
561,629,3,2025-09-07,Credit Card
562,3983,1,2024-06-13,UPI
563,4264,12,2025-02-27,Debit Card
564,3426,8,2023-02-02,UPI
565,825,4,2023-04-18,UPI
566,1248,1,2025-10-08,UPI
567,4579,2,2025-07-26,Cash
568,1497,6,2025-05-31,Credit Card
569,4131,15,2025-09-05,Debit Card
570,1481,1,2023-04-07,UPI
571,4717,9,2023-06-08,UPI
572,4590,14,2025-05-09,Cash
573,227,7,2025-03-28,Credit Card
574,3932,8,2023-11-24,UPI
575,884,8,2023-04-15,Cash
576,1119,6,2023-02-09,Net Banking
577,2397,8,2024-12-09,Debit Card
578,2961,7,2024-09-12,Debit Card
579,1685,1,2025-03-09,UPI
580,2956,3,2025-05-31,Debit Card
581,890,9,2025-03-13,UPI
582,113,8,2024-02-09,Cash
583,2937,5,2024-09-10,Credit Card
584,2654,1,2023-07-24,UPI
585,3538,2,2023-02-18,UPI
586,3324,10,2023-01-17,Credit Card
587,4525,14,2025-01-29,UPI
588,2396,15,2024-12-11,Net Banking
589,35,10,2023-07-23,UPI
590,3219,9,2023-04-29,Credit Card
591,3476,12,2024-08-02,Debit Card
592,2681,10,2025-11-10,Debit Card
593,3537,8,2023-02-06,Credit Card
594,1672,9,2024-10-15,UPI
595,780,2,2025-01-19,Credit Card
596,3408,3,2024-08-23,UPI
597,1272,3,2024-12-02,UPI
598,2378,1,2024-07-02,Credit Card
599,2535,2,2023-12-06,Debit Card
600,2479,10,2025-08-10,UPI
601,3072,5,2024-10-05,UPI
602,154,7,2025-10-27,UPI
603,4949,6,2025-02-10,UPI
604,3660,14,2024-02-19,Net Banking
605,2220,2,2023-10-02,Cash
606,999,8,2024-12-28,UPI
607,414,4,2025-03-13,Credit Card
608,3456,11,2023-07-10,Cash
609,1651,2,2023-11-24,UPI
610,1195,15,2024-03-16,Debit Card
611,1990,4,2025-02-11,Cash
612,3040,8,2024-10-17,Credit Card
613,3451,14,2024-01-23,Cash
614,3299,15,2024-05-21,UPI
615,4359,1,2023-06-10,Cash
616,1139,11,2025-08-18,Cash
617,3259,9,2024-09-06,Cash
618,522,14,2025-09-26,UPI
619,2820,8,2024-11-30,Debit Card
620,2997,14,2023-09-02,Credit Card
621,1128,8,2025-10-05,Debit Card
622,2056,10,2024-07-07,UPI
623,4176,9,2023-01-02,UPI
624,777,14,2023-01-21,UPI
625,2256,7,2024-12-20,Debit Card
626,4691,11,2024-03-16,Credit Card
627,2596,9,2024-10-30,UPI
628,3701,15,2023-06-17,UPI
629,4174,1,2023-07-22,Net Banking
630,1071,1,2024-10-24,UPI
631,1137,12,2024-03-03,UPI
632,3876,4,2025-01-02,UPI
633,3847,2,2024-06-05,UPI
634,315,8,2025-10-08,UPI
635,1667,1,2023-11-01,UPI
636,2088,4,2025-05-04,Credit Card
637,4184,11,2025-09-02,Debit Card
638,2199,11,2024-06-12,Debit Card
639,4651,14,2025-01-31,UPI
640,4987,9,2024-08-24,Debit Card
641,3970,2,2025-02-10,UPI
642,3416,6,2024-06-17,Cash
643,2056,4,2024-12-11,UPI
644,353,14,2025-02-02,Net Banking
645,2944,12,2025-09-19,Debit Card
646,1894,4,2024-03-04,Credit Card
647,1840,6,2024-01-05,Credit Card
648,3529,10,2024-05-23,UPI
649,2411,13,2023-07-19,Debit Card
650,3843,4,2025-03-19,Net Banking
651,2086,15,2025-07-04,Credit Card
652,791,9,2023-09-03,Net Banking
653,2401,12,2023-10-31,UPI
654,4766,12,2023-07-03,Debit Card
655,4068,8,2025-10-05,Debit Card
656,1078,8,2024-09-08,UPI
657,2053,5,2023-12-13,UPI
658,4663,6,2025-07-02,Net Banking
659,642,15,2024-09-13,Debit Card
660,1313,1,2023-08-01,Cash
661,1358,1,2024-08-14,Debit Card
662,2936,15,2025-02-12,Debit Card
663,2143,9,2024-06-05,UPI
664,414,12,2023-03-04,Debit Card
665,3211,4,2023-03-21,UPI
666,515,3,2023-02-16,Credit Card
667,3110,5,2025-06-10,Cash
668,2605,14,2025-09-25,Net Banking
669,2543,15,2023-04-21,Debit Card
670,356,9,2024-10-28,UPI
671,3274,9,2025-04-10,UPI
672,2244,3,2025-06-18,UPI
673,2146,12,2024-04-17,Credit Card
674,3061,7,2025-10-20,Net Banking
675,3109,15,2025-02-10,Cash
676,72,3,2024-04-01,Credit Card
677,650,15,2025-05-04,Net Banking
678,1226,3,2024-09-26,Cash
679,3486,4,2023-02-11,UPI
680,2962,2,2025-08-14,Credit Card
681,3868,6,2025-01-06,UPI
682,3787,15,2025-05-25,UPI
683,4312,5,2023-09-14,Credit Card
684,1974,10,2024-06-14,Debit Card
685,1805,10,2023-02-24,Debit Card
686,4190,13,2025-08-18,Net Banking
687,1231,2,2025-03-10,Debit Card
688,2401,12,2025-07-28,UPI
689,1013,10,2025-04-11,UPI
690,4588,15,2025-03-29,UPI
691,2130,2,2025-05-27,Cash
692,1105,14,2023-11-07,Net Banking
693,3546,2,2024-11-24,UPI
694,1269,4,2025-10-05,Debit Card
695,4733,3,2023-02-01,Credit Card
696,1926,9,2023-05-18,UPI
697,3409,13,2025-11-08,Net Banking
698,1806,5,2025-09-02,UPI
699,4094,12,2024-05-04,Debit Card
700,4521,1,2023-07-13,Debit Card
701,4007,2,2023-11-27,Debit Card
702,4284,15,2023-06-03,Cash
703,523,7,2024-09-29,Credit Card
704,4641,8,2024-08-27,Debit Card
705,3192,6,2024-12-19,Debit Card
706,4390,13,2023-09-18,UPI
707,3510,7,2025-01-29,UPI
708,1063,2,2023-11-20,Debit Card
709,3128,14,2024-07-22,UPI
710,470,12,2025-01-11,Debit Card
711,3568,6,2024-05-28,UPI
712,2136,12,2024-02-23,UPI
713,794,6,2024-09-23,Debit Card
714,4897,4,2025-09-16,Debit Card
715,4545,11,2023-07-28,Debit Card
716,4507,4,2023-06-23,Credit Card
717,4007,2,2024-01-09,UPI
718,3546,3,2025-12-02,Debit Card
719,3354,10,2025-03-17,UPI
720,546,6,2024-06-17,UPI
721,4544,4,2024-06-30,UPI
722,4441,3,2024-05-26,UPI
723,3825,14,2024-03-08,UPI
724,4657,1,2023-08-31,UPI
725,2842,12,2025-08-27,UPI
726,2341,15,2025-10-05,UPI
727,4841,11,2025-07-06,Debit Card
728,2413,14,2023-01-23,Credit Card
729,3283,11,2024-12-22,Net Banking
730,1956,11,2023-11-01,Net Banking
731,3256,13,2025-06-20,Net Banking
732,3681,3,2024-07-26,Credit Card
733,3195,1,2025-04-25,UPI
734,2641,4,2023-10-12,Cash
735,1553,12,2023-05-20,Credit Card
736,3293,4,2023-06-04,Debit Card
737,4566,11,2023-05-31,Cash
738,26,12,2023-06-16,Debit Card
739,697,1,2024-06-02,Debit Card
740,619,15,2024-08-21,UPI
741,4640,7,2025-05-04,UPI
742,3397,5,2024-10-16,Credit Card
743,4772,1,2025-05-19,Debit Card
744,2990,5,2024-10-31,Cash
745,2402,12,2024-03-18,Cash
746,4025,7,2025-01-29,Net Banking
747,836,6,2025-08-10,Net Banking
748,1999,10,2023-09-22,Debit Card
749,2428,15,2023-09-14,Credit Card
750,1547,15,2024-03-07,Debit Card
751,1943,5,2025-10-03,UPI
752,409,8,2025-11-08,UPI
753,1038,9,2025-11-09,Debit Card
754,1744,1,2024-03-27,Net Banking
755,4046,6,2024-04-18,Cash
756,953,15,2024-04-03,UPI
757,1815,15,2023-01-23,UPI
758,342,2,2024-04-13,UPI
759,2870,13,2023-01-09,Credit Card
760,3135,8,2024-12-20,UPI
761,4373,5,2023-11-26,UPI
762,4133,1,2024-04-20,Debit Card
763,1479,5,2025-04-10,UPI
764,715,10,2024-03-20,Net Banking
765,810,13,2023-12-30,Credit Card
766,4845,5,2025-05-12,UPI
767,3465,2,2023-02-19,Cash
768,223,4,2024-06-18,Cash
769,714,13,2023-03-13,Net Banking
770,2517,6,2025-08-22,Credit Card
771,1082,1,2024-02-10,Net Banking
772,4078,11,2023-04-17,Debit Card
773,2944,9,2025-09-14,UPI
774,3138,7,2024-10-20,Credit Card
775,2408,6,2025-11-02,Credit Card
776,1326,1,2025-11-16,Credit Card
777,3023,8,2024-09-11,Credit Card
778,3663,8,2025-01-20,UPI
779,1942,4,2023-11-25,Credit Card
780,2598,4,2025-01-20,Credit Card
781,4230,1,2023-06-14,UPI
782,779,13,2024-09-19,UPI
783,2810,15,2025-07-08,UPI
784,1824,9,2024-12-23,UPI
785,3601,14,2025-11-27,Credit Card
786,93,8,2024-11-24,UPI
787,3442,13,2024-03-11,Debit Card
788,529,10,2025-08-12,UPI
789,341,7,2023-07-01,Net Banking
790,3696,2,2024-05-05,UPI
791,3276,7,2023-03-20,UPI
792,4513,4,2025-08-08,Debit Card
793,2667,3,2023-06-10,Debit Card
794,2720,11,2023-08-25,Credit Card
795,3619,14,2023-02-01,Cash
796,1671,12,2024-01-24,UPI
797,194,10,2024-02-06,Credit Card
798,1196,4,2023-06-11,UPI
799,1237,10,2024-11-11,UPI
800,1746,13,2023-01-25,Debit Card
801,4733,6,2024-01-05,UPI
802,4080,7,2023-03-03,UPI
803,4703,2,2024-02-15,Credit Card
804,4998,7,2025-02-15,UPI
805,2252,10,2024-02-06,Debit Card
806,1185,2,2025-11-12,UPI
807,2881,11,2023-11-23,Net Banking
808,4441,2,2024-04-28,Debit Card
809,2425,1,2025-08-31,Credit Card
810,2601,13,2024-10-08,Credit Card
811,700,15,2025-01-28,Debit Card
812,2186,11,2025-10-01,UPI
813,2032,7,2025-08-12,Debit Card
814,1842,1,2025-01-08,Debit Card
815,4479,3,2024-01-17,Credit Card
816,310,11,2025-05-19,Cash
817,4859,8,2024-04-06,UPI
818,34,1,2024-07-22,UPI
819,4742,15,2025-06-21,UPI
820,2821,12,2025-03-31,Cash
821,3601,14,2023-09-27,UPI
822,976,14,2023-08-14,Debit Card
823,3351,6,2023-08-03,Cash
824,4442,12,2023-08-24,Credit Card
825,729,2,2025-12-05,UPI
826,664,9,2024-09-11,UPI
827,1576,2,2023-02-09,Credit Card
828,841,6,2023-02-15,Net Banking
829,568,4,2023-10-30,UPI
830,3486,9,2024-01-07,Net Banking
831,1113,1,2025-02-09,UPI
832,3420,1,2023-03-18,Net Banking
833,4352,10,2025-04-23,UPI
834,3338,3,2024-09-25,UPI
835,615,11,2023-11-25,UPI
836,2945,6,2025-02-12,UPI
837,2058,3,2023-09-11,Debit Card
838,1789,7,2024-07-31,Debit Card
839,1657,9,2023-01-01,UPI
840,4673,12,2025-04-05,UPI
841,3798,10,2023-11-17,Net Banking
842,697,2,2023-06-06,UPI
843,2473,4,2025-03-15,UPI
844,1656,3,2023-09-29,Credit Card
845,4895,6,2024-05-31,Debit Card
846,4895,5,2025-01-15,UPI
847,1660,12,2023-06-04,UPI
848,1842,3,2024-11-30,Net Banking
849,3078,9,2023-10-19,Cash
850,2487,12,2023-02-15,Credit Card
851,1110,8,2025-01-10,UPI
852,3381,3,2023-07-16,Cash
853,1738,10,2024-07-20,Cash
854,3348,5,2024-03-26,Credit Card
855,2012,5,2025-05-18,Credit Card
856,3590,5,2023-12-13,Net Banking
857,3423,8,2024-04-18,UPI
858,2616,3,2024-10-05,UPI
859,3607,3,2024-11-11,Cash
860,2399,8,2023-08-23,Debit Card
861,595,9,2023-07-03,Net Banking
862,949,5,2025-10-20,Debit Card
863,1273,15,2024-08-15,UPI
864,331,10,2023-06-11,UPI
865,3637,8,2024-11-25,UPI
866,1924,14,2024-10-28,Cash
867,484,5,2025-12-22,Cash
868,4139,12,2025-01-27,Cash
869,3508,4,2025-12-26,Credit Card
870,2357,2,2023-12-09,UPI
871,1281,11,2023-05-20,UPI
872,794,14,2024-09-28,UPI
873,2389,15,2023-10-31,Cash
874,4468,13,2025-07-19,UPI
875,982,14,2023-03-26,Cash
876,2923,4,2025-08-31,Cash
877,4818,2,2025-03-18,UPI
878,3261,7,2023-12-28,Cash
879,2291,7,2024-05-09,Cash
880,3660,9,2024-02-19,Debit Card
881,4158,12,2024-09-05,Credit Card
882,3029,4,2025-12-27,Debit Card
883,4402,5,2025-02-24,Credit Card
884,2641,11,2025-04-17,Credit Card
885,4187,4,2024-12-08,Net Banking
886,4775,4,2023-05-07,UPI
887,2581,15,2025-10-31,UPI
888,3101,5,2024-05-11,Credit Card
889,3127,3,2023-09-04,UPI
890,3972,14,2023-09-22,Net Banking
891,4151,9,2025-08-22,Debit Card
892,145,14,2024-09-24,Credit Card
893,3743,7,2023-08-30,Cash
894,3984,1,2024-12-25,UPI
895,3593,1,2025-03-04,UPI
896,3646,1,2023-05-10,Net Banking
897,218,3,2025-09-14,Credit Card
898,2302,9,2025-04-23,Net Banking
899,4128,13,2024-09-28,Net Banking
900,4695,13,2024-02-15,UPI
901,1195,8,2023-03-31,Credit Card
902,2973,13,2025-01-25,Cash
903,4078,15,2023-08-14,UPI
904,3845,9,2025-07-05,Credit Card
905,3167,5,2024-12-23,UPI
906,93,7,2023-01-08,Debit Card
907,3692,13,2025-08-15,UPI
908,3944,10,2025-09-13,Credit Card
909,3687,9,2023-01-14,Net Banking
910,3916,5,2024-04-13,Cash
911,2241,8,2025-09-25,Cash
912,4970,8,2023-01-15,UPI
913,3934,14,2025-10-05,Credit Card
914,2971,3,2024-11-19,Debit Card
915,4695,5,2024-02-25,UPI
916,4565,8,2023-07-28,UPI
917,4118,10,2025-08-16,UPI
918,2900,3,2023-02-06,UPI
919,2708,3,2025-06-12,Cash
920,1702,6,2023-02-26,Credit Card
921,1298,7,2023-02-15,Cash
922,2630,7,2023-02-22,UPI
923,2968,6,2023-03-15,UPI
924,1269,7,2024-05-17,Cash
925,4633,14,2023-05-06,Credit Card
926,2871,7,2023-06-22,Credit Card
927,2706,4,2024-10-28,Credit Card
928,2261,8,2025-08-02,Credit Card
929,303,8,2023-08-20,Cash
930,4444,2,2025-03-19,Credit Card
931,1651,15,2024-05-12,Net Banking
932,3285,10,2024-10-12,Cash
933,3115,5,2024-07-03,Debit Card
934,3000,15,2023-04-26,Debit Card
935,2701,2,2025-09-20,Cash
936,944,3,2025-06-22,Cash
937,1457,3,2025-07-08,UPI
938,2691,5,2024-01-10,UPI
939,4009,8,2024-07-08,Cash
940,2245,3,2023-01-03,UPI
941,1071,7,2023-07-24,Credit Card
942,455,5,2023-10-14,Cash
943,3398,14,2025-08-25,UPI
944,2213,12,2025-05-23,Credit Card
945,651,10,2024-08-02,Cash
946,3473,10,2023-01-22,UPI
947,1082,10,2024-09-07,Debit Card
948,2617,4,2023-05-21,Credit Card
949,1589,2,2025-02-01,Cash
950,4685,6,2025-04-07,Credit Card
951,1191,4,2025-09-13,UPI
952,2185,4,2025-12-23,UPI
953,4812,5,2025-12-26,UPI
954,1657,14,2023-02-15,Debit Card
955,3296,9,2024-04-14,UPI
956,1650,15,2023-01-08,Debit Card
957,568,1,2025-02-28,UPI
958,3204,5,2024-08-05,UPI
959,4602,5,2024-06-17,Credit Card
960,2357,13,2025-07-29,UPI
961,3201,2,2023-06-13,Debit Card
962,3123,15,2023-12-13,UPI
963,2166,15,2024-02-18,UPI
964,3145,3,2024-08-15,UPI
965,1346,13,2023-11-13,Debit Card
966,1979,4,2025-12-02,Net Banking
967,2305,1,2023-12-07,Debit Card
968,4362,10,2025-06-16,Credit Card
969,1824,14,2023-09-13,UPI
970,3252,3,2025-05-15,UPI
971,1111,1,2025-02-09,UPI
972,1308,1,2025-08-30,UPI
973,3318,9,2023-12-15,UPI
974,3900,4,2025-07-25,UPI
975,2403,4,2025-12-18,UPI
976,1741,4,2025-01-12,UPI
977,4576,11,2023-11-23,UPI
978,708,15,2024-11-19,UPI
979,3684,9,2023-04-14,Net Banking
980,3539,13,2023-11-05,Net Banking
981,3539,11,2025-04-11,Credit Card
982,4701,12,2024-01-10,Cash
983,3715,8,2024-11-14,Debit Card
984,1560,4,2023-12-17,Credit Card
985,1850,12,2025-05-04,UPI
986,2052,15,2023-03-29,UPI
987,161,6,2024-08-15,UPI
988,4585,2,2023-11-03,UPI
989,389,6,2023-07-17,UPI
990,3589,1,2024-12-27,UPI
991,3726,5,2023-04-13,Credit Card
992,4260,8,2023-08-25,Credit Card
993,2843,1,2025-12-19,UPI
994,3702,11,2023-09-28,Debit Card
995,1569,2,2024-05-23,Credit Card
996,3808,3,2023-04-25,UPI
997,1790,7,2024-01-13,Debit Card
998,4550,15,2023-08-28,Net Banking
999,849,12,2024-10-02,Cash
1000,1643,8,2024-12-07,Credit Card
1001,2568,4,2025-09-20,UPI
1002,3954,13,2025-04-03,UPI
1003,3829,8,2025-04-03,Debit Card
1004,1097,1,2025-09-16,UPI
1005,755,3,2024-07-01,Debit Card
1006,1576,14,2024-07-22,Debit Card
1007,2507,4,2025-06-15,Cash
1008,2774,5,2023-01-21,Credit Card
1009,2232,13,2023-10-20,Cash
1010,3398,11,2024-09-01,Debit Card
1011,2231,9,2024-06-26,UPI
1012,4745,2,2023-03-13,UPI
1013,1350,15,2023-03-08,UPI
1014,3203,13,2025-05-31,Cash
1015,3135,7,2025-05-29,Credit Card
1016,1460,3,2025-05-14,Debit Card
1017,2150,12,2024-09-09,Cash
1018,1915,10,2025-04-02,Debit Card
1019,900,2,2025-08-11,Cash
1020,2480,9,2024-09-24,UPI
1021,2028,3,2025-08-12,Cash
1022,925,8,2024-07-28,Cash
1023,2349,1,2023-01-31,Cash
1024,2199,5,2024-08-01,Debit Card
1025,687,5,2025-08-17,UPI
1026,685,6,2025-12-08,UPI
1027,3311,7,2025-07-23,UPI
1028,3617,3,2025-02-12,Credit Card
1029,4724,12,2025-12-06,Credit Card
1030,448,14,2024-03-06,Debit Card
1031,605,14,2025-03-04,Credit Card
1032,271,13,2025-05-29,UPI
1033,2733,5,2024-09-06,UPI
1034,3186,12,2024-09-20,UPI
1035,2109,8,2024-01-19,UPI
1036,4055,6,2025-05-15,Debit Card
1037,3523,2,2025-12-05,UPI
1038,4925,7,2024-03-23,UPI
1039,725,3,2025-01-08,Debit Card
1040,305,15,2025-10-21,Net Banking
1041,1423,10,2024-01-06,UPI
1042,94,9,2025-04-09,Net Banking
1043,4690,4,2025-10-02,Net Banking
1044,1575,11,2024-12-03,Credit Card
1045,2837,4,2024-06-21,UPI
1046,1656,4,2023-10-08,UPI
1047,1273,10,2024-08-27,Cash
1048,798,10,2024-12-07,Debit Card
1049,1662,8,2023-01-04,Debit Card
1050,3145,1,2023-12-01,Cash
1051,4856,3,2024-06-22,Credit Card
1052,2872,8,2023-04-16,UPI
1053,2736,12,2024-08-14,Debit Card
1054,184,7,2023-03-03,UPI
1055,4236,6,2024-12-14,UPI
1056,235,7,2023-10-20,Credit Card
1057,4562,1,2024-10-31,Cash
1058,2772,8,2023-03-21,Debit Card
1059,877,4,2025-02-16,UPI
1060,2357,15,2025-06-06,UPI
1061,4975,1,2025-05-05,Credit Card
1062,1584,4,2023-10-12,Debit Card
1063,1394,2,2024-11-23,Debit Card
1064,606,5,2025-04-17,UPI
1065,3063,1,2025-02-12,UPI
1066,460,1,2023-12-06,Net Banking
1067,3916,5,2025-09-25,Credit Card
1068,4618,2,2024-01-19,UPI
1069,4686,9,2023-11-29,Debit Card
1070,552,10,2024-03-13,Credit Card
1071,2873,15,2023-08-30,UPI
1072,503,7,2024-06-21,Credit Card
1073,2939,15,2023-04-01,UPI
1074,4118,15,2024-07-19,UPI
1075,2764,14,2024-10-30,Credit Card
1076,4402,4,2025-08-30,Credit Card
1077,4068,14,2023-05-01,Debit Card
1078,1433,7,2024-09-07,Credit Card
1079,3216,8,2025-06-03,Credit Card
1080,30,8,2024-12-30,Net Banking
1081,2071,8,2023-03-09,Cash
1082,1236,12,2025-10-09,UPI
1083,4708,5,2024-08-02,UPI
1084,2119,7,2023-12-07,Debit Card
1085,3349,11,2023-06-24,Credit Card
1086,3737,7,2025-08-19,Credit Card
1087,3944,2,2024-03-10,UPI
1088,3754,15,2023-11-17,UPI
1089,1500,3,2025-07-27,Debit Card
1090,3523,11,2023-12-13,Debit Card
1091,2824,2,2025-12-02,UPI
1092,3063,15,2024-01-01,Credit Card
1093,3,3,2023-09-08,Credit Card
1094,1339,9,2025-04-17,Credit Card
1095,4678,7,2023-05-15,Credit Card
1096,1504,4,2023-07-25,Credit Card
1097,2278,14,2023-04-21,Cash
1098,974,8,2025-07-28,Credit Card
1099,727,13,2024-06-13,Credit Card
1100,1088,7,2025-08-02,Debit Card
1101,2845,10,2024-10-08,Net Banking
1102,4616,13,2025-10-31,Debit Card
1103,1687,6,2023-10-17,UPI
1104,1671,4,2024-03-31,Credit Card
1105,2904,5,2023-09-07,Debit Card
1106,1869,10,2024-06-13,UPI
1107,4577,8,2023-07-23,UPI
1108,1978,13,2023-10-20,UPI
1109,2528,3,2023-08-24,UPI
1110,2741,11,2024-08-07,UPI
1111,3976,12,2024-03-16,Net Banking
1112,2902,15,2025-02-08,UPI
1113,1241,3,2025-05-17,UPI
1114,643,5,2024-05-20,Cash
1115,4712,9,2024-01-03,Debit Card
1116,4068,5,2023-11-17,Debit Card
1117,118,1,2025-04-23,Credit Card
1118,4144,5,2023-08-19,UPI
1119,3030,9,2024-12-08,Cash
1120,2665,7,2025-06-12,Cash
1121,56,9,2023-08-11,Credit Card
1122,3970,10,2024-02-06,Debit Card
1123,1038,10,2024-09-26,Credit Card
1124,3713,14,2023-10-17,UPI
1125,78,5,2024-09-26,Credit Card
1126,4048,3,2024-04-18,Debit Card
1127,118,2,2023-04-21,UPI
1128,1225,9,2024-08-09,Credit Card
1129,1391,5,2025-04-03,Debit Card
1130,821,11,2025-09-30,Credit Card
1131,2494,13,2025-09-29,UPI
1132,1473,1,2023-03-17,Cash
1133,4967,2,2023-05-25,Debit Card
1134,2978,2,2023-04-14,Debit Card
1135,2916,12,2025-08-22,Debit Card
1136,1152,4,2025-05-05,UPI
1137,2134,14,2024-12-31,Credit Card
1138,643,6,2025-12-25,UPI
1139,3901,8,2023-10-06,Cash
1140,1718,14,2025-04-10,Credit Card
1141,3842,13,2024-10-19,Debit Card
1142,1945,13,2025-03-06,Debit Card
1143,4946,3,2025-08-15,Credit Card
1144,892,14,2025-08-01,Cash
1145,4,10,2023-01-01,Debit Card
1146,3054,14,2023-11-07,UPI
1147,4777,10,2025-02-10,UPI
1148,3309,6,2024-03-24,Cash
1149,443,4,2025-05-02,Net Banking
1150,2784,8,2025-06-21,Credit Card
1151,4571,9,2023-04-10,Credit Card
1152,24,9,2025-07-01,Debit Card
1153,867,14,2024-04-10,Credit Card
1154,4118,12,2025-08-12,Cash
1155,4507,13,2025-03-07,Cash
1156,3619,6,2024-03-15,Credit Card
1157,4958,15,2023-06-11,Cash
1158,463,14,2025-02-03,UPI
1159,2811,15,2024-03-01,UPI
1160,3514,15,2024-12-19,UPI
1161,3601,2,2023-08-13,Cash
1162,4033,2,2024-11-19,Net Banking
1163,4613,14,2024-06-09,Credit Card
1164,1894,10,2025-08-29,Debit Card
1165,226,9,2025-01-24,Credit Card
1166,1897,5,2023-07-27,Credit Card
1167,3450,7,2025-04-01,UPI
1168,1111,6,2024-03-19,Debit Card
1169,4100,9,2024-09-05,UPI
1170,1144,5,2024-08-29,UPI
1171,46,8,2025-08-27,Cash
1172,2612,4,2025-08-04,Cash
1173,3707,13,2025-01-14,Cash
1174,1833,7,2025-01-02,Cash
1175,3830,9,2024-12-25,Debit Card
1176,2280,2,2023-07-31,Cash
1177,897,9,2025-03-28,UPI
1178,467,12,2024-04-02,Cash
1179,3634,8,2023-03-07,Cash
1180,2024,10,2025-02-09,Debit Card
1181,4583,1,2024-04-21,Credit Card
1182,2783,10,2025-09-11,UPI
1183,1824,7,2023-11-20,Cash
1184,1828,12,2025-05-24,Credit Card
1185,688,5,2024-10-09,Debit Card
1186,3047,5,2025-02-24,Debit Card
1187,2988,7,2024-05-22,Cash
1188,4062,15,2025-11-10,UPI
1189,1059,11,2023-11-24,UPI
1190,1507,10,2024-02-10,UPI
1191,504,14,2023-10-04,Credit Card
1192,1527,4,2023-01-18,Credit Card
1193,2231,1,2023-02-02,Credit Card
1194,4835,6,2023-01-05,UPI
1195,3344,1,2023-06-26,Cash
1196,3981,11,2023-05-19,UPI
1197,1683,1,2023-07-08,Cash
1198,757,15,2023-10-11,Cash
1199,1331,12,2025-06-24,UPI
1200,1328,8,2024-01-05,UPI
1201,2992,4,2025-12-25,Debit Card
1202,1778,15,2023-12-14,UPI
1203,4335,5,2023-01-04,Credit Card
1204,4943,10,2025-11-01,UPI
1205,1788,10,2024-11-28,Credit Card
1206,3609,1,2025-03-14,Credit Card
1207,3365,10,2025-04-03,Credit Card
1208,1013,7,2023-11-01,UPI
1209,4614,11,2025-03-03,UPI
1210,1049,2,2024-05-20,Cash
1211,3762,6,2024-10-05,UPI
1212,1820,15,2023-01-19,UPI
1213,1922,9,2023-06-19,Credit Card
1214,2370,2,2023-09-04,Cash
1215,4366,6,2025-03-24,UPI
1216,734,12,2025-10-24,Credit Card
1217,285,12,2023-11-24,Credit Card
1218,2103,5,2023-09-24,UPI
1219,291,15,2023-07-15,Cash
1220,3528,13,2024-07-30,Debit Card
1221,3887,13,2025-10-14,UPI
1222,4322,13,2024-09-06,UPI
1223,3805,2,2023-12-31,UPI
1224,4605,15,2025-08-20,Net Banking
1225,3827,15,2025-01-04,Credit Card
1226,4703,14,2024-11-10,Net Banking
1227,1007,9,2025-07-23,Credit Card
1228,2575,2,2024-03-07,UPI
1229,4971,1,2024-05-15,UPI
1230,3500,9,2025-12-20,Credit Card
1231,4428,9,2024-11-11,UPI
1232,159,9,2023-09-02,UPI
1233,4401,8,2025-12-26,UPI
1234,3578,4,2023-03-29,Credit Card
1235,891,14,2023-02-02,UPI
1236,137,9,2023-06-19,Net Banking
1237,1349,2,2025-05-25,Credit Card
1238,4600,1,2025-08-27,UPI
1239,3426,12,2023-01-07,Credit Card
1240,4619,10,2023-05-20,Debit Card
1241,2332,7,2025-08-26,Credit Card
1242,4704,6,2025-05-17,UPI
1243,2408,3,2024-03-31,UPI
1244,1072,2,2024-08-24,Credit Card
1245,793,8,2023-11-18,UPI
1246,4970,15,2023-02-14,UPI
1247,1736,4,2025-08-29,UPI
1248,835,6,2024-07-25,Debit Card
1249,35,4,2024-10-16,Debit Card
1250,1479,13,2024-05-21,UPI
1251,4489,11,2023-02-23,UPI
1252,2745,9,2024-10-20,UPI
1253,3232,15,2023-06-09,Credit Card
1254,4631,12,2024-03-09,Debit Card
1255,2630,13,2025-01-20,Credit Card
1256,4226,5,2024-04-04,UPI
1257,1676,6,2024-06-06,Cash
1258,4890,9,2025-08-03,Credit Card
1259,410,15,2025-05-13,Credit Card
1260,3698,15,2025-08-17,Credit Card
1261,3382,15,2024-11-10,UPI
1262,1002,6,2024-04-24,Debit Card
1263,2040,2,2024-05-25,UPI
1264,1624,11,2023-07-27,UPI
1265,488,1,2023-06-18,UPI
1266,3000,14,2023-09-05,Credit Card
1267,4969,9,2025-11-26,Net Banking
1268,2881,2,2023-10-24,Credit Card
1269,2810,2,2024-07-13,Net Banking
1270,207,4,2024-02-13,Debit Card
1271,728,10,2023-10-18,Cash
1272,2633,10,2025-08-10,UPI
1273,4923,3,2025-04-02,UPI
1274,4422,14,2025-10-08,Credit Card
1275,1770,14,2024-12-10,Net Banking
1276,2798,7,2023-02-23,Debit Card
1277,2838,7,2024-02-16,Debit Card
1278,3517,3,2025-05-26,Credit Card
1279,3529,3,2024-08-02,Cash
1280,4010,9,2025-11-16,Debit Card
1281,133,7,2023-03-14,Debit Card
1282,4734,3,2025-06-24,UPI
1283,370,3,2023-03-31,Net Banking
1284,2474,13,2023-08-09,UPI
1285,4619,3,2025-06-05,Credit Card
1286,2521,9,2025-01-20,UPI
1287,333,14,2023-06-16,UPI
1288,1193,8,2023-09-19,UPI
1289,2971,13,2024-04-04,UPI
1290,454,7,2024-08-23,Debit Card
1291,2214,8,2025-10-04,Net Banking
1292,1705,1,2025-06-26,Cash
1293,4118,9,2025-11-11,UPI
1294,567,5,2025-06-29,UPI
1295,3505,13,2025-03-09,Debit Card
1296,2120,5,2023-03-01,UPI
1297,3017,5,2023-06-16,Cash
1298,1078,9,2023-10-13,Cash
1299,3129,5,2023-06-29,Cash
1300,3469,2,2025-04-28,Credit Card
1301,370,6,2024-07-31,Net Banking
1302,4158,7,2023-11-12,Credit Card
1303,4348,11,2023-06-01,Net Banking
1304,332,15,2023-11-30,Cash
1305,3096,7,2025-09-10,UPI
1306,3048,7,2024-08-08,Cash
1307,56,11,2023-04-22,UPI
1308,1783,14,2025-12-29,Debit Card
1309,4845,2,2024-02-28,UPI
1310,2858,6,2023-12-19,UPI
1311,4693,9,2025-07-05,Debit Card
1312,3478,1,2025-05-11,Net Banking
1313,151,3,2024-08-09,UPI
1314,407,12,2023-08-31,Credit Card
1315,3687,6,2023-02-18,Credit Card
1316,2852,7,2024-01-06,Net Banking
1317,664,2,2023-09-25,Credit Card
1318,3140,10,2025-08-23,Net Banking
1319,4102,8,2024-09-08,Net Banking
1320,3845,11,2025-03-08,Net Banking
1321,1274,15,2025-03-26,Debit Card
1322,1339,13,2023-08-24,UPI
1323,4841,6,2023-11-15,Debit Card
1324,4480,12,2025-08-07,Debit Card
1325,1657,9,2025-07-03,Net Banking
1326,4157,9,2025-11-13,Debit Card
1327,841,9,2023-09-21,Credit Card
1328,1031,9,2025-06-16,UPI
1329,942,2,2025-03-22,Credit Card
1330,453,10,2024-12-22,Debit Card
1331,4322,13,2023-05-13,UPI
1332,2971,10,2023-07-18,Credit Card
1333,1344,13,2025-05-26,UPI
1334,4285,7,2025-08-18,Cash
1335,4071,5,2025-01-16,UPI
1336,522,15,2023-01-21,Credit Card
1337,3294,9,2023-07-26,Credit Card
1338,3685,1,2025-10-09,Net Banking
1339,3657,10,2023-08-26,Net Banking
1340,3688,7,2023-09-10,Debit Card
1341,884,10,2025-09-01,Credit Card
1342,1637,5,2024-05-23,UPI
1343,4264,11,2024-10-01,UPI
1344,4531,9,2024-03-07,UPI
1345,1452,7,2024-03-19,Cash
1346,118,4,2024-02-23,Debit Card
1347,4338,11,2025-03-10,Cash
1348,1975,8,2024-05-27,Cash
1349,1708,9,2023-07-20,UPI
1350,1815,9,2025-03-26,UPI
1351,2168,10,2023-07-12,Debit Card
1352,1982,4,2023-12-22,Cash
1353,2916,6,2023-01-28,Cash
1354,411,4,2023-02-28,Credit Card
1355,4856,1,2025-01-09,Net Banking
1356,4703,6,2025-12-26,UPI
1357,4696,8,2024-04-01,UPI
1358,4432,6,2024-08-25,UPI
1359,3381,13,2023-09-11,UPI
1360,1153,12,2024-11-02,UPI
1361,257,3,2025-11-29,UPI
1362,516,13,2023-12-01,UPI
1363,1676,8,2024-09-13,UPI
1364,2594,10,2025-07-28,UPI
1365,4967,9,2024-11-24,UPI
1366,2260,1,2024-11-24,Cash
1367,2694,11,2023-04-07,UPI
1368,3563,11,2024-05-06,Debit Card
1369,939,6,2024-09-13,UPI
1370,4691,10,2023-03-15,Credit Card
1371,2717,8,2023-04-16,Debit Card
1372,1432,2,2023-08-05,Debit Card
1373,4701,14,2024-01-01,Debit Card
1374,3199,14,2023-04-15,UPI
1375,2507,4,2023-05-08,Cash
1376,2978,13,2024-05-29,Net Banking
1377,3827,1,2023-12-13,UPI
1378,804,4,2023-04-17,Cash
1379,4368,2,2025-04-18,Credit Card
1380,4812,3,2024-07-31,Debit Card
1381,2918,4,2025-08-13,Credit Card
1382,3504,3,2024-09-26,Cash
1383,4338,6,2025-04-13,UPI
1384,1962,13,2023-09-24,UPI
1385,4967,7,2024-08-06,UPI
1386,3493,11,2025-10-17,Net Banking
1387,2216,15,2023-06-01,UPI
1388,3486,7,2023-05-07,Credit Card
1389,2681,1,2024-07-24,Debit Card
1390,573,5,2025-10-03,Credit Card
1391,4046,3,2024-10-24,Credit Card
1392,2905,12,2023-06-11,UPI
1393,4046,1,2023-09-27,UPI
1394,805,1,2024-07-12,UPI
1395,2769,2,2025-05-15,UPI
1396,3918,10,2025-12-28,Credit Card
1397,4941,8,2024-05-12,UPI
1398,4460,4,2025-03-20,UPI
1399,4365,14,2024-10-25,UPI
1400,1281,10,2025-12-09,Debit Card
1401,4226,3,2023-03-18,UPI
1402,883,14,2023-09-09,UPI
1403,1038,8,2023-03-20,Cash
1404,567,2,2023-04-23,UPI
1405,4336,9,2023-08-28,UPI
1406,554,4,2024-04-14,Credit Card
1407,727,11,2025-09-05,Credit Card
1408,1273,9,2025-10-22,Net Banking
1409,2942,1,2023-11-15,Net Banking
1410,4438,5,2023-07-06,Debit Card
1411,2179,10,2025-02-12,UPI
1412,2815,7,2023-12-09,Credit Card
1413,866,14,2023-05-29,UPI
1414,1374,11,2025-06-07,Cash
1415,697,4,2023-07-23,Debit Card
1416,2141,12,2023-03-24,Credit Card
1417,3028,12,2024-11-10,Credit Card
1418,1474,5,2024-06-28,Credit Card
1419,4273,11,2025-08-21,Credit Card
1420,4904,9,2024-07-01,UPI
1421,622,6,2024-11-06,Debit Card
1422,89,13,2025-09-25,Net Banking
1423,4010,14,2025-01-31,UPI
1424,993,6,2024-07-16,Net Banking
1425,1848,2,2025-09-21,Cash
1426,2062,1,2024-03-18,Cash
1427,4606,4,2024-02-13,Cash
1428,3373,10,2025-02-14,Net Banking
1429,210,3,2024-09-12,UPI
1430,70,11,2023-02-20,Credit Card
1431,1051,7,2025-02-15,Credit Card
1432,1656,7,2024-08-08,UPI
1433,2512,6,2025-06-01,Net Banking
1434,4226,15,2024-11-25,Debit Card
1435,1637,5,2023-03-08,Credit Card
1436,1974,3,2024-07-04,Net Banking
1437,1707,15,2024-02-10,UPI
1438,41,4,2023-06-20,UPI
1439,4788,13,2024-10-27,UPI
1440,728,5,2023-03-01,UPI
1441,1491,4,2023-05-11,UPI
1442,675,3,2025-07-08,Debit Card
1443,2528,2,2025-08-11,UPI
1444,4688,5,2023-04-30,Net Banking
1445,520,2,2023-12-03,Cash
1446,2298,2,2024-08-11,UPI
1447,113,15,2023-06-18,Cash
1448,3935,2,2024-06-17,UPI
1449,3283,14,2024-08-20,UPI
1450,3589,2,2023-01-23,Cash
1451,2453,8,2025-09-02,Cash
1452,4565,12,2023-10-01,Net Banking
1453,2138,7,2024-08-21,Credit Card
1454,2638,9,2025-02-04,Credit Card
1455,3564,3,2024-07-19,Debit Card
1456,2677,1,2023-01-25,Debit Card
1457,988,6,2023-12-01,Credit Card
1458,1652,9,2024-05-11,UPI
1459,477,13,2023-02-22,UPI
1460,2247,1,2025-10-27,Cash
1461,3127,1,2023-09-25,UPI
1462,609,4,2024-10-28,UPI
1463,3218,10,2023-08-08,Net Banking
1464,4503,1,2023-09-15,Cash
1465,1759,9,2023-08-01,Net Banking
1466,1157,6,2025-02-13,UPI
1467,4505,5,2025-09-10,Credit Card
1468,3546,11,2025-10-24,Cash
1469,543,5,2025-12-03,Credit Card
1470,2131,11,2025-01-25,UPI
1471,3469,11,2023-01-06,UPI
1472,2950,11,2025-11-22,Credit Card
1473,3164,12,2024-06-29,Credit Card
1474,2919,12,2023-04-20,Debit Card
1475,4056,2,2024-09-20,Cash
1476,1662,3,2023-05-31,UPI
1477,3626,12,2023-05-08,Debit Card
1478,4954,7,2023-05-06,Cash
1479,2048,4,2024-05-12,Credit Card
1480,4019,14,2023-11-14,UPI
1481,1273,6,2025-11-04,Credit Card
1482,1461,8,2023-03-12,UPI
1483,4698,15,2025-07-27,Credit Card
1484,139,14,2023-08-05,UPI
1485,1133,1,2023-01-15,Credit Card
1486,2504,15,2023-08-19,Cash
1487,2103,11,2023-11-18,Cash
1488,3211,13,2025-06-13,Net Banking
1489,1004,6,2025-04-07,Credit Card
1490,372,1,2024-07-30,UPI
1491,1938,12,2025-01-05,Cash
1492,2691,12,2025-08-21,Credit Card
1493,2890,12,2025-07-09,Debit Card
1494,3087,8,2023-07-24,UPI
1495,2824,4,2023-01-27,UPI
1496,1273,5,2025-09-10,UPI
1497,3912,10,2023-04-15,Credit Card
1498,453,2,2023-08-20,Net Banking
1499,1040,3,2023-02-05,Debit Card
1500,3779,7,2025-11-09,Credit Card
1501,1454,7,2023-07-05,Debit Card
1502,2542,14,2025-02-24,UPI
1503,1693,12,2024-03-23,UPI
1504,2605,11,2025-08-12,Cash
1505,1815,8,2024-04-15,Net Banking
1506,4972,13,2025-05-07,Credit Card
1507,1872,3,2023-03-27,UPI
1508,3203,2,2025-06-25,UPI
1509,4484,2,2024-11-18,Cash
1510,3265,15,2023-11-21,UPI
1511,2914,6,2023-12-23,Debit Card
1512,2927,2,2024-08-01,Debit Card
1513,2555,11,2024-09-17,Debit Card
1514,4095,15,2025-03-08,UPI
1515,261,4,2024-12-04,UPI
1516,4468,9,2025-03-14,UPI
1517,3008,10,2023-07-11,Debit Card
1518,4287,3,2023-04-12,Debit Card
1519,48,1,2023-10-09,Cash
1520,4390,2,2024-03-23,Credit Card
1521,622,10,2024-11-29,Credit Card
1522,3684,13,2023-01-25,Cash
1523,2170,10,2025-12-30,Credit Card
1524,3497,7,2024-09-13,Net Banking
1525,3209,9,2023-09-12,Debit Card
1526,849,9,2024-08-20,Debit Card
1527,2642,4,2024-09-28,Cash
1528,1439,15,2025-09-11,Debit Card
1529,2881,8,2023-03-16,UPI
1530,3770,1,2024-07-23,UPI
1531,416,11,2025-06-14,Debit Card
1532,2648,11,2023-07-15,Credit Card
1533,3155,14,2025-04-13,Cash
1534,1527,6,2025-11-01,UPI
1535,4777,14,2024-12-07,UPI
1536,2673,8,2023-11-03,UPI
1537,953,2,2023-11-23,Net Banking
1538,552,8,2025-08-03,UPI
1539,2790,4,2024-05-03,Net Banking
1540,1967,2,2024-10-19,Debit Card
1541,1004,4,2023-01-31,UPI
1542,161,8,2025-12-11,UPI
1543,2917,15,2024-05-08,UPI
1544,3073,13,2023-11-12,UPI
1545,744,4,2024-03-05,Net Banking
1546,3088,13,2023-09-10,Debit Card
1547,4775,14,2023-05-18,UPI
1548,4895,15,2023-07-07,Credit Card
1549,4486,15,2025-04-05,Cash
1550,4093,8,2023-06-13,Credit Card
1551,1090,7,2025-01-28,Debit Card
1552,813,5,2023-06-22,Debit Card
1553,2324,8,2024-07-23,UPI
1554,3171,15,2024-12-26,Cash
1555,4301,2,2025-01-20,Credit Card
1556,1208,3,2025-03-27,UPI
1557,2490,4,2023-10-28,Cash
1558,3311,10,2023-11-27,Credit Card
1559,2330,5,2025-12-01,UPI
1560,2364,5,2024-03-08,UPI
1561,1172,15,2025-12-09,Credit Card
1562,4931,1,2024-04-11,UPI
1563,2469,1,2024-08-04,UPI
1564,2737,12,2023-06-28,Credit Card
1565,1137,11,2025-12-10,UPI
1566,2638,1,2025-02-24,UPI
1567,1321,14,2024-07-28,Cash
1568,1064,15,2025-12-04,UPI
1569,1429,14,2025-05-02,Debit Card
1570,9,5,2023-05-04,UPI
1571,2931,15,2025-04-24,UPI
1572,2034,2,2025-01-10,UPI
1573,4531,3,2024-05-14,Credit Card
1574,211,8,2023-01-29,UPI
1575,226,12,2023-12-30,UPI
1576,4470,10,2025-10-30,Debit Card
1577,660,8,2024-01-05,UPI
1578,7,12,2024-12-11,Credit Card
1579,931,10,2024-05-30,Credit Card
1580,4156,15,2024-07-23,Cash
1581,4072,2,2025-06-08,Debit Card
1582,1770,8,2024-06-25,Credit Card
1583,3425,11,2023-09-23,Credit Card
1584,2606,12,2025-06-26,Credit Card
1585,4558,9,2023-05-06,UPI
1586,297,10,2023-09-09,Debit Card
1587,4115,14,2023-05-31,Debit Card
1588,888,10,2025-07-31,Credit Card
1589,2054,6,2025-01-11,UPI
1590,1002,1,2024-08-24,UPI
1591,3601,11,2025-04-20,UPI
1592,3486,11,2023-12-10,Debit Card
1593,2820,3,2023-03-24,Credit Card
1594,3580,5,2024-04-03,Net Banking
1595,3274,13,2024-12-03,Net Banking
1596,3955,3,2024-07-16,Cash
1597,1242,3,2024-06-20,Credit Card
1598,2231,9,2024-10-20,UPI
1599,794,5,2023-12-29,UPI
1600,2235,14,2024-06-07,UPI
1601,3601,15,2025-06-30,Net Banking
1602,3545,8,2025-12-01,Credit Card
1603,3631,7,2024-05-15,UPI
1604,1598,4,2024-11-16,UPI
1605,3391,3,2023-11-19,Credit Card
1606,1926,3,2023-04-14,Credit Card
1607,4737,11,2025-05-20,Credit Card
1608,1789,2,2025-11-04,Cash
1609,3094,5,2025-01-16,Debit Card
1610,3836,12,2025-05-04,UPI
1611,4562,2,2024-02-15,UPI
1612,2277,2,2025-03-11,Credit Card
1613,1888,15,2023-08-16,Credit Card
1614,2238,12,2024-10-16,UPI
1615,1674,12,2023-04-14,Debit Card
1616,3349,12,2023-12-03,Debit Card
1617,4691,4,2024-01-05,Net Banking
1618,657,6,2024-09-24,Credit Card
1619,2882,12,2025-10-25,Cash
1620,4526,6,2025-11-26,Net Banking
1621,520,8,2025-11-13,Credit Card
1622,2543,11,2025-01-29,UPI
1623,4371,6,2023-07-28,UPI
1624,4544,6,2025-07-11,Credit Card
1625,2639,4,2025-07-10,Cash
1626,132,12,2023-06-14,Debit Card
1627,544,5,2025-08-27,UPI
1628,3010,11,2025-08-07,Debit Card
1629,642,7,2023-10-13,Cash
1630,783,10,2024-06-19,UPI
1631,3939,11,2025-10-25,UPI
1632,3838,9,2025-06-05,UPI
1633,4253,4,2023-11-06,Cash
1634,544,10,2024-05-31,Cash
1635,1038,1,2023-09-09,Credit Card
1636,4204,6,2024-11-25,Cash
1637,3684,2,2024-08-20,Debit Card
1638,4089,11,2024-09-25,Debit Card
1639,4950,7,2024-12-16,Credit Card
1640,4366,6,2024-03-14,UPI
1641,2676,9,2023-04-06,Net Banking
1642,1609,6,2023-07-29,UPI
1643,2929,14,2023-05-08,Cash
1644,3271,6,2024-12-10,Cash
1645,1744,4,2023-09-09,Net Banking
1646,3935,12,2024-01-16,UPI
1647,480,9,2023-08-06,Net Banking
1648,3964,3,2025-12-26,UPI
1649,164,15,2023-03-15,Credit Card
1650,2566,1,2025-05-21,Debit Card
1651,4350,11,2023-10-26,UPI
1652,448,10,2024-08-12,UPI
1653,2656,8,2025-01-10,Debit Card
1654,833,8,2024-02-08,Net Banking
1655,4513,15,2023-08-12,Debit Card
1656,4201,11,2025-05-15,Cash
1657,4695,1,2025-03-16,UPI
1658,4415,9,2023-11-13,Credit Card
1659,3760,2,2023-06-16,Cash
1660,965,6,2023-11-13,Debit Card
1661,1566,15,2024-05-05,Debit Card
1662,2556,9,2023-09-09,UPI
1663,3022,13,2023-01-09,Cash
1664,3977,6,2023-01-25,Cash
1665,1183,7,2023-09-17,Debit Card
1666,670,15,2024-06-03,Credit Card
1667,2504,9,2025-05-08,Cash
1668,822,5,2023-02-15,Credit Card
1669,3552,1,2023-02-08,Cash
1670,2957,9,2023-07-22,Credit Card
1671,3790,10,2025-02-07,Credit Card
1672,331,14,2023-03-03,Debit Card
1673,4839,13,2023-08-01,UPI
1674,1,7,2023-04-02,UPI
1675,1682,8,2025-10-11,Debit Card
1676,3490,2,2024-06-05,Net Banking
1677,236,5,2025-01-15,Credit Card
1678,430,13,2024-02-18,Cash
1679,400,8,2023-05-30,Credit Card
1680,2983,7,2025-06-24,Net Banking
1681,4517,7,2025-08-26,Cash
1682,2858,4,2025-06-11,Cash
1683,3097,13,2025-06-11,Debit Card
1684,1813,2,2024-12-02,Cash
1685,93,10,2023-02-05,Credit Card
1686,109,3,2023-10-01,Credit Card
1687,4484,14,2023-05-03,Cash
1688,525,14,2024-03-26,UPI
1689,5000,14,2023-11-14,Credit Card
1690,856,9,2024-03-17,Cash
1691,3473,4,2025-03-26,UPI
1692,4758,1,2025-03-24,Net Banking
1693,1896,10,2025-09-10,Debit Card
1694,3747,4,2025-05-24,Debit Card
1695,1839,13,2024-10-26,Debit Card
1696,1582,15,2024-06-05,Credit Card
1697,1063,8,2024-08-25,Credit Card
1698,4141,14,2025-05-23,Cash
1699,1333,8,2025-10-05,UPI
1700,1469,10,2023-05-05,Credit Card
1701,4998,15,2024-07-12,UPI
1702,1694,10,2025-04-12,Net Banking
1703,2209,2,2023-02-13,UPI
1704,4951,10,2024-10-19,UPI
1705,1938,4,2023-09-30,Net Banking
1706,1918,7,2023-10-26,Credit Card
1707,4179,8,2025-05-30,UPI
1708,1615,1,2024-10-05,Credit Card
1709,1213,8,2024-10-01,UPI
1710,2211,1,2023-06-30,Cash
1711,3594,6,2024-12-28,Debit Card
1712,227,5,2023-08-15,UPI
1713,1959,10,2025-01-14,Credit Card
1714,1813,15,2023-09-11,UPI
1715,1270,7,2024-08-10,Debit Card
1716,3352,6,2024-12-12,Debit Card
1717,1504,10,2025-04-05,Credit Card
1718,3112,14,2024-12-16,Net Banking
1719,2596,1,2025-04-22,Net Banking
1720,1133,15,2023-03-11,UPI
1721,1378,6,2025-05-30,UPI
1722,888,13,2025-11-17,Debit Card
1723,297,14,2023-08-30,Credit Card
1724,3168,3,2023-06-14,UPI
1725,3461,12,2025-09-10,Cash
1726,864,15,2023-06-09,Net Banking
1727,3145,15,2023-07-18,Net Banking
1728,4908,6,2023-10-13,Credit Card
1729,392,7,2023-05-21,Debit Card
1730,2527,6,2024-05-31,UPI
1731,3739,9,2025-08-28,Net Banking
1732,240,12,2024-09-09,UPI
1733,3959,9,2024-09-28,UPI
1734,4897,8,2025-12-02,UPI
1735,456,5,2023-02-05,Credit Card
1736,4149,10,2023-05-29,Net Banking
1737,1982,3,2024-03-09,UPI
1738,755,4,2023-04-30,UPI
1739,2541,11,2024-02-08,UPI
1740,378,10,2024-11-20,Debit Card
1741,2684,8,2023-09-11,Credit Card
1742,96,9,2025-02-12,UPI
1743,3718,13,2025-03-14,Credit Card
1744,2522,8,2023-09-01,UPI
1745,2393,10,2023-01-09,Cash
1746,1023,3,2024-11-22,UPI
1747,1891,7,2024-12-22,Credit Card
1748,948,11,2024-01-08,Credit Card
1749,3753,8,2023-03-15,Credit Card
1750,1047,3,2024-06-29,Debit Card
1751,3150,1,2024-06-29,Debit Card
1752,1453,7,2025-03-19,UPI
1753,3363,14,2023-02-06,UPI
1754,2784,3,2023-04-16,Debit Card
1755,2213,1,2025-12-26,UPI
1756,3464,7,2024-01-22,Cash
1757,2168,11,2024-09-25,Debit Card
1758,4143,12,2024-12-23,Net Banking
1759,3724,14,2025-01-18,Debit Card
1760,2784,15,2025-03-26,UPI
1761,4424,7,2025-12-07,UPI
1762,4183,4,2023-11-25,UPI
1763,2731,14,2024-10-10,Debit Card
1764,362,2,2023-11-04,UPI
1765,2915,10,2023-06-06,Debit Card
1766,1863,14,2023-11-06,Credit Card
1767,2782,5,2023-03-09,Debit Card
1768,3310,11,2023-07-20,Credit Card
1769,3298,11,2025-04-13,UPI
1770,3467,9,2023-11-18,UPI
1771,3489,6,2025-09-07,Cash
1772,560,15,2025-06-30,Net Banking
1773,1002,10,2023-10-20,UPI
1774,3218,14,2024-02-20,Net Banking
1775,2132,12,2024-02-12,Debit Card
1776,3903,9,2025-12-29,Net Banking
1777,649,12,2023-04-12,Credit Card
1778,1001,1,2023-08-11,UPI
1779,2876,2,2025-05-29,UPI
1780,2578,11,2025-10-21,Debit Card
1781,1377,6,2024-06-04,Cash
1782,2133,3,2023-02-16,UPI
1783,182,2,2024-10-04,Credit Card
1784,194,6,2023-03-28,UPI
1785,491,7,2024-02-13,Cash
1786,2962,4,2023-02-19,Credit Card
1787,4361,13,2025-01-23,Cash
1788,1350,13,2025-06-18,UPI
1789,176,10,2025-04-11,UPI
1790,3626,15,2024-08-05,Debit Card
1791,4325,9,2025-04-06,UPI
1792,727,11,2024-02-26,Cash
1793,2024,12,2024-07-24,Net Banking
1794,828,13,2025-03-30,UPI
1795,546,3,2025-08-04,UPI
1796,3316,2,2025-03-17,Net Banking
1797,4841,11,2025-11-10,UPI
1798,3486,14,2025-03-13,Credit Card
1799,4922,5,2025-01-29,Debit Card
1800,2256,15,2025-09-11,Credit Card
1801,4528,12,2024-05-16,UPI
1802,1076,9,2025-11-03,Credit Card
1803,606,1,2023-07-22,Debit Card
1804,3601,6,2024-02-20,UPI
1805,1943,8,2024-12-22,UPI
1806,1655,7,2025-06-30,UPI
1807,3447,6,2025-05-11,Debit Card
1808,1732,3,2024-02-24,Cash
1809,2941,9,2025-06-07,UPI
1810,1550,5,2023-03-21,UPI
1811,3984,15,2023-03-04,Credit Card
1812,1617,12,2025-11-03,Credit Card
1813,2750,1,2023-08-19,Debit Card
1814,119,9,2023-05-22,UPI
1815,4023,10,2025-12-09,Cash
1816,3173,9,2024-03-13,Credit Card
1817,1004,1,2024-02-28,Credit Card
1818,1120,13,2024-11-20,UPI
1819,1360,7,2023-11-08,UPI
1820,2962,9,2024-09-01,UPI
1821,2824,2,2024-06-23,Debit Card
1822,1421,10,2025-05-19,Debit Card
1823,3554,6,2025-07-09,Net Banking
1824,4488,10,2024-07-08,UPI
1825,228,1,2024-07-29,Debit Card
1826,2173,14,2025-05-27,Cash
1827,3045,3,2024-06-25,Debit Card
1828,3009,11,2025-07-23,UPI
1829,99,5,2024-06-01,Debit Card
1830,1096,7,2025-12-21,Credit Card
1831,323,11,2023-02-26,Credit Card
1832,2926,5,2023-12-18,Credit Card
1833,3303,8,2024-08-21,Credit Card
1834,834,5,2025-03-29,Debit Card
1835,1727,6,2025-09-27,UPI
1836,1710,2,2025-12-18,UPI
1837,4139,12,2024-04-21,UPI
1838,1013,5,2024-12-29,Credit Card
1839,2824,7,2024-10-10,UPI
1840,3981,1,2023-05-30,Cash
1841,4186,10,2025-02-27,Net Banking
1842,3418,9,2025-09-11,Debit Card
1843,1551,9,2024-07-12,Net Banking
1844,4152,8,2023-05-12,Debit Card
1845,3795,11,2024-10-10,Credit Card
1846,3606,9,2025-10-30,Credit Card
1847,355,14,2025-04-06,UPI
1848,227,5,2024-10-06,UPI
1849,3565,7,2024-05-14,UPI
1850,4739,1,2025-07-25,Credit Card
1851,3945,7,2025-11-28,UPI
1852,4194,9,2025-11-22,Net Banking
1853,2809,3,2023-03-11,UPI
1854,1581,9,2024-06-12,Cash
1855,3486,5,2025-11-08,Cash
1856,3639,13,2024-10-02,UPI
1857,3476,9,2024-11-01,Debit Card
1858,4747,13,2025-11-13,Cash
1859,1923,14,2024-06-12,Cash
1860,203,8,2024-11-25,Net Banking
1861,4566,14,2023-07-04,Net Banking
1862,835,13,2023-02-23,UPI
1863,3575,11,2023-10-21,UPI
1864,4410,7,2025-12-10,Credit Card
1865,1604,10,2024-07-13,Credit Card
1866,4188,6,2024-08-30,UPI
1867,1723,2,2025-02-23,UPI
1868,4037,12,2024-08-29,Debit Card
1869,370,7,2025-12-28,UPI
1870,3354,2,2025-02-18,Cash
1871,3485,6,2025-04-11,UPI
1872,2534,6,2025-02-20,UPI
1873,3527,9,2025-09-02,UPI
1874,4640,13,2024-10-02,UPI
1875,3744,10,2023-07-27,Debit Card
1876,4817,11,2024-01-03,Net Banking
1877,2347,4,2025-06-01,Credit Card
1878,2713,9,2024-08-21,Credit Card
1879,1364,2,2023-12-30,Cash
1880,4925,5,2023-04-27,UPI
1881,288,3,2023-08-15,UPI
1882,1879,6,2025-08-26,Credit Card
1883,1540,2,2024-12-04,UPI
1884,2027,13,2023-02-21,Cash
1885,4613,10,2025-02-03,Net Banking
1886,1929,9,2023-05-06,Debit Card
1887,4609,4,2025-07-16,Debit Card
1888,2213,7,2024-03-04,Debit Card
1889,4323,5,2025-10-19,Credit Card
1890,2682,8,2023-06-03,Debit Card
1891,1611,12,2023-10-20,UPI
1892,2349,4,2024-06-30,Credit Card
1893,2216,14,2024-12-26,UPI
1894,1349,7,2023-04-18,UPI
1895,1503,11,2024-02-18,Credit Card
1896,973,15,2023-12-05,UPI
1897,1749,5,2023-06-02,Credit Card
1898,3193,3,2024-03-27,Credit Card
1899,2027,8,2025-04-10,UPI
1900,3639,6,2025-07-18,Credit Card
1901,4932,15,2023-08-06,UPI
1902,1975,4,2024-12-20,Net Banking
1903,2408,15,2023-08-05,UPI
1904,855,9,2025-06-15,UPI
1905,2056,9,2025-08-26,Debit Card
1906,3709,2,2024-08-10,Net Banking
1907,1133,10,2023-02-27,UPI
1908,948,13,2023-03-01,Net Banking
1909,1973,15,2024-01-19,Debit Card
1910,4130,9,2023-11-22,Cash
1911,3188,4,2024-10-15,Credit Card
1912,4804,9,2024-01-31,Debit Card
1913,4557,13,2024-11-24,Cash
1914,792,10,2024-02-24,Net Banking
1915,223,8,2025-06-04,UPI
1916,2090,14,2024-08-12,Cash
1917,2684,10,2023-04-07,Debit Card
1918,2647,14,2025-05-26,Net Banking
1919,697,3,2023-10-17,UPI
1920,648,14,2023-07-29,UPI
1921,246,10,2023-08-11,UPI
1922,4301,7,2024-11-04,Cash
1923,4753,12,2023-10-19,Credit Card
1924,593,15,2024-11-20,Net Banking
1925,1111,13,2024-09-21,UPI
1926,461,15,2023-03-08,UPI
1927,4425,15,2023-12-14,Debit Card
1928,4811,2,2025-02-23,UPI
1929,1353,2,2024-11-20,UPI
1930,1572,14,2025-07-29,UPI
1931,1897,4,2023-03-10,UPI
1932,2585,10,2025-09-03,Credit Card
1933,3504,7,2023-01-12,UPI
1934,2596,4,2023-02-16,Net Banking
1935,4766,2,2025-05-28,Cash
1936,520,12,2023-12-23,Cash
1937,4060,2,2025-01-19,UPI
1938,1739,5,2025-12-23,Cash
1939,1977,3,2024-10-23,Credit Card
1940,3628,3,2024-12-06,UPI
1941,4673,15,2024-11-20,UPI
1942,3659,1,2023-11-30,Credit Card
1943,3954,3,2024-07-09,Credit Card
1944,3839,15,2023-01-06,Cash
1945,1664,4,2025-04-30,Cash
1946,3866,12,2025-10-15,Cash
1947,3987,6,2023-09-13,UPI
1948,2741,11,2024-03-13,Debit Card
1949,2761,6,2024-09-22,Credit Card
1950,3884,12,2023-12-17,Cash
1951,4125,5,2023-02-19,Cash
1952,1758,4,2023-03-26,UPI
1953,4068,6,2023-10-05,Credit Card
1954,4118,13,2025-02-01,Credit Card
1955,1215,13,2025-05-31,Debit Card
1956,3663,5,2023-07-09,UPI
1957,973,10,2023-08-06,Debit Card
1958,482,1,2023-09-21,Debit Card
1959,2950,14,2024-09-18,UPI
1960,4568,12,2024-08-29,Credit Card
1961,186,2,2025-02-15,Net Banking
1962,4170,14,2025-12-07,UPI
1963,2603,9,2024-10-01,Cash
1964,4344,10,2024-09-02,Credit Card
1965,4258,4,2025-01-26,UPI
1966,4416,6,2025-01-21,Cash
1967,3927,5,2023-10-30,Net Banking
1968,4255,2,2024-05-26,Debit Card
1969,915,1,2024-11-20,UPI
1970,1575,1,2024-11-30,UPI
1971,1258,1,2023-03-22,Credit Card
1972,3796,6,2023-09-10,UPI
1973,801,10,2024-05-24,Debit Card
1974,951,7,2023-12-12,UPI
1975,4430,7,2023-09-29,Net Banking
1976,3612,15,2023-09-28,Cash
1977,4417,9,2024-06-13,Cash
1978,729,3,2024-04-03,Cash
1979,2090,14,2025-09-23,Cash
1980,1469,9,2025-01-29,Credit Card
1981,45,1,2024-05-14,Cash
1982,1474,2,2025-07-05,UPI
1983,1988,15,2024-04-07,Cash
1984,477,7,2024-10-26,Debit Card
1985,2916,12,2025-03-15,UPI
1986,2011,2,2024-07-11,Debit Card
1987,243,10,2025-08-23,UPI
1988,3604,11,2025-11-23,Net Banking
1989,3722,4,2024-09-29,Debit Card
1990,4209,2,2025-04-07,Credit Card
1991,2516,11,2024-11-22,Credit Card
1992,4845,2,2023-11-21,Debit Card
1993,4589,11,2025-10-29,Cash
1994,2834,14,2024-04-06,Net Banking
1995,2324,13,2025-06-17,UPI
1996,10,1,2024-12-13,Credit Card
1997,3635,9,2025-04-13,UPI
1998,2909,10,2024-08-08,UPI
1999,4711,15,2023-10-07,UPI
2000,3050,3,2024-09-09,UPI
2001,4967,15,2023-04-17,Debit Card
2002,4317,13,2024-01-27,Cash
2003,4779,1,2024-04-11,Credit Card
2004,1696,15,2025-04-10,Credit Card
2005,783,10,2025-05-07,UPI
2006,4050,6,2025-09-28,Cash
2007,3997,8,2025-07-03,Cash
2008,1099,7,2023-01-25,Credit Card
2009,3914,7,2023-08-04,UPI
2010,2987,2,2025-11-04,UPI
2011,562,11,2023-12-08,Credit Card
2012,2583,4,2023-03-26,Credit Card
2013,4682,6,2024-12-06,Net Banking
2014,2603,2,2024-09-10,UPI
2015,4007,13,2023-02-18,UPI
2016,151,5,2024-12-01,UPI
2017,3715,12,2024-05-18,Credit Card
2018,4748,5,2023-03-02,UPI
2019,2575,3,2024-03-08,UPI
2020,1759,2,2023-04-18,Credit Card
2021,3307,11,2023-11-22,UPI
2022,4604,7,2025-06-16,Net Banking
2023,918,8,2023-07-28,Cash
2024,2110,4,2023-10-08,UPI
2025,812,4,2024-10-10,UPI
2026,2555,11,2025-04-20,UPI
2027,2784,14,2025-11-04,Net Banking
2028,4737,9,2024-08-05,Debit Card
2029,2157,4,2023-11-25,Credit Card
2030,2918,10,2024-01-25,Credit Card
2031,4469,14,2023-07-06,UPI
2032,1664,12,2023-06-26,Net Banking
2033,3469,3,2025-10-20,Cash
2034,3867,11,2024-07-27,Net Banking
2035,1712,13,2023-10-06,UPI
2036,855,14,2024-10-08,Credit Card
2037,2586,1,2024-01-23,Credit Card
2038,1869,3,2023-02-28,Credit Card
2039,1377,15,2024-11-15,UPI
2040,4867,5,2025-01-02,Cash
2041,2584,13,2024-11-29,Debit Card
2042,4331,2,2024-10-13,Credit Card
2043,1016,5,2023-09-13,UPI
2044,4717,9,2023-02-20,Debit Card
2045,4038,10,2025-02-23,UPI
2046,4099,11,2025-10-16,Net Banking
2047,2048,6,2025-05-20,UPI
2048,2517,15,2023-02-12,UPI
2049,3045,3,2023-07-09,Debit Card
2050,4010,5,2023-04-24,Credit Card
2051,4287,12,2023-09-08,Debit Card
2052,409,1,2024-05-06,UPI
2053,4555,8,2023-09-02,UPI
2054,4711,9,2024-11-12,Credit Card
2055,3040,5,2024-03-12,Credit Card
2056,975,9,2024-11-17,Credit Card
2057,4130,8,2025-02-10,UPI
2058,2824,15,2023-12-08,Credit Card
2059,4126,8,2023-04-20,Credit Card
2060,4118,2,2024-01-03,Cash
2061,448,5,2025-08-28,Credit Card
2062,3114,12,2023-08-28,Credit Card
2063,2504,8,2025-09-24,Cash
2064,4745,3,2024-11-11,UPI
2065,1536,1,2023-09-12,Debit Card
2066,1078,14,2024-12-17,Cash
2067,4521,11,2023-06-26,UPI
2068,779,4,2023-04-25,Cash
2069,3523,4,2023-12-01,Cash
2070,1553,10,2024-08-26,UPI
2071,2920,4,2023-05-28,UPI
2072,3149,4,2025-10-31,UPI
2073,2173,9,2023-08-12,Credit Card
2074,4875,11,2025-11-19,Cash
2075,689,14,2024-04-23,Debit Card
2076,2053,1,2024-12-23,Debit Card
2077,2240,9,2025-02-28,UPI
2078,3224,7,2024-03-27,Debit Card
2079,2125,13,2024-07-06,Cash
2080,502,14,2023-01-16,Credit Card
2081,4752,5,2024-04-14,Debit Card
2082,2169,2,2025-06-25,UPI
2083,1784,14,2024-11-17,UPI
2084,2336,10,2025-12-23,UPI
2085,1129,12,2023-08-27,UPI
2086,520,10,2024-05-29,UPI
2087,778,15,2024-09-07,Credit Card
2088,867,10,2023-03-26,Cash
2089,1037,4,2024-08-12,UPI
2090,2185,11,2024-02-21,UPI
2091,3189,15,2025-08-16,Credit Card
2092,3210,4,2024-08-03,Cash
2093,1,4,2023-04-05,Credit Card
2094,4625,11,2024-07-06,Cash
2095,4151,12,2024-03-08,UPI
2096,4833,13,2023-09-01,Debit Card
2097,1884,2,2025-12-17,Credit Card
2098,3409,8,2025-10-21,UPI
2099,874,4,2025-01-12,UPI
2100,4125,9,2023-03-06,Cash
2101,836,2,2023-12-24,UPI
2102,1686,7,2023-02-08,Debit Card
2103,2530,5,2023-05-04,Cash
2104,3051,5,2024-01-23,UPI
2105,2881,7,2025-08-30,Net Banking
2106,523,15,2025-07-04,Cash
2107,2198,4,2023-06-18,UPI
2108,4637,3,2025-09-28,UPI
2109,4403,9,2024-07-18,Cash
2110,3031,12,2023-06-25,Credit Card
2111,2941,3,2024-05-04,Net Banking
2112,573,5,2025-07-10,Net Banking
2113,1054,2,2023-03-01,UPI
2114,1308,7,2023-09-25,UPI
2115,2522,13,2025-02-02,Debit Card
2116,3735,12,2025-05-27,Net Banking
2117,2399,11,2024-09-24,UPI
2118,657,7,2025-08-29,Net Banking
2119,2285,12,2023-08-25,UPI
2120,844,5,2024-12-16,UPI
2121,3841,8,2025-10-04,Credit Card
2122,866,9,2024-01-20,Cash
2123,2504,13,2024-09-18,UPI
2124,3550,4,2024-01-07,UPI
2125,1191,11,2025-01-27,UPI
2126,397,12,2024-01-16,Net Banking
2127,2898,2,2024-01-17,UPI
2128,284,2,2024-04-17,Debit Card
2129,3017,11,2024-01-01,UPI
2130,3848,15,2024-08-16,Credit Card
2131,1707,13,2025-05-31,Cash
2132,2523,4,2025-09-28,Net Banking
2133,4670,6,2023-12-09,UPI
2134,2446,6,2025-04-03,UPI
2135,4987,2,2023-03-17,Net Banking
2136,816,1,2025-04-03,Credit Card
2137,3628,2,2023-11-21,UPI
2138,3342,8,2024-05-25,Net Banking
2139,4402,5,2023-03-31,Credit Card
2140,479,3,2023-08-18,UPI
2141,1457,9,2025-08-05,Cash
2142,691,12,2023-11-23,UPI
2143,4691,12,2023-08-28,UPI
2144,2228,7,2023-09-22,Credit Card
2145,4575,8,2024-09-04,Debit Card
2146,1522,6,2024-02-06,Cash
2147,659,7,2024-05-10,UPI
2148,1535,15,2025-12-05,UPI
2149,3063,3,2025-11-30,Credit Card
2150,4271,1,2025-12-19,UPI
2151,2022,1,2023-03-02,Debit Card
2152,4593,1,2024-06-08,Credit Card
2153,1268,11,2024-01-10,UPI
2154,3551,11,2024-09-15,UPI
2155,3754,12,2023-10-19,Cash
2156,1421,7,2025-03-10,Debit Card
2157,144,2,2025-06-14,Credit Card
2158,1914,13,2024-04-29,UPI
2159,236,12,2023-01-06,UPI
2160,4544,6,2023-06-19,Debit Card
2161,4779,14,2025-03-24,UPI
2162,3753,14,2025-03-20,Net Banking
2163,3708,15,2025-12-23,Debit Card
2164,1248,1,2023-05-28,UPI
2165,390,10,2023-09-15,UPI
2166,4070,8,2025-07-03,Debit Card
2167,2879,5,2024-01-04,Credit Card
2168,3500,9,2023-10-17,Debit Card
2169,3965,3,2023-03-12,Debit Card
2170,2137,2,2024-08-22,Credit Card
2171,757,8,2024-08-18,UPI
2172,4041,11,2025-08-28,Credit Card
2173,2363,5,2023-06-22,Credit Card
2174,4174,14,2024-02-08,Cash
2175,2274,13,2023-10-14,Debit Card
2176,1132,1,2024-11-04,Debit Card
2177,892,11,2025-12-14,UPI
2178,3805,12,2023-02-11,Net Banking
2179,2952,6,2024-08-03,Credit Card
2180,2117,15,2025-01-14,UPI
2181,2537,12,2023-08-24,Credit Card
2182,2828,3,2023-11-23,Cash
2183,1242,8,2024-10-06,Credit Card
2184,1980,13,2025-05-29,Debit Card
2185,1516,6,2024-03-03,Credit Card
2186,2038,2,2025-09-21,Credit Card
2187,2577,6,2023-10-21,Credit Card
2188,904,3,2024-12-15,Credit Card
2189,2057,7,2023-02-19,UPI
2190,2022,15,2024-05-03,Credit Card
2191,1482,1,2023-10-08,Net Banking
2192,4998,12,2024-11-22,Debit Card
2193,389,15,2025-10-24,UPI
2194,3289,14,2025-07-14,Cash
2195,912,1,2023-07-09,Cash
2196,4229,10,2023-11-29,UPI
2197,4590,12,2025-12-21,UPI
2198,2102,4,2023-04-05,Credit Card
2199,4154,7,2024-08-30,Credit Card
2200,1293,4,2025-03-27,Debit Card
2201,733,14,2023-02-20,UPI
2202,1644,9,2023-07-21,Credit Card
2203,1781,15,2025-12-24,UPI
2204,2080,8,2025-11-30,UPI
2205,1955,5,2025-12-18,UPI
2206,2146,15,2025-07-07,Credit Card
2207,3632,1,2023-08-17,Credit Card
2208,1273,13,2025-03-10,UPI
2209,93,14,2024-10-20,Credit Card
2210,2525,3,2024-03-24,Credit Card
2211,2347,8,2025-04-17,Credit Card
2212,314,12,2023-05-06,UPI
2213,696,15,2024-04-23,UPI
2214,2620,7,2025-05-17,UPI
2215,1219,8,2023-12-14,UPI
2216,4425,1,2023-04-21,Credit Card
2217,904,2,2024-07-09,Cash
2218,102,10,2025-03-26,Credit Card
2219,2341,15,2024-04-08,Debit Card
2220,4929,7,2023-03-04,UPI
2221,3243,5,2023-12-15,Cash
2222,1856,5,2025-05-03,UPI
2223,84,12,2023-06-01,UPI
2224,2514,13,2024-03-10,Cash
2225,1078,10,2024-04-02,UPI
2226,3312,9,2023-02-10,UPI
2227,2991,1,2025-11-19,Debit Card
2228,1371,5,2024-05-14,Cash
2229,364,7,2024-12-24,UPI
2230,3855,5,2023-01-18,Debit Card
2231,3003,15,2023-08-06,Debit Card
2232,4248,14,2023-08-04,Debit Card
2233,1348,10,2023-12-02,Net Banking
2234,3344,11,2024-11-02,UPI
2235,611,7,2023-02-21,Debit Card
2236,1513,1,2024-02-21,UPI
2237,3361,5,2023-12-05,UPI
2238,4165,14,2024-09-22,Credit Card
2239,1663,14,2024-08-28,Cash
2240,4062,6,2025-09-08,UPI
2241,3486,6,2024-05-04,Debit Card
2242,1826,4,2024-11-07,Cash
2243,4421,13,2024-07-08,UPI
2244,2617,5,2023-03-13,Cash
2245,3316,8,2025-05-13,UPI
2246,2550,6,2025-03-25,Net Banking
2247,2357,1,2025-03-05,Cash
2248,4281,5,2025-10-25,Debit Card
2249,1523,15,2024-11-13,Credit Card
2250,192,12,2024-11-05,Net Banking
2251,4436,7,2023-07-10,UPI
2252,4161,12,2023-06-03,UPI
2253,1919,8,2024-05-27,Cash
2254,967,14,2024-07-11,Credit Card
2255,3478,4,2025-11-05,Cash
2256,410,2,2024-09-26,Credit Card
2257,2214,4,2023-04-20,Credit Card
2258,443,6,2023-11-18,UPI
2259,3064,6,2023-04-24,Net Banking
2260,145,6,2023-12-18,Credit Card
2261,3211,1,2025-11-15,Debit Card
2262,3465,11,2025-02-22,Debit Card
2263,2521,7,2024-02-18,UPI
2264,912,7,2024-09-19,Cash
2265,522,13,2025-07-22,Credit Card
2266,1629,5,2023-01-15,Cash
2267,2421,13,2024-04-07,Cash
2268,3284,12,2023-11-20,UPI
2269,3,4,2025-08-14,Debit Card
2270,3635,12,2024-06-01,Cash
2271,3642,11,2024-11-19,Cash
2272,2321,3,2023-02-19,Credit Card
2273,1790,11,2023-06-29,Debit Card
2274,4249,11,2024-04-25,Net Banking
2275,3988,11,2024-12-13,Cash
2276,4916,13,2023-02-05,Cash
2277,1947,13,2023-04-10,Credit Card
2278,4563,8,2023-01-26,UPI
2279,450,11,2025-05-22,Net Banking
2280,2148,13,2025-08-16,Debit Card
2281,2422,8,2023-09-27,UPI
2282,2298,3,2023-11-02,Net Banking
2283,3196,11,2023-10-18,Debit Card
2284,887,11,2023-03-16,UPI
2285,4375,5,2025-10-25,UPI
2286,2836,8,2024-04-25,Cash
2287,4555,10,2023-01-27,Net Banking
2288,9,10,2023-03-16,UPI
2289,3215,14,2023-11-02,Credit Card
2290,2157,6,2024-04-06,Credit Card
2291,2599,2,2023-06-15,Cash
2292,3805,1,2025-09-28,Credit Card
2293,1186,7,2023-02-20,UPI
2294,1075,2,2023-12-26,Debit Card
2295,3601,10,2023-08-16,Credit Card
2296,2681,10,2025-06-04,Credit Card
2297,1213,4,2024-12-02,Credit Card
2298,2509,11,2025-08-12,Credit Card
2299,2396,6,2024-10-23,UPI
2300,3545,13,2025-07-01,Net Banking
2301,9,7,2024-05-22,UPI
2302,3010,7,2024-07-14,Debit Card
2303,3106,7,2025-07-28,UPI
2304,3808,4,2025-10-22,UPI
2305,4490,11,2024-04-04,Debit Card
2306,2293,10,2024-01-20,Debit Card
2307,1784,10,2023-01-15,Debit Card
2308,523,12,2025-07-06,Credit Card
2309,1755,13,2025-09-13,Credit Card
2310,362,12,2025-07-26,Credit Card
2311,4072,12,2024-09-04,Cash
2312,4093,6,2023-05-16,UPI
2313,2173,3,2024-10-06,UPI
2314,1346,8,2023-12-30,Cash
2315,607,1,2023-03-03,UPI
2316,4301,14,2023-07-19,Debit Card
2317,4425,15,2023-02-02,UPI
2318,1377,13,2025-11-07,Net Banking
2319,3179,8,2023-01-16,UPI
2320,1342,5,2025-03-27,Credit Card
2321,1172,8,2025-09-15,UPI
2322,108,12,2024-03-15,Debit Card
2323,2964,4,2024-04-02,Credit Card
2324,786,2,2024-06-27,Net Banking
2325,56,4,2023-01-17,UPI
2326,541,11,2023-10-03,Credit Card
2327,1630,8,2025-10-15,UPI
2328,3432,10,2023-01-10,UPI
2329,1065,1,2024-02-08,Credit Card
2330,4481,11,2025-04-11,UPI
2331,1494,13,2024-02-28,UPI
2332,1719,5,2024-11-20,UPI
2333,1136,11,2024-10-10,UPI
2334,1313,6,2024-06-10,UPI
2335,392,4,2023-09-14,Cash
2336,1523,4,2023-06-09,UPI
2337,4338,4,2024-01-18,Net Banking
2338,3531,13,2024-06-17,UPI
2339,4416,3,2025-08-12,UPI
2340,541,12,2023-08-27,UPI
2341,2372,14,2024-07-16,Net Banking
2342,1193,10,2023-12-23,Net Banking
2343,3684,5,2024-09-12,UPI
2344,4850,15,2023-06-06,UPI
2345,4118,6,2023-12-01,Cash
2346,185,3,2023-07-09,Cash
2347,1649,14,2023-12-04,Debit Card
2348,151,11,2024-04-30,Net Banking
2349,206,11,2024-12-12,Net Banking
2350,414,3,2025-10-26,Debit Card
2351,1432,9,2024-01-14,UPI
2352,1576,2,2025-02-25,UPI
2353,2097,6,2025-12-22,Credit Card
2354,2119,8,2025-07-10,UPI
2355,3935,8,2024-06-14,UPI
2356,742,1,2025-02-19,Credit Card
2357,822,14,2024-07-12,Credit Card
2358,3202,12,2025-04-23,Debit Card
2359,2938,14,2024-08-24,UPI
2360,802,1,2025-08-13,Cash
2361,4306,8,2023-10-07,UPI
2362,1705,1,2023-07-23,Net Banking
2363,1922,13,2025-10-03,Credit Card
2364,2186,3,2023-02-20,UPI
2365,1667,9,2025-06-17,Cash
2366,2872,3,2024-10-15,UPI
2367,2038,2,2025-04-12,UPI
2368,1346,1,2024-04-02,UPI
2369,4555,13,2023-02-21,Credit Card
2370,1596,13,2023-05-03,Cash
2371,3581,12,2024-01-26,Cash
2372,1816,1,2025-05-11,Cash
2373,2260,10,2024-04-20,Credit Card
2374,1225,3,2023-10-03,Credit Card
2375,3845,6,2025-02-16,UPI
2376,3764,7,2024-08-25,UPI
2377,113,14,2024-05-21,Cash
2378,315,6,2023-08-04,Net Banking
2379,4631,6,2025-08-16,Net Banking
2380,4487,9,2023-12-20,Net Banking
2381,2603,4,2024-12-31,UPI
2382,2542,5,2023-01-08,UPI
2383,4113,15,2025-07-13,Cash
2384,727,14,2025-11-26,Debit Card
2385,3348,1,2023-02-23,Credit Card
2386,2473,4,2025-09-26,Cash
2387,3804,10,2025-01-30,UPI
2388,158,6,2024-09-21,Debit Card
2389,3040,7,2025-10-13,Net Banking
2390,2866,11,2025-04-06,Cash
2391,4242,2,2023-08-02,Debit Card
2392,3484,10,2025-10-27,UPI
2393,4437,6,2023-11-23,UPI
2394,4479,3,2024-04-16,UPI
2395,2132,7,2025-11-03,Debit Card
2396,721,9,2023-06-28,UPI
2397,3217,11,2025-10-02,Credit Card
2398,4411,4,2023-04-12,Credit Card
2399,394,8,2023-03-24,UPI
2400,2872,10,2025-12-17,Net Banking
2401,590,6,2024-02-01,UPI
2402,144,3,2024-02-21,Net Banking
2403,3490,13,2023-11-24,UPI
2404,3501,3,2024-01-04,Cash
2405,3084,3,2025-01-03,Debit Card
2406,4337,4,2023-08-25,Debit Card
2407,416,14,2024-05-24,Credit Card
2408,543,2,2024-01-08,Cash
2409,4366,12,2025-07-23,Credit Card
2410,2591,12,2023-10-21,UPI
2411,1414,5,2025-04-24,UPI
2412,3771,12,2023-03-31,UPI
2413,4509,14,2025-01-03,Credit Card
2414,3538,8,2023-12-27,Debit Card
2415,4024,12,2024-09-28,UPI
2416,1464,13,2023-11-02,UPI
2417,1497,7,2023-02-06,Debit Card
2418,4363,9,2025-01-08,UPI
2419,3145,12,2025-04-06,Net Banking
2420,1215,3,2025-11-28,Cash
2421,2691,4,2024-11-01,Cash
2422,3521,15,2023-12-11,UPI
2423,1137,8,2024-01-07,Debit Card
2424,3354,10,2023-04-06,UPI
2425,222,11,2023-10-20,UPI
2426,1574,3,2023-08-12,Credit Card
2427,3469,1,2024-04-21,Credit Card
2428,783,2,2025-12-16,Debit Card
2429,1158,10,2025-08-15,UPI
2430,4430,10,2025-02-28,Credit Card
2431,3470,8,2023-12-12,UPI
2432,2569,12,2025-10-29,Credit Card
2433,1098,7,2024-04-07,Debit Card
2434,1778,4,2025-06-09,Net Banking
2435,2950,8,2025-03-31,Debit Card
2436,807,3,2024-09-09,Net Banking
2437,2500,1,2024-08-24,Credit Card
2438,2136,4,2024-09-03,Credit Card
2439,2477,6,2024-01-12,Cash
2440,543,6,2024-09-28,Credit Card
2441,547,4,2025-02-21,Debit Card
2442,4836,15,2023-08-11,Net Banking
2443,4897,8,2025-05-02,Debit Card
2444,2225,9,2023-12-09,UPI
2445,4007,15,2025-08-28,UPI
2446,3359,2,2025-08-23,UPI
2447,599,3,2023-06-14,Cash
2448,1536,12,2024-05-17,Net Banking
2449,1629,8,2024-09-14,Debit Card
2450,3057,1,2024-04-05,UPI
2451,2978,1,2024-02-28,Credit Card
2452,4641,7,2024-10-06,Cash
2453,4012,10,2023-07-28,UPI
2454,4333,15,2025-06-11,UPI
2455,4496,7,2025-02-09,Debit Card
2456,4067,13,2023-05-27,Debit Card
2457,1727,7,2024-05-31,Credit Card
2458,1118,13,2024-04-09,Cash
2459,2938,13,2024-07-02,Cash
2460,3538,15,2023-11-16,Debit Card
2461,2027,5,2023-09-02,Net Banking
2462,4283,12,2025-07-24,Credit Card
2463,4816,7,2024-01-20,Debit Card
2464,2927,14,2025-07-19,Cash
2465,2381,14,2023-02-05,Debit Card
2466,4253,9,2025-03-25,Credit Card
2467,127,6,2025-06-07,Debit Card
2468,674,6,2023-09-20,UPI
2469,4272,3,2024-01-11,UPI
2470,3737,15,2024-08-13,Net Banking
2471,2169,14,2024-02-26,UPI
2472,4487,14,2023-07-27,Cash
2473,1842,7,2025-05-20,Cash
2474,3242,15,2024-05-01,UPI
2475,3247,6,2023-04-11,Debit Card
2476,961,12,2025-01-01,UPI
2477,1474,5,2023-04-09,UPI
2478,4602,3,2024-05-17,Net Banking
2479,956,3,2024-11-29,UPI
2480,906,6,2025-07-06,UPI
2481,2489,6,2023-04-02,Credit Card
2482,477,5,2025-11-11,UPI
2483,4512,3,2025-12-05,Credit Card
2484,520,12,2025-11-18,UPI
2485,3150,2,2024-10-30,UPI
2486,1769,4,2025-03-01,Credit Card
2487,4078,4,2024-11-07,UPI
2488,3024,10,2025-06-01,UPI
2489,2037,13,2023-07-02,Credit Card
2490,4918,13,2025-12-27,UPI
2491,349,15,2025-07-13,Debit Card
2492,2968,2,2023-06-30,UPI
2493,4949,14,2024-01-24,Net Banking
2494,3543,15,2024-07-12,Debit Card
2495,3781,12,2024-02-28,Cash
2496,165,9,2025-08-16,Credit Card
2497,108,11,2025-08-05,UPI
2498,187,11,2023-04-07,UPI
2499,4959,3,2024-03-11,Net Banking
2500,4897,1,2023-07-27,Debit Card
2501,1739,12,2025-09-27,UPI
2502,1508,5,2024-10-12,Credit Card
2503,766,14,2023-06-17,UPI
2504,1706,10,2023-10-09,Credit Card
2505,1941,3,2025-10-26,Cash
2506,3827,6,2024-01-01,UPI
2507,4374,1,2024-05-06,Credit Card
2508,3818,14,2023-07-28,Credit Card
2509,3307,10,2024-01-18,Credit Card
2510,3916,4,2025-12-24,UPI
2511,3772,1,2023-10-14,UPI
2512,2471,14,2024-12-09,Credit Card
2513,1748,1,2023-07-18,Cash
2514,1466,10,2024-02-22,UPI
2515,3489,8,2025-10-13,Cash
2516,4812,10,2025-05-27,UPI
2517,2981,11,2024-02-01,UPI
2518,4583,4,2024-07-02,Credit Card
2519,67,10,2023-07-15,Credit Card
2520,4038,3,2024-03-15,Debit Card
2521,4315,6,2025-02-05,Credit Card
2522,3223,11,2025-07-23,Cash
2523,4695,10,2025-12-29,Cash
2524,3025,9,2023-06-13,UPI
2525,1248,6,2024-02-22,Cash
2526,1123,1,2025-02-10,Credit Card
2527,2860,8,2023-10-26,Net Banking
2528,4562,1,2025-07-12,Cash
2529,382,3,2023-06-29,Credit Card
2530,3099,9,2025-03-09,Debit Card
2531,3929,4,2023-02-22,UPI
2532,591,8,2024-06-08,UPI
2533,599,9,2025-04-24,UPI
2534,1918,15,2025-02-02,Debit Card
2535,1421,14,2023-04-23,UPI
2536,1040,8,2023-05-11,Credit Card
2537,1044,6,2023-05-31,Cash
2538,683,9,2025-07-20,Debit Card
2539,3131,11,2023-02-28,Credit Card
2540,3530,6,2023-07-16,Debit Card
2541,3601,15,2024-06-25,Credit Card
2542,2735,15,2023-06-13,Cash
2543,4776,5,2023-10-08,Credit Card
2544,4439,8,2024-10-05,Debit Card
2545,4804,4,2023-02-27,Net Banking
2546,2040,3,2023-12-15,Debit Card
2547,4425,4,2023-06-15,UPI
2548,3903,12,2024-11-11,Debit Card
2549,1769,9,2024-07-25,Net Banking
2550,547,4,2023-06-10,UPI
2551,3504,7,2023-05-24,Cash
2552,712,1,2024-02-04,UPI
2553,1521,12,2025-03-17,Credit Card
2554,2577,6,2024-12-03,Debit Card
2555,3491,8,2025-12-03,UPI
2556,4653,7,2023-08-17,UPI
2557,3044,5,2023-08-12,Credit Card
2558,3449,4,2023-09-16,Cash
2559,1604,2,2025-03-13,Credit Card
2560,3528,1,2023-12-05,Debit Card
2561,2275,13,2023-08-10,Debit Card
2562,4333,1,2025-01-17,Credit Card
2563,2056,5,2024-06-09,UPI
2564,2434,9,2024-03-10,Credit Card
2565,2247,7,2024-03-28,Credit Card
2566,4105,2,2025-05-24,UPI
2567,4779,6,2025-10-20,Cash
2568,1694,10,2025-04-11,Debit Card
2569,2468,7,2024-01-08,Cash
2570,3612,13,2025-04-11,Debit Card
2571,4515,8,2024-11-12,UPI
2572,2543,11,2023-11-07,UPI
2573,558,9,2025-12-25,Net Banking
2574,1935,3,2025-04-13,Credit Card
2575,2832,12,2025-03-16,Cash
2576,2173,2,2024-08-11,Credit Card
2577,973,7,2024-10-20,Cash
2578,194,8,2025-09-19,Debit Card
2579,3528,9,2023-06-18,UPI
2580,4967,10,2025-10-30,Net Banking
2581,4618,12,2024-08-18,Credit Card
2582,3506,14,2025-09-11,Credit Card
2583,4246,5,2024-08-18,Credit Card
2584,1324,9,2024-05-12,Cash
2585,3185,15,2023-06-02,UPI
2586,317,1,2025-09-29,UPI
2587,3619,9,2024-02-05,Credit Card
2588,4848,13,2025-04-09,Cash
2589,4344,10,2023-08-07,Credit Card
2590,2746,5,2025-10-06,UPI
2591,4007,14,2025-08-05,Debit Card
2592,4736,2,2025-03-26,Debit Card
2593,1125,6,2024-10-02,Credit Card
2594,4031,1,2023-03-16,Credit Card
2595,1396,13,2025-03-19,UPI
2596,4423,14,2025-12-20,Credit Card
2597,511,7,2025-05-28,Cash
2598,925,7,2024-04-26,Credit Card
2599,3683,15,2025-03-14,UPI
2600,912,12,2024-09-29,UPI
2601,824,13,2025-06-24,UPI
2602,2858,10,2025-06-10,Credit Card
2603,4211,8,2024-09-26,Credit Card
2604,1392,1,2025-06-08,Debit Card
2605,4244,2,2024-11-22,UPI
2606,4097,11,2025-03-10,Debit Card
2607,2973,1,2025-06-06,UPI
2608,3307,8,2023-08-07,UPI
2609,209,12,2023-01-25,UPI
2610,1923,8,2023-02-22,Cash
2611,1362,12,2023-05-11,Cash
2612,786,3,2023-12-09,UPI
2613,2047,10,2023-12-29,Credit Card
2614,1861,15,2025-08-28,Credit Card
2615,3719,12,2023-09-20,UPI
2616,3067,2,2025-02-27,Debit Card
2617,4585,9,2024-12-26,UPI
2618,763,5,2024-03-16,Credit Card
2619,313,15,2025-08-01,Debit Card
2620,2748,9,2025-05-30,Credit Card
2621,3,2,2025-12-11,Debit Card
2622,4006,6,2023-07-24,Credit Card
2623,2603,11,2023-04-22,UPI
2624,2522,14,2025-06-23,Cash
2625,1897,1,2024-06-17,UPI
2626,1965,7,2025-01-01,Debit Card
2627,2242,4,2024-12-25,Cash
2628,80,7,2023-04-06,Debit Card
2629,430,9,2025-03-19,Credit Card
2630,2599,1,2025-11-21,Cash
2631,787,1,2025-04-06,UPI
2632,3960,11,2025-01-02,Debit Card
2633,1423,7,2024-07-18,Cash
2634,508,10,2025-12-06,UPI
2635,1221,11,2024-02-02,Debit Card
2636,1871,12,2023-05-14,Cash
2637,186,15,2025-09-16,UPI
2638,743,2,2023-11-13,UPI
2639,1676,8,2025-08-15,UPI
2640,1606,4,2025-12-27,Net Banking
2641,4063,7,2024-12-23,UPI
2642,4258,10,2024-05-28,UPI
2643,1009,2,2023-12-19,Cash
2644,643,8,2024-12-08,UPI
2645,3246,6,2023-07-16,Net Banking
2646,4080,1,2025-08-29,Debit Card
2647,4833,9,2023-11-23,Net Banking
2648,25,11,2023-10-17,UPI
2649,2161,2,2024-08-17,UPI
2650,3744,4,2025-12-09,UPI
2651,4183,9,2023-08-26,UPI
2652,326,8,2023-08-28,UPI
2653,3494,8,2024-05-08,Cash
2654,1499,14,2025-10-25,UPI
2655,392,4,2025-09-13,Debit Card
2656,2525,14,2025-01-07,Debit Card
2657,825,1,2025-09-08,UPI
2658,3763,10,2024-06-07,UPI
2659,3792,4,2023-11-23,Credit Card
2660,4247,3,2025-10-10,Debit Card
2661,1977,15,2024-12-23,Cash
2662,62,11,2025-07-09,Credit Card
2663,1347,3,2024-08-25,Net Banking
2664,2432,1,2024-11-21,UPI
2665,3554,9,2025-02-21,Debit Card
2666,2004,3,2024-04-30,Cash
2667,2756,4,2024-12-25,UPI
2668,2691,1,2025-05-26,Cash
2669,857,3,2023-03-20,Credit Card
2670,3186,1,2025-12-02,Net Banking
2671,2284,13,2025-03-03,UPI
2672,4097,4,2025-10-07,Credit Card
2673,3542,10,2024-05-01,Cash
2674,571,12,2025-06-30,Debit Card
2675,2523,7,2024-09-22,Credit Card
2676,3601,10,2025-05-28,Credit Card
2677,448,11,2025-12-27,Credit Card
2678,4026,8,2024-07-14,UPI
2679,1157,8,2024-06-27,Credit Card
2680,2588,1,2023-05-09,Debit Card
2681,4720,11,2024-10-13,UPI
2682,2937,6,2023-12-31,Net Banking
2683,2216,8,2024-11-11,UPI
2684,25,10,2025-02-07,Credit Card
2685,695,13,2025-07-10,Credit Card
2686,2971,10,2023-02-01,UPI
2687,2543,8,2023-01-13,UPI
2688,1906,9,2024-03-23,Cash
2689,4640,8,2023-08-28,Credit Card
2690,1726,5,2024-04-04,UPI
2691,2763,1,2025-05-17,Debit Card
2692,2923,13,2023-12-14,Net Banking
2693,2709,9,2023-06-17,Net Banking
2694,2483,10,2025-08-24,Debit Card
2695,1757,10,2025-11-28,UPI
2696,4568,10,2024-06-05,UPI
2697,2354,10,2023-04-05,Cash
2698,2715,5,2025-06-19,Net Banking
2699,3361,7,2024-12-27,Debit Card
2700,357,12,2025-03-23,Cash
2701,3971,12,2024-02-28,Cash
2702,2630,7,2024-08-09,UPI
2703,3363,11,2024-02-25,UPI
2704,3938,4,2024-07-13,UPI
2705,4411,8,2024-05-03,Credit Card
2706,2056,11,2025-10-01,UPI
2707,4108,10,2023-07-18,Credit Card
2708,1343,9,2023-02-14,UPI
2709,3381,12,2024-12-21,Debit Card
2710,527,4,2023-01-31,UPI
2711,102,2,2025-01-19,UPI
2712,496,10,2025-05-30,Credit Card
2713,1660,4,2024-01-15,UPI
2714,162,2,2023-02-21,UPI
2715,3218,12,2025-12-08,Cash
2716,1649,1,2023-07-18,Cash
2717,3759,14,2023-02-15,UPI
2718,240,1,2025-08-14,UPI
2719,1130,11,2024-06-01,Credit Card
2720,2131,4,2024-10-03,UPI
2721,2008,14,2025-03-15,Cash
2722,684,9,2023-07-27,Credit Card
2723,4972,14,2024-07-12,UPI
2724,1474,15,2024-09-03,Net Banking
2725,3684,9,2023-01-16,UPI
2726,1145,15,2023-01-28,UPI
2727,4425,7,2025-03-05,UPI
2728,2036,5,2024-12-03,UPI
2729,4544,6,2024-06-04,Debit Card
2730,1781,1,2025-11-15,Debit Card
2731,37,3,2023-04-25,Credit Card
2732,2652,1,2024-09-15,UPI
2733,2695,10,2025-09-12,Credit Card
2734,619,5,2023-05-12,UPI
2735,1220,4,2023-10-01,Debit Card
2736,3982,3,2023-11-05,Cash
2737,193,6,2024-11-05,UPI
2738,2525,6,2023-07-30,Net Banking
2739,2724,9,2025-05-18,UPI
2740,3534,4,2024-06-25,Cash
2741,197,9,2024-04-24,UPI
2742,3004,13,2024-09-29,Cash
2743,10,15,2023-06-15,Cash
2744,1371,4,2023-01-08,UPI
2745,2575,8,2024-11-04,UPI
2746,4579,8,2025-03-28,Debit Card
2747,660,2,2025-12-28,Cash
2748,883,14,2023-10-28,Debit Card
2749,3433,10,2023-10-30,Credit Card
2750,1963,14,2023-08-24,UPI
2751,3188,12,2023-07-29,UPI
2752,4992,8,2025-01-29,UPI
2753,4932,2,2023-11-24,Debit Card
2754,1852,11,2024-11-01,UPI
2755,2594,8,2024-10-03,Cash
2756,4557,6,2023-03-10,Debit Card
2757,477,13,2024-02-26,Credit Card
2758,2357,3,2024-07-20,UPI
2759,1977,12,2024-05-06,Credit Card
2760,1523,11,2024-10-22,Credit Card
2761,4972,14,2024-04-20,UPI
2762,3743,13,2025-05-12,Net Banking
2763,2039,13,2025-10-20,Cash
2764,4184,14,2023-04-15,Credit Card
2765,2525,7,2025-12-23,UPI
2766,4407,12,2025-02-17,UPI
2767,1377,6,2025-06-21,Net Banking
2768,1165,3,2025-01-05,Credit Card
2769,1281,14,2025-04-18,Cash
2770,2770,5,2024-02-05,UPI
2771,1511,4,2025-03-30,Debit Card
2772,770,14,2024-03-04,Debit Card
2773,4974,13,2025-05-07,Debit Card
2774,4544,6,2025-01-10,UPI
2775,3251,1,2023-11-18,Net Banking
2776,4497,1,2023-06-23,UPI
2777,4701,8,2025-12-08,Debit Card
2778,3479,13,2023-10-13,Debit Card
2779,2664,8,2025-06-22,Debit Card
2780,4443,12,2024-01-24,Cash
2781,2920,9,2025-02-14,Net Banking
2782,661,13,2025-05-12,UPI
2783,1921,8,2025-11-19,Credit Card
2784,2331,14,2024-12-23,Net Banking
2785,4701,2,2025-10-29,Cash
2786,3376,14,2025-05-19,Net Banking
2787,4416,11,2024-11-20,Credit Card
2788,3868,5,2025-09-15,Debit Card
2789,1604,8,2023-07-20,UPI
2790,3672,15,2024-08-14,Credit Card
2791,1016,9,2024-06-12,UPI
2792,2132,13,2025-03-25,Debit Card
2793,4089,6,2023-11-14,Net Banking
2794,3137,15,2024-11-23,UPI
2795,4164,4,2025-04-18,Credit Card
2796,1318,9,2024-09-11,Debit Card
2797,3834,12,2023-01-24,Debit Card
2798,1064,4,2024-03-21,UPI
2799,2810,6,2024-04-12,UPI
2800,2250,12,2025-01-27,Cash
2801,2863,15,2023-09-21,UPI
2802,706,15,2024-08-24,UPI
2803,1891,5,2023-03-27,Net Banking
2804,3420,1,2025-04-05,Credit Card
2805,2877,4,2025-07-14,Cash
2806,2824,10,2024-05-14,Cash
2807,2624,3,2024-10-12,Net Banking
2808,4736,8,2024-11-12,UPI
2809,4697,7,2025-09-16,UPI
2810,1885,13,2024-10-21,UPI
2811,1842,10,2023-12-18,Debit Card
2812,2852,15,2025-03-05,UPI
2813,495,1,2023-08-12,Credit Card
2814,1569,11,2025-01-26,Cash
2815,1202,8,2024-08-15,UPI
2816,1165,7,2023-05-16,UPI
2817,3269,15,2025-08-28,Debit Card
2818,2016,12,2023-08-15,UPI
2819,892,2,2025-04-20,Debit Card
2820,4481,10,2025-12-13,Debit Card
2821,4411,12,2025-07-01,UPI
2822,4355,14,2025-10-17,UPI
2823,2052,14,2023-06-30,UPI
2824,298,4,2023-06-25,Credit Card
2825,548,15,2024-07-08,Credit Card
2826,1432,2,2025-12-11,Credit Card
2827,1145,9,2023-07-17,UPI
2828,4411,13,2024-09-15,UPI
2829,4929,8,2024-11-14,Cash
2830,4122,1,2024-09-28,UPI
2831,3726,1,2025-09-13,Net Banking
2832,3021,8,2023-09-29,Cash
2833,3929,5,2025-10-17,UPI
2834,4750,1,2025-10-17,Debit Card
2835,3086,11,2024-02-20,UPI
2836,804,4,2025-08-05,UPI
2837,852,2,2023-08-25,Credit Card
2838,2997,13,2023-06-25,Credit Card
2839,1732,9,2024-03-01,Cash
2840,4576,10,2024-10-11,Net Banking
2841,3136,6,2024-03-08,Net Banking
2842,3482,11,2024-04-10,UPI
2843,23,9,2025-08-06,Debit Card
2844,2569,1,2024-02-18,Credit Card
2845,2242,1,2023-02-12,UPI
2846,3611,11,2025-06-03,Net Banking
2847,2008,4,2025-07-11,Credit Card
2848,4887,2,2023-02-25,Debit Card
2849,3442,15,2024-07-03,Credit Card
2850,3380,15,2024-08-25,UPI
2851,4618,1,2025-05-01,UPI
2852,4976,6,2024-12-31,Debit Card
2853,1037,8,2024-11-24,Cash
2854,4102,1,2023-02-02,UPI
2855,843,11,2025-01-31,UPI
2856,2383,11,2024-06-01,Net Banking
2857,520,10,2024-08-24,Credit Card
2858,3187,10,2023-05-09,UPI
2859,2436,6,2024-02-10,UPI
2860,3209,1,2024-09-21,UPI
2861,3486,15,2024-02-27,Debit Card
2862,3169,14,2025-08-10,Debit Card
2863,1522,8,2025-06-04,Debit Card
2864,4220,6,2023-07-28,Credit Card
2865,2836,14,2025-05-19,Credit Card
2866,2525,1,2025-09-22,Net Banking
2867,4932,9,2025-07-26,Cash
2868,1471,1,2025-03-14,Cash
2869,2712,9,2024-07-04,UPI
2870,3504,14,2025-01-07,Net Banking
2871,650,3,2024-07-23,UPI
2872,1857,8,2024-05-18,UPI
2873,4068,8,2023-01-31,UPI
2874,1227,7,2024-10-02,UPI
2875,2542,12,2024-04-09,Credit Card
2876,3219,2,2024-06-03,UPI
2877,3446,3,2025-03-25,UPI
2878,3716,5,2023-09-24,Cash
2879,4373,13,2023-06-24,Credit Card
2880,2057,5,2023-09-12,UPI
2881,3618,2,2023-12-05,UPI
2882,3737,1,2024-09-21,Credit Card
2883,1554,5,2024-10-24,Cash
2884,4842,5,2025-08-29,Credit Card
2885,4371,12,2024-06-01,UPI
2886,1504,3,2025-12-26,UPI
2887,3476,8,2023-05-28,UPI
2888,3666,6,2025-01-30,Cash
2889,2244,2,2025-01-09,Net Banking
2890,4361,2,2024-05-19,UPI
2891,3539,4,2024-05-27,UPI
2892,3368,15,2024-08-20,UPI
2893,1151,13,2023-07-23,Cash
2894,2130,14,2023-05-31,Cash
2895,2253,6,2025-05-29,Credit Card
2896,3744,12,2023-03-31,Net Banking
2897,3162,9,2024-07-23,UPI
2898,443,13,2023-04-20,Credit Card
2899,1593,8,2024-02-05,Net Banking
2900,2456,8,2025-04-08,Cash
2901,3761,15,2023-04-16,Credit Card
2902,3805,14,2023-07-11,UPI
2903,2528,2,2023-11-24,Cash
2904,599,14,2025-06-21,Credit Card
2905,1517,11,2023-04-09,UPI
2906,1318,4,2024-07-30,Credit Card
2907,3971,6,2024-01-06,UPI
2908,934,14,2023-04-18,Credit Card
2909,2420,6,2025-11-07,UPI
2910,3443,15,2025-08-25,Credit Card
2911,4839,12,2025-06-27,Credit Card
2912,4999,10,2024-01-13,Debit Card
2913,4776,6,2024-11-23,UPI
2914,3670,15,2024-02-15,Credit Card
2915,3815,8,2025-07-14,Credit Card
2916,3879,8,2024-04-12,Credit Card
2917,4357,14,2023-05-12,UPI
2918,4772,13,2024-12-07,Cash
2919,2330,7,2025-07-20,UPI
2920,2170,13,2024-06-13,UPI
2921,2397,5,2024-09-07,Credit Card
2922,3379,6,2024-10-22,UPI
2923,3953,6,2025-01-28,Cash
2924,4396,14,2025-12-28,Credit Card
2925,2377,3,2025-09-29,Debit Card
2926,1903,15,2024-01-14,Debit Card
2927,4916,11,2025-07-14,Cash
2928,1208,13,2023-08-16,Cash
2929,1157,3,2025-01-13,Cash
2930,3654,12,2023-05-08,Credit Card
2931,932,7,2023-10-24,Credit Card
2932,2091,6,2024-12-11,UPI
2933,1516,5,2024-12-30,Net Banking
2934,879,11,2024-02-02,Credit Card
2935,2975,6,2024-09-11,Debit Card
2936,1957,6,2025-10-19,Credit Card
2937,2404,4,2024-04-15,Credit Card
2938,1021,12,2025-08-30,Credit Card
2939,3926,11,2024-06-18,Cash
2940,1637,5,2024-02-28,Debit Card
2941,1785,13,2025-07-01,Cash
2942,1304,7,2025-06-08,UPI
2943,2256,11,2024-07-15,UPI
2944,2411,11,2024-08-23,UPI
2945,2719,1,2024-04-08,UPI
2946,4841,12,2023-07-16,UPI
2947,4557,13,2023-06-01,UPI
2948,3127,10,2023-11-14,Credit Card
2949,202,12,2023-04-12,UPI
2950,3137,6,2023-04-19,Credit Card
2951,461,5,2025-02-12,Net Banking
2952,3633,6,2024-05-07,Credit Card
2953,2049,1,2023-10-17,Net Banking
2954,4225,4,2025-01-31,Debit Card
2955,4729,8,2025-03-07,Cash
2956,2173,4,2024-07-13,Debit Card
2957,2398,14,2023-05-24,Cash
2958,3027,15,2023-12-16,UPI
2959,1033,13,2024-08-04,UPI
2960,4657,10,2024-10-25,Net Banking
2961,2248,8,2025-01-19,UPI
2962,867,11,2025-09-12,Credit Card
2963,3903,8,2024-09-27,Debit Card
2964,1141,2,2023-10-29,Credit Card
2965,752,6,2023-12-19,UPI
2966,2895,7,2024-07-30,Cash
2967,3449,7,2024-02-16,UPI
2968,2928,1,2024-02-13,UPI
2969,3361,4,2023-09-19,Credit Card
2970,591,14,2023-03-22,UPI
2971,2473,7,2025-04-30,Cash
2972,1871,6,2024-06-26,UPI
2973,4867,15,2023-12-27,Net Banking
2974,257,13,2023-12-28,Debit Card
2975,1545,12,2024-12-28,Credit Card
2976,4728,3,2024-09-25,Cash
2977,4918,10,2025-11-06,Net Banking
2978,4160,10,2023-03-20,UPI
2979,397,1,2023-06-20,UPI
2980,2885,5,2023-05-23,Credit Card
2981,2096,11,2023-09-22,Credit Card
2982,4091,8,2024-05-21,Credit Card
2983,288,15,2025-01-23,Credit Card
2984,1033,14,2023-12-31,Cash
2985,2525,3,2025-08-28,Credit Card
2986,821,5,2024-11-26,UPI
2987,3548,15,2025-09-26,Cash
2988,4140,9,2025-04-10,Debit Card
2989,3606,14,2025-07-30,UPI
2990,2293,8,2024-06-02,UPI
2991,4427,11,2023-01-05,UPI
2992,722,9,2024-12-30,UPI
2993,1350,15,2024-11-13,Cash
2994,2525,13,2024-04-12,UPI
2995,322,5,2023-07-28,Debit Card
2996,495,13,2024-05-06,Debit Card
2997,2081,3,2025-07-20,Debit Card
2998,4736,13,2025-11-18,Credit Card
2999,4566,11,2023-09-30,Debit Card
3000,2427,9,2023-04-23,Credit Card
3001,746,4,2024-06-13,UPI
3002,924,1,2023-01-11,Cash
3003,1977,15,2024-06-24,Credit Card
3004,1093,11,2023-10-11,Credit Card
3005,427,15,2023-01-12,Credit Card
3006,3469,2,2025-05-01,Debit Card
3007,2983,8,2025-04-25,Credit Card
3008,1510,2,2024-09-20,Credit Card
3009,3962,6,2025-09-05,UPI
3010,3954,12,2023-06-14,Cash
3011,2532,5,2024-11-27,Cash
3012,498,9,2024-12-12,Credit Card
3013,4616,8,2023-04-12,Debit Card
3014,3429,1,2025-12-23,Credit Card
3015,1280,3,2023-10-15,UPI
3016,3129,14,2024-02-03,UPI
3017,2119,12,2023-11-15,Cash
3018,3253,5,2023-10-05,Cash
3019,2460,12,2024-12-13,UPI
3020,2515,8,2025-08-22,UPI
3021,3755,7,2023-03-01,Cash
3022,3138,2,2024-06-16,Cash
3023,414,14,2024-02-13,UPI
3024,345,12,2025-02-24,UPI
3025,1583,7,2025-03-09,UPI
3026,2240,5,2023-07-17,UPI
3027,1426,6,2024-09-03,Debit Card
3028,3337,8,2025-12-07,UPI
3029,1015,5,2025-02-24,Cash
3030,3604,9,2024-01-02,Cash
3031,3944,1,2024-05-10,Cash
3032,646,5,2025-08-12,Cash
3033,3332,1,2025-12-26,Cash
3034,4817,1,2023-02-07,Credit Card
3035,1005,1,2025-10-14,UPI
3036,4571,15,2024-06-03,UPI
3037,3107,5,2025-07-15,Credit Card
3038,3032,9,2023-08-08,UPI
3039,272,2,2023-11-26,Cash
3040,3827,6,2024-09-23,Credit Card
3041,2485,5,2024-01-05,UPI
3042,3684,12,2023-01-25,Credit Card
3043,4099,14,2024-06-18,Cash
3044,2690,7,2024-09-19,Cash
3045,1364,7,2023-09-29,UPI
3046,742,3,2024-11-09,UPI
3047,835,6,2024-09-10,Credit Card
3048,4376,15,2025-10-20,UPI
3049,642,3,2024-08-27,Debit Card
3050,2017,2,2024-12-29,Credit Card
3051,1739,5,2024-03-14,UPI
3052,4372,4,2024-04-16,UPI
3053,2483,13,2024-11-15,Net Banking
3054,4986,4,2023-02-12,UPI
3055,3763,4,2024-11-13,UPI
3056,4301,8,2023-08-26,UPI
3057,512,13,2023-11-20,UPI
3058,1310,14,2023-02-03,Debit Card
3059,706,1,2024-01-13,UPI
3060,2411,3,2023-06-19,Credit Card
3061,3670,9,2024-12-16,Cash
3062,883,3,2025-06-15,Cash
3063,680,1,2023-08-29,UPI
3064,3143,13,2023-06-03,UPI
3065,1198,5,2024-03-22,Debit Card
3066,2488,4,2025-03-09,UPI
3067,266,10,2024-02-24,Cash
3068,3494,13,2023-09-08,Credit Card
3069,2788,8,2024-10-12,UPI
3070,3311,11,2023-11-25,Net Banking
3071,1428,12,2023-08-23,UPI
3072,1447,11,2024-03-24,UPI
3073,4067,9,2023-10-18,Cash
3074,3670,10,2023-12-25,Credit Card
3075,2976,5,2024-08-19,Net Banking
3076,3209,1,2025-01-10,UPI
3077,486,4,2025-10-11,UPI
3078,4330,3,2025-12-15,UPI
3079,3929,6,2023-07-01,UPI
3080,3029,15,2024-10-16,Debit Card
3081,4616,2,2025-11-29,Debit Card
3082,879,5,2025-02-20,Credit Card
3083,3523,8,2023-08-15,UPI
3084,4828,11,2024-02-25,Debit Card
3085,1604,5,2023-05-26,UPI
3086,74,5,2023-04-03,Debit Card
3087,3750,8,2025-08-22,Cash
3088,26,11,2023-11-23,Credit Card
3089,4404,5,2024-05-29,UPI
3090,296,4,2024-03-25,Debit Card
3091,3343,10,2024-01-13,Cash
3092,1975,9,2023-06-14,Credit Card
3093,1069,2,2025-11-04,Credit Card
3094,4531,1,2023-11-29,Net Banking
3095,3814,4,2024-07-05,Credit Card
3096,1772,10,2024-12-19,UPI
3097,1474,12,2025-01-31,Credit Card
3098,3756,3,2023-06-22,Credit Card
3099,4218,9,2024-03-18,UPI
3100,3658,3,2024-04-29,UPI
3101,3274,3,2025-10-20,Net Banking
3102,1190,10,2023-09-26,UPI
3103,4308,13,2023-02-13,Debit Card
3104,3833,7,2024-06-25,Cash
3105,2653,13,2023-12-09,UPI
3106,2625,12,2024-03-17,UPI
3107,2927,2,2023-03-09,UPI
3108,4182,11,2025-12-29,Credit Card
3109,3796,8,2023-11-06,Net Banking
3110,4330,6,2024-04-15,Credit Card
3111,2607,12,2024-01-01,UPI
3112,3195,11,2025-05-12,UPI
3113,4321,12,2025-03-08,UPI
3114,1209,14,2024-10-02,UPI
3115,2315,9,2024-08-25,UPI
3116,3174,8,2025-11-05,UPI
3117,4597,4,2025-06-22,UPI
3118,78,8,2025-07-30,UPI
3119,1106,4,2025-06-26,Net Banking
3120,1216,11,2024-09-23,Credit Card
3121,1691,15,2024-12-15,Debit Card
3122,1460,5,2024-05-04,UPI
3123,3027,11,2023-08-09,Cash
3124,4469,10,2025-07-07,UPI
3125,3260,11,2025-02-15,Net Banking
3126,1251,15,2024-07-11,Cash
3127,4361,7,2024-11-06,Net Banking
3128,3231,6,2024-02-19,Debit Card
3129,1140,5,2023-06-12,Debit Card
3130,1894,2,2025-02-20,Cash
3131,4012,14,2023-03-15,Debit Card
3132,3776,15,2024-02-21,Debit Card
3133,2962,15,2025-04-04,UPI
3134,759,5,2024-10-01,UPI
3135,4076,15,2025-05-01,Cash
3136,1591,10,2024-01-24,Credit Card
3137,3938,7,2024-02-10,UPI
3138,3311,11,2023-06-20,Credit Card
3139,1368,13,2023-08-18,Debit Card
3140,1105,6,2024-08-25,UPI
3141,684,6,2024-11-08,Debit Card
3142,1254,5,2025-07-16,UPI
3143,822,14,2025-07-13,UPI
3144,3152,14,2023-07-21,Credit Card
3145,3074,15,2025-08-20,UPI
3146,3007,9,2025-11-10,Credit Card
3147,3284,1,2025-08-06,Credit Card
3148,4118,4,2023-01-31,Net Banking
3149,4585,7,2024-09-02,UPI
3150,1199,1,2025-11-03,Credit Card
3151,3017,13,2023-03-29,Cash
3152,409,12,2024-03-07,UPI
3153,622,11,2025-12-17,UPI
3154,3352,15,2025-01-20,UPI
3155,2520,4,2023-08-29,UPI
3156,3873,6,2024-04-01,UPI
3157,2223,10,2023-05-05,Credit Card
3158,668,8,2025-05-24,Credit Card
3159,4402,7,2023-10-24,UPI
3160,427,12,2023-02-02,UPI
3161,987,9,2023-01-27,Debit Card
3162,1437,15,2023-03-10,Cash
3163,4977,7,2025-09-28,UPI
3164,2172,3,2024-01-02,Credit Card
3165,2583,10,2024-05-03,UPI
3166,3929,4,2025-07-12,Credit Card
3167,3257,3,2024-04-30,UPI
3168,4245,9,2025-06-07,UPI
3169,2519,15,2024-03-23,Debit Card
3170,4859,11,2024-12-29,Cash
3171,4050,11,2025-02-04,Debit Card
3172,2102,8,2024-08-08,Net Banking
3173,1999,10,2024-12-24,Debit Card
3174,4673,13,2023-08-14,Debit Card
3175,3510,9,2024-02-03,UPI
3176,3178,10,2025-07-05,UPI
3177,3869,10,2024-05-06,Debit Card
3178,2882,2,2025-02-13,Cash
3179,830,5,2023-05-17,Net Banking
3180,1660,5,2024-07-03,Credit Card
3181,2872,7,2025-11-24,Credit Card
3182,90,4,2025-09-13,UPI
3183,2272,4,2024-01-29,Debit Card
3184,3859,8,2025-08-24,Debit Card
3185,855,1,2023-09-28,UPI
3186,339,6,2025-09-11,Cash
3187,4217,9,2024-05-15,Credit Card
3188,3154,13,2024-02-14,Credit Card
3189,917,13,2023-01-24,UPI
3190,4090,13,2025-07-08,UPI
3191,3368,15,2025-07-10,Net Banking
3192,1738,2,2023-03-24,Net Banking
3193,1973,5,2025-07-18,Debit Card
3194,809,10,2025-04-13,Credit Card
3195,4214,10,2025-11-26,UPI
3196,2617,9,2025-07-23,UPI
3197,2869,15,2025-11-02,UPI
3198,4452,11,2023-05-28,Credit Card
3199,78,12,2024-11-21,Cash
3200,353,4,2025-09-22,Debit Card
3201,839,15,2024-03-21,Debit Card
3202,157,9,2024-04-18,UPI
3203,3368,8,2024-12-04,Cash
3204,3243,9,2024-03-19,Cash
3205,1097,13,2024-04-10,UPI
3206,783,13,2023-10-28,UPI
3207,766,13,2025-11-14,UPI
3208,4777,2,2023-09-08,Debit Card
3209,3551,10,2023-10-17,Cash
3210,3003,5,2023-06-13,UPI
3211,1667,15,2024-10-21,UPI
3212,2248,10,2024-10-19,UPI
3213,461,9,2024-04-04,Debit Card
3214,4996,5,2023-10-15,Credit Card
3215,3856,12,2024-10-16,Cash
3216,3178,4,2023-06-27,Net Banking
3217,3017,8,2025-02-05,Cash
3218,2596,6,2025-02-12,UPI
3219,1333,2,2023-11-06,UPI
3220,1178,8,2023-01-13,UPI
3221,2827,12,2023-07-27,UPI
3222,370,5,2025-07-24,Cash
3223,392,7,2025-11-14,Cash
3224,2882,4,2024-09-14,Credit Card
3225,4620,9,2024-04-02,Net Banking
3226,4590,2,2025-05-06,Credit Card
3227,50,12,2025-09-26,Credit Card
3228,551,10,2024-12-16,Credit Card
3229,2991,9,2025-04-27,Credit Card
3230,4284,4,2024-09-13,UPI
3231,4784,6,2024-03-24,UPI
3232,4343,5,2023-11-17,Credit Card
3233,3486,3,2023-12-21,Credit Card
3234,1056,7,2024-09-22,Cash
3235,383,4,2023-04-29,Credit Card
3236,250,1,2025-09-01,Cash
3237,3137,14,2024-08-05,Net Banking
3238,187,14,2025-02-26,Debit Card
3239,3778,8,2025-03-16,UPI
3240,3641,3,2025-02-12,Credit Card
3241,414,6,2025-03-23,Cash
3242,4563,12,2025-07-21,Credit Card
3243,2682,2,2025-12-03,Cash
3244,4555,9,2024-07-08,Debit Card
3245,4547,4,2023-09-28,UPI
3246,1031,7,2023-05-25,UPI
3247,1993,15,2023-03-29,Debit Card
3248,700,9,2025-03-23,UPI
3249,3950,13,2025-01-02,Credit Card
3250,2596,11,2023-06-17,UPI
3251,4671,3,2023-08-02,UPI
3252,1085,13,2023-01-09,UPI
3253,3531,3,2023-08-19,Credit Card
3254,4949,3,2024-04-29,Cash
3255,3410,14,2023-04-08,Credit Card
3256,364,15,2025-03-11,Cash
3257,3020,5,2025-12-27,Debit Card
3258,933,10,2025-10-15,Cash
3259,161,6,2023-03-26,Debit Card
3260,1740,3,2024-01-16,UPI
3261,1376,10,2025-10-23,UPI
3262,4007,9,2023-02-23,Net Banking
3263,1957,1,2023-08-18,Debit Card
3264,3739,7,2023-04-07,UPI
3265,81,11,2025-09-27,Credit Card
3266,70,9,2023-06-29,Debit Card
3267,154,5,2025-11-23,UPI
3268,1142,3,2024-01-09,UPI
3269,1960,13,2025-11-14,UPI
3270,3118,15,2023-05-03,UPI
3271,4926,10,2025-07-13,UPI
3272,1858,4,2024-07-20,Credit Card
3273,292,8,2025-05-01,UPI
3274,1013,12,2023-08-27,UPI
3275,4528,14,2025-05-29,Credit Card
3276,3588,15,2024-04-08,Credit Card
3277,4013,3,2024-01-10,UPI
3278,644,15,2024-07-21,UPI
3279,705,5,2023-08-01,Credit Card
3280,577,12,2025-12-08,Credit Card
3281,4334,3,2024-07-26,Credit Card
3282,1092,15,2025-08-17,UPI
3283,3289,14,2025-08-16,Credit Card
3284,2649,15,2025-01-07,Debit Card
3285,2803,12,2024-12-31,Cash
3286,1017,15,2024-12-26,Credit Card
3287,3253,6,2025-08-01,Net Banking
3288,226,12,2023-01-20,Cash
3289,4967,1,2024-12-12,UPI
3290,144,7,2023-06-24,Credit Card
3291,260,15,2023-04-25,UPI
3292,1678,15,2025-11-17,Credit Card
3293,4196,11,2024-11-24,UPI
3294,1331,14,2024-02-04,UPI
3295,2449,6,2023-07-16,Cash
3296,90,12,2024-07-31,Credit Card
3297,410,6,2023-01-12,Cash
3298,3118,3,2024-11-06,UPI
3299,1013,1,2023-03-05,UPI
3300,3556,11,2024-08-11,UPI
3301,3991,15,2023-01-04,Credit Card
3302,4298,1,2024-06-29,Cash
3303,696,7,2025-01-03,Debit Card
3304,2370,4,2023-06-21,UPI
3305,4750,14,2024-08-17,Credit Card
3306,3939,6,2024-07-03,Debit Card
3307,599,4,2025-11-19,UPI
3308,2585,8,2023-11-25,Credit Card
3309,4631,12,2023-05-17,Debit Card
3310,2291,9,2024-08-02,Net Banking
3311,4222,2,2024-06-29,UPI
3312,2551,1,2025-10-31,Debit Card
3313,548,1,2024-04-24,Debit Card
3314,773,15,2023-05-11,Credit Card
3315,244,14,2023-12-28,Cash
3316,1016,13,2025-12-16,Credit Card
3317,4507,12,2023-08-11,Debit Card
3318,3328,12,2024-01-23,Cash
3319,3775,7,2025-06-08,Credit Card
3320,3179,13,2024-06-16,Credit Card
3321,2027,14,2024-06-02,Credit Card
3322,1132,2,2024-07-06,Cash
3323,4649,3,2023-11-04,UPI
3324,2643,12,2024-01-24,Debit Card
3325,2494,4,2024-06-29,UPI
3326,4982,9,2024-10-13,UPI
3327,2014,10,2025-12-30,Cash
3328,4318,2,2023-01-04,UPI
3329,4355,14,2024-11-26,UPI
3330,1211,10,2025-11-10,Debit Card
3331,491,2,2023-05-31,Credit Card
3332,4879,13,2023-04-22,Net Banking
3333,2224,1,2023-06-27,Net Banking
3334,8,15,2025-08-26,UPI
3335,2570,8,2023-06-01,UPI
3336,3168,14,2025-05-04,UPI
3337,3954,15,2024-05-27,Credit Card
3338,4732,13,2023-02-22,UPI
3339,4597,8,2025-02-13,UPI
3340,4719,5,2024-07-21,Credit Card
3341,166,3,2025-03-17,UPI
3342,3639,1,2024-05-19,Cash
3343,1175,2,2023-09-17,Net Banking
3344,977,14,2024-05-25,UPI
3345,4062,9,2023-01-26,Debit Card
3346,2173,8,2023-10-07,UPI
3347,4606,10,2025-04-24,UPI
3348,223,11,2024-08-22,Credit Card
3349,4070,4,2024-12-14,UPI
3350,714,13,2025-02-05,UPI
3351,917,3,2024-10-20,Net Banking
3352,2481,5,2023-07-20,UPI
3353,2069,8,2024-07-22,Debit Card
3354,2517,14,2025-01-10,Cash
3355,4718,10,2024-02-07,Debit Card
3356,3365,6,2024-07-28,Debit Card
3357,1505,10,2023-01-20,UPI
3358,903,15,2025-09-24,Net Banking
3359,2185,11,2025-07-26,Debit Card
3360,2357,4,2025-07-21,Net Banking
3361,3086,8,2025-07-27,Net Banking
3362,1375,4,2023-11-01,UPI
3363,3923,5,2023-09-23,Credit Card
3364,511,2,2024-12-09,Debit Card
3365,2881,10,2025-06-01,Cash
3366,3188,4,2025-11-10,Net Banking
3367,1080,15,2023-03-12,Net Banking
3368,4166,10,2024-08-27,UPI
3369,3145,14,2025-07-03,Debit Card
3370,3303,10,2023-09-21,UPI
3371,2564,3,2023-09-23,Cash
3372,4571,12,2024-10-30,UPI
3373,3553,15,2024-07-21,Cash
3374,2004,12,2023-01-21,Net Banking
3375,1240,8,2023-12-04,UPI
3376,374,8,2025-11-21,Credit Card
3377,860,14,2024-02-07,UPI
3378,4967,7,2025-12-27,Credit Card
3379,2122,6,2024-06-22,UPI
3380,4531,9,2025-10-28,UPI
3381,888,14,2025-07-16,Credit Card
3382,2220,4,2025-10-06,UPI
3383,4816,4,2024-08-21,Credit Card
3384,472,6,2025-08-26,Debit Card
3385,3048,1,2023-05-17,Credit Card
3386,4618,2,2024-03-17,UPI
3387,4760,2,2025-02-25,UPI
3388,4273,13,2024-09-23,UPI
3389,4328,10,2025-12-15,Debit Card
3390,3338,4,2024-04-25,UPI
3391,1149,5,2023-11-14,Net Banking
3392,3730,13,2024-06-09,Debit Card
3393,4895,14,2025-10-25,UPI
3394,2702,14,2024-08-11,UPI
3395,1350,2,2024-07-03,Debit Card
3396,2945,8,2025-07-07,Cash
3397,3542,5,2023-05-03,Credit Card
3398,1085,8,2023-06-02,UPI
3399,3674,9,2024-04-08,Cash
3400,3015,15,2024-08-01,Net Banking
3401,3138,13,2024-07-11,UPI
3402,1587,11,2025-02-10,Cash
3403,807,9,2024-10-09,Debit Card
3404,3188,4,2023-06-29,Credit Card
3405,3008,10,2024-11-25,Debit Card
3406,1762,2,2023-01-22,UPI
3407,1532,14,2023-05-12,Debit Card
3408,1817,11,2024-08-08,Credit Card
3409,2525,2,2023-06-27,UPI
3410,4874,12,2025-03-14,Cash
3411,3906,5,2024-12-12,UPI
3412,4304,10,2024-05-06,Credit Card
3413,2601,4,2023-02-08,UPI
3414,2704,6,2023-06-01,Debit Card
3415,1072,9,2023-12-25,Debit Card
3416,3684,7,2024-06-14,Net Banking
3417,2196,12,2023-06-22,UPI
3418,3797,14,2023-08-13,UPI
3419,2137,11,2025-10-19,Credit Card
3420,556,4,2024-09-06,UPI
3421,903,7,2024-03-29,Cash
3422,4109,2,2024-04-16,UPI
3423,1342,5,2023-03-31,UPI
3424,1370,12,2025-02-14,UPI
3425,4673,11,2025-01-31,Debit Card
3426,3366,9,2023-03-16,Cash
3427,585,11,2024-07-31,Debit Card
3428,752,14,2025-01-30,Debit Card
3429,1412,9,2025-02-07,UPI
3430,3048,4,2024-08-01,Debit Card
3431,3845,8,2024-12-03,UPI
3432,1423,5,2023-05-05,Credit Card
3433,4397,3,2025-09-26,Debit Card
3434,560,13,2023-04-01,UPI
3435,1082,6,2023-09-08,Debit Card
3436,4851,4,2024-02-09,Cash
3437,702,13,2023-02-04,Cash
3438,4484,13,2023-05-04,UPI
3439,3603,3,2024-10-16,UPI
3440,386,4,2025-09-16,Debit Card
3441,2507,13,2023-03-07,Cash
3442,2665,1,2023-02-08,Credit Card
3443,4688,10,2025-05-06,Net Banking
3444,2192,8,2024-09-13,Credit Card
3445,2337,9,2024-04-22,UPI
3446,578,6,2023-01-25,UPI
3447,3273,5,2025-04-21,Cash
3448,1098,12,2023-07-13,UPI
3449,405,9,2025-11-13,UPI
3450,4989,4,2023-01-24,Debit Card
3451,1395,14,2023-09-26,UPI
3452,739,1,2024-09-25,Cash
3453,3588,12,2023-10-29,Credit Card
3454,4146,13,2023-08-27,Debit Card
3455,337,11,2024-05-17,Net Banking
3456,543,7,2025-08-03,Cash
3457,463,1,2025-10-26,UPI
3458,246,14,2024-04-05,Cash
3459,3376,15,2023-07-24,Debit Card
3460,3020,12,2023-06-16,UPI
3461,3397,9,2023-03-25,Cash
3462,2601,4,2025-04-12,UPI
3463,4126,12,2023-11-18,Cash
3464,2818,3,2025-01-14,Debit Card
3465,4616,4,2025-10-25,UPI
3466,2517,1,2023-10-07,UPI
3467,4017,6,2024-02-05,Credit Card
3468,2126,7,2024-12-04,Credit Card
3469,2260,7,2024-11-27,Cash
3470,4287,5,2024-10-05,Cash
3471,551,14,2025-10-19,Credit Card
3472,2908,10,2024-11-26,UPI
3473,3706,12,2024-01-20,Debit Card
3474,3837,10,2025-04-17,Credit Card
3475,3036,5,2023-04-25,UPI
3476,2347,6,2023-06-14,Debit Card
3477,1350,10,2024-12-30,Cash
3478,4571,12,2024-12-17,Debit Card
3479,1939,8,2023-05-29,UPI
3480,4062,9,2024-07-11,Credit Card
3481,164,14,2023-01-18,Credit Card
3482,1209,6,2025-11-07,Net Banking
3483,1809,3,2023-12-20,Net Banking
3484,3450,6,2024-03-19,UPI
3485,1660,15,2023-10-10,Net Banking
3486,218,4,2024-06-07,Cash
3487,907,4,2024-08-09,UPI
3488,1345,11,2025-11-05,Debit Card
3489,915,11,2023-05-06,UPI
3490,1071,7,2023-03-07,Net Banking
3491,3927,6,2023-01-03,UPI
3492,2153,8,2023-03-01,Debit Card
3493,2119,11,2025-06-04,UPI
3494,4840,8,2025-04-19,Cash
3495,2336,3,2024-05-09,Debit Card
3496,4662,11,2024-03-12,Cash
3497,1549,4,2023-12-06,Credit Card
3498,2098,2,2023-03-02,UPI
3499,2074,1,2025-02-18,Credit Card
3500,2814,7,2023-07-11,Credit Card
3501,2999,8,2025-08-11,Credit Card
3502,1284,12,2024-09-15,Credit Card
3503,4034,15,2023-02-19,UPI
3504,2555,8,2024-03-31,Net Banking
3505,27,13,2025-03-24,UPI
3506,3035,6,2023-06-20,Net Banking
3507,4056,7,2024-06-04,Cash
3508,1295,8,2025-08-16,Credit Card
3509,198,4,2025-03-13,UPI
3510,4094,8,2024-11-20,UPI
3511,4885,6,2023-11-13,UPI
3512,400,12,2025-05-14,Credit Card
3513,4714,7,2024-05-24,UPI
3514,1881,10,2025-02-04,Credit Card
3515,4726,14,2024-08-22,Cash
3516,3322,7,2024-12-01,Debit Card
3517,4494,8,2024-09-09,UPI
3518,3993,11,2023-06-09,Net Banking
3519,151,14,2024-11-15,UPI
3520,345,15,2023-01-03,Debit Card
3521,2702,5,2025-01-23,UPI
3522,678,2,2025-01-30,Debit Card
3523,2400,8,2024-07-28,Credit Card
3524,4785,1,2023-07-10,UPI
3525,1523,15,2025-06-26,Debit Card
3526,2525,13,2024-06-02,UPI
3527,2015,13,2023-09-24,Debit Card
3528,3214,2,2024-02-05,Credit Card
3529,1012,5,2024-08-18,Cash
3530,1350,4,2024-06-10,UPI
3531,4337,12,2023-09-16,UPI
3532,4107,11,2025-08-10,Cash
3533,4009,2,2025-05-02,Credit Card
3534,3935,15,2025-06-14,Cash
3535,2395,4,2024-05-10,Net Banking
3536,3719,7,2023-09-24,Credit Card
3537,2034,5,2023-12-09,UPI
3538,520,15,2025-01-25,Cash
3539,2057,13,2025-12-17,Net Banking
3540,828,4,2023-04-28,UPI
3541,2052,2,2025-02-11,Debit Card
3542,1539,2,2024-05-09,Cash
3543,3077,1,2025-10-01,UPI
3544,1893,10,2024-09-10,Credit Card
3545,3611,14,2025-08-19,Debit Card
3546,2629,6,2024-11-22,Debit Card
3547,4619,6,2025-05-29,UPI
3548,470,4,2025-07-27,UPI
3549,3529,9,2023-06-17,UPI
3550,3458,13,2024-06-20,UPI
3551,4765,4,2025-05-26,UPI
3552,1944,3,2023-09-03,Credit Card
3553,1585,11,2023-01-26,UPI
3554,899,10,2023-08-28,UPI
3555,1371,9,2024-11-30,UPI
3556,2584,1,2023-05-03,Debit Card
3557,4225,13,2023-03-08,Cash
3558,1474,15,2025-02-26,UPI
3559,822,2,2024-04-03,UPI
3560,1411,1,2025-10-30,Cash
3561,522,7,2024-08-04,Debit Card
3562,4653,12,2024-09-22,Debit Card
3563,4406,13,2025-06-25,Debit Card
3564,1596,1,2024-06-14,UPI
3565,1279,11,2025-03-11,Net Banking
3566,4559,11,2025-05-24,Cash
3567,5,1,2024-03-20,UPI
3568,3083,6,2023-12-30,Debit Card
3569,4602,6,2025-09-23,UPI
3570,2613,11,2023-03-09,Credit Card
3571,9,12,2023-10-09,UPI
3572,1140,5,2025-04-08,UPI
3573,4631,4,2025-07-16,Debit Card
3574,85,8,2025-10-10,Cash
3575,2064,3,2025-10-17,UPI
3576,4009,1,2023-08-26,Cash
3577,4226,1,2024-01-02,UPI
3578,2483,5,2025-01-12,Debit Card
3579,1210,3,2024-02-28,Net Banking
3580,3078,3,2024-06-19,UPI
3581,1364,11,2024-05-01,UPI
3582,1321,15,2023-12-10,Credit Card
3583,4095,2,2024-01-04,Debit Card
3584,802,9,2025-11-12,Cash
3585,22,11,2023-12-14,Debit Card
3586,1755,13,2023-01-03,Debit Card
3587,2532,6,2023-04-17,Credit Card
3588,3609,7,2025-10-25,UPI
3589,3971,2,2023-03-23,Credit Card
3590,3402,11,2024-08-05,Debit Card
3591,3202,1,2025-02-09,Credit Card
3592,3411,8,2024-02-28,Cash
3593,1408,14,2025-02-22,UPI
3594,2007,10,2024-07-09,Credit Card
3595,3149,15,2025-01-29,UPI
3596,346,4,2023-12-04,Debit Card
3597,1527,13,2025-11-30,Debit Card
3598,2120,9,2024-04-21,Debit Card
3599,2742,12,2025-12-24,Net Banking
3600,2519,9,2023-10-05,Net Banking
3601,3668,13,2023-07-23,UPI
3602,2457,11,2024-06-21,UPI
3603,4555,12,2025-05-31,UPI
3604,1992,4,2025-05-17,Credit Card
3605,2700,10,2023-02-22,Cash
3606,10,3,2024-12-10,UPI
3607,1605,5,2025-07-06,Credit Card
3608,4375,6,2025-10-11,Debit Card
3609,1733,10,2024-08-02,UPI
3610,1310,4,2025-10-10,Debit Card
3611,2798,1,2024-04-20,Cash
3612,410,7,2024-03-14,UPI
3613,2731,15,2025-02-16,Debit Card
3614,1573,5,2024-08-23,Credit Card
3615,2011,2,2025-02-25,Cash
3616,4022,14,2025-09-29,UPI
3617,3390,11,2023-01-01,Cash
3618,2332,14,2023-10-06,UPI
3619,2965,9,2023-06-09,Credit Card
3620,3919,8,2025-08-30,UPI
3621,3809,10,2024-09-25,UPI
3622,967,7,2023-01-02,Credit Card
3623,1557,15,2025-10-20,Debit Card
3624,1824,13,2023-01-10,Debit Card
3625,977,15,2025-09-23,Net Banking
3626,56,9,2024-09-12,UPI
3627,908,10,2024-03-19,Debit Card
3628,4099,2,2024-07-04,UPI
3629,2813,14,2023-11-22,UPI
3630,1780,13,2023-09-08,UPI
3631,3120,3,2023-02-10,UPI
3632,3781,9,2024-12-09,Credit Card
3633,1859,6,2023-06-18,UPI
3634,2427,2,2025-02-21,UPI
3635,337,6,2023-11-20,Cash
3636,3063,14,2023-02-17,UPI
3637,1867,14,2024-06-26,Net Banking
3638,2250,5,2023-06-01,UPI
3639,2208,10,2024-11-17,Cash
3640,3232,5,2024-02-28,Credit Card
3641,2941,5,2024-02-05,Cash
3642,2203,2,2025-03-20,Credit Card
3643,85,14,2024-06-23,Debit Card
3644,3175,6,2024-11-24,Credit Card
3645,4435,13,2023-03-16,Debit Card
3646,3929,7,2024-06-12,UPI
3647,4904,9,2025-10-09,Credit Card
3648,728,14,2024-04-03,UPI
3649,1161,5,2023-01-06,Net Banking
3650,2776,11,2024-09-24,Cash
3651,1225,15,2025-08-11,UPI
3652,181,11,2025-10-29,UPI
3653,2105,5,2023-04-12,Debit Card
3654,1490,15,2023-02-06,UPI
3655,1364,15,2024-04-05,UPI
3656,4777,9,2025-06-23,UPI
3657,1239,6,2024-09-18,UPI
3658,676,7,2023-08-05,Credit Card
3659,651,4,2024-10-12,UPI
3660,4090,4,2024-04-22,Cash
3661,3653,1,2023-01-08,UPI
3662,676,11,2023-04-11,UPI
3663,1144,5,2023-03-16,Credit Card
3664,3820,2,2023-11-05,UPI
3665,1423,5,2024-11-04,UPI
3666,4904,5,2024-12-05,UPI
3667,2784,4,2025-01-12,UPI
3668,1002,15,2023-11-21,UPI
3669,4337,13,2025-01-02,Debit Card
3670,1660,12,2023-10-01,Credit Card
3671,1498,10,2023-12-04,UPI
3672,1694,13,2025-04-02,UPI
3673,3926,9,2023-03-21,UPI
3674,904,5,2023-07-06,Credit Card
3675,2004,6,2023-11-15,UPI
3676,161,14,2024-06-25,UPI
3677,4172,1,2025-11-03,UPI
3678,1776,12,2023-07-24,Cash
3679,1284,5,2024-05-21,UPI
3680,2977,12,2025-12-29,UPI
3681,3608,9,2025-05-31,Credit Card
3682,4114,12,2023-10-26,Cash
3683,1822,11,2023-11-11,Credit Card
3684,4112,6,2023-03-29,UPI
3685,2419,9,2024-03-17,UPI
3686,522,12,2023-07-18,Cash
3687,4274,13,2023-04-12,Cash
3688,2819,4,2023-11-09,Cash
3689,3093,2,2023-10-14,Credit Card
3690,4711,15,2025-01-16,Credit Card
3691,2879,9,2024-03-30,UPI
3692,23,4,2024-02-24,Credit Card
3693,4397,14,2024-01-29,Debit Card
3694,1474,11,2024-11-01,Credit Card
3695,2583,14,2025-09-07,UPI
3696,1075,2,2024-07-09,Cash
3697,1539,1,2023-04-11,Credit Card
3698,3523,2,2024-04-10,Cash
3699,2235,5,2025-05-06,Credit Card
3700,3203,3,2023-08-29,UPI
3701,4154,13,2025-09-24,Debit Card
3702,1776,6,2025-05-29,Net Banking
3703,2922,14,2024-07-10,UPI
3704,3958,4,2025-10-24,Credit Card
3705,3654,2,2023-09-09,Cash
3706,2779,13,2025-07-15,UPI
3707,2012,7,2023-08-16,UPI
3708,2127,12,2023-02-20,Credit Card
3709,2248,11,2025-11-24,Credit Card
3710,1827,6,2023-02-17,Credit Card
3711,3585,8,2023-04-28,Credit Card
3712,652,13,2024-10-04,Cash
3713,4841,10,2023-07-02,UPI
3714,3962,5,2024-12-15,UPI
3715,1544,3,2023-01-04,UPI
3716,223,4,2023-10-04,Debit Card
3717,3636,5,2023-08-28,UPI
3718,3746,5,2023-09-02,UPI
3719,4832,6,2023-01-13,Cash
3720,1313,9,2023-11-12,UPI
3721,425,4,2025-06-21,Credit Card
3722,4597,7,2024-03-20,Credit Card
3723,1342,7,2025-01-21,UPI
3724,3685,15,2025-09-27,UPI
3725,317,6,2024-01-06,Net Banking
3726,3887,1,2025-02-13,Net Banking
3727,664,9,2023-11-17,Cash
3728,3566,6,2024-05-04,Credit Card
3729,2734,3,2024-02-08,Credit Card
3730,4789,11,2023-11-13,Cash
3731,194,2,2025-04-13,Debit Card
3732,1514,14,2023-02-08,Cash
3733,368,12,2024-01-04,UPI
3734,4432,12,2023-05-01,Debit Card
3735,3047,3,2024-12-31,Credit Card
3736,2750,11,2025-08-27,Net Banking
3737,688,1,2024-07-07,Cash
3738,2525,3,2024-11-11,UPI
3739,2090,15,2025-07-06,UPI
3740,1643,5,2025-05-16,Credit Card
3741,3939,4,2024-09-06,Credit Card
3742,322,10,2024-01-15,Cash
3743,3307,1,2024-08-16,UPI
3744,4151,5,2024-02-23,Cash
3745,4564,3,2025-11-17,Credit Card
3746,3810,10,2025-11-05,Cash
3747,1463,11,2023-06-18,Cash
3748,3083,14,2025-06-03,Net Banking
3749,742,13,2025-09-22,Debit Card
3750,599,14,2024-12-10,Cash
3751,3271,7,2025-02-19,Cash
3752,4301,14,2024-01-18,Credit Card
3753,355,10,2023-01-09,Credit Card
3754,546,14,2023-03-12,Net Banking
3755,2912,11,2025-04-21,UPI
3756,1137,13,2023-06-13,Net Banking
3757,3137,8,2023-11-27,Credit Card
3758,1117,5,2023-09-15,UPI
3759,597,10,2023-05-31,Credit Card
3760,2811,8,2023-06-23,Debit Card
3761,4354,6,2023-01-09,UPI
3762,3515,6,2024-03-26,Debit Card
3763,4131,5,2024-08-29,Cash
3764,1377,11,2024-10-24,Net Banking
3765,4470,10,2023-09-24,Credit Card
3766,1975,6,2024-11-07,UPI
3767,4307,14,2025-02-28,Credit Card
3768,2446,1,2023-06-05,UPI
3769,1390,8,2023-09-18,Cash
3770,1350,5,2024-04-14,Cash
3771,2920,8,2024-01-16,UPI
3772,411,3,2025-09-18,Debit Card
3773,4675,10,2024-01-31,UPI
3774,1408,6,2025-01-01,UPI
3775,1745,1,2024-12-10,UPI
3776,1212,1,2024-05-16,UPI
3777,10,4,2024-09-24,Credit Card
3778,3548,14,2024-11-09,Net Banking
3779,3029,12,2025-04-08,UPI
3780,4099,14,2024-09-11,Cash
3781,215,10,2023-07-14,UPI
3782,4669,13,2024-07-20,UPI
3783,1716,6,2025-06-23,Debit Card
3784,4585,3,2024-08-18,Credit Card
3785,549,13,2023-03-29,UPI
3786,3805,11,2023-09-25,Credit Card
3787,2973,11,2024-10-15,Debit Card
3788,1877,12,2024-10-09,Debit Card
3789,412,12,2023-05-02,UPI
3790,3101,5,2025-10-29,UPI
3791,141,10,2023-08-31,UPI
3792,2581,11,2025-02-17,UPI
3793,3099,4,2024-10-18,Cash
3794,3739,10,2023-03-25,UPI
3795,4957,12,2025-04-02,Debit Card
3796,1350,3,2023-11-22,Net Banking
3797,1667,9,2024-07-07,Cash
3798,1777,4,2024-07-30,UPI
3799,3737,10,2024-12-10,Cash
3800,4686,15,2023-10-25,Net Banking
3801,4872,7,2023-05-26,Debit Card
3802,4742,5,2023-09-05,Debit Card
3803,4434,7,2024-08-05,Debit Card
3804,4953,5,2024-12-30,Cash
3805,1972,3,2024-09-08,Credit Card
3806,4754,6,2024-05-15,UPI
3807,3891,9,2023-02-25,Net Banking
3808,877,15,2023-03-14,UPI
3809,238,15,2024-11-06,Debit Card
3810,1116,12,2024-01-25,Credit Card
3811,3960,6,2025-04-06,Debit Card
3812,3228,4,2024-12-24,Debit Card
3813,1168,15,2025-02-03,UPI
3814,3795,1,2023-07-28,UPI
3815,741,3,2023-09-09,UPI
3816,4148,3,2025-04-27,Net Banking
3817,4036,2,2025-11-05,Debit Card
3818,4862,10,2025-12-18,UPI
3819,789,15,2024-06-09,Credit Card
3820,4563,2,2025-06-13,UPI
3821,1777,8,2023-01-10,UPI
3822,2169,15,2024-07-08,Cash
3823,2435,8,2023-04-18,Debit Card
3824,3203,3,2024-12-07,Credit Card
3825,4974,4,2023-04-05,Credit Card
3826,3078,5,2024-01-06,Credit Card
3827,4653,11,2023-09-24,Credit Card
3828,1321,9,2023-06-04,Debit Card
3829,2088,5,2023-11-18,Cash
3830,2596,11,2025-04-25,Credit Card
3831,1667,6,2023-04-02,UPI
3832,4889,7,2025-06-21,Debit Card
3833,3703,11,2025-06-10,UPI
3834,2486,2,2024-02-11,Debit Card
3835,3841,4,2024-12-05,UPI
3836,2431,6,2025-04-01,UPI
3837,86,4,2023-04-25,UPI
3838,2798,5,2025-11-17,UPI
3839,3196,3,2025-03-26,Credit Card
3840,4904,2,2025-05-04,UPI
3841,213,14,2023-05-25,UPI
3842,2629,1,2025-10-19,Net Banking
3843,509,3,2025-04-03,Net Banking
3844,781,10,2025-10-13,Debit Card
3845,3129,9,2024-10-22,UPI
3846,1206,1,2023-02-03,Cash
3847,3832,8,2023-11-23,Debit Card
3848,2639,5,2023-05-08,Debit Card
3849,1137,12,2024-10-20,Cash
3850,2543,4,2024-07-12,Credit Card
3851,3,5,2024-09-13,UPI
3852,4357,11,2024-03-20,Net Banking
3853,57,7,2024-04-21,Cash
3854,26,14,2023-12-12,Cash
3855,3136,8,2024-10-24,Cash
3856,4868,2,2023-06-03,Credit Card
3857,4328,6,2023-10-01,Cash
3858,1303,14,2024-03-28,Cash
3859,1029,4,2024-05-20,Credit Card
3860,3201,14,2025-05-26,Debit Card
3861,4150,8,2023-11-04,Credit Card
3862,1895,13,2025-04-30,UPI
3863,2246,12,2024-12-17,Credit Card
3864,591,4,2025-05-17,UPI
3865,800,12,2023-07-29,Credit Card
3866,2922,3,2024-08-01,UPI
3867,526,5,2024-02-15,Credit Card
3868,1063,4,2024-08-02,UPI
3869,1218,15,2023-02-14,Debit Card
3870,2315,12,2023-11-04,Credit Card
3871,239,5,2023-05-17,Credit Card
3872,2575,9,2023-12-10,Cash
3873,4670,14,2023-12-09,Credit Card
3874,127,11,2023-02-07,UPI
3875,3223,3,2023-06-14,UPI
3876,4216,15,2023-12-04,UPI
3877,1618,14,2024-01-16,UPI
3878,688,2,2024-04-10,Cash
3879,227,2,2024-01-12,Debit Card
3880,3293,14,2025-03-17,UPI
3881,2837,9,2024-12-06,UPI
3882,1193,7,2023-05-07,Credit Card
3883,4196,10,2025-12-15,UPI
3884,3753,12,2024-01-03,UPI
3885,1432,4,2023-02-19,Cash
3886,3847,6,2025-07-05,Credit Card
3887,1271,10,2025-12-13,Cash
3888,3476,6,2023-12-25,UPI
3889,610,3,2023-07-16,UPI
3890,3548,9,2025-10-08,Cash
3891,1240,4,2023-03-09,Debit Card
3892,2941,1,2024-03-28,Debit Card
3893,900,2,2023-10-09,Debit Card
3894,3705,5,2025-02-04,Credit Card
3895,319,14,2025-08-03,Net Banking
3896,860,14,2023-02-14,Cash
3897,960,8,2024-03-30,Debit Card
3898,218,7,2025-05-17,Debit Card
3899,3806,9,2025-05-19,UPI
3900,4902,1,2024-05-20,Credit Card
3901,3959,2,2024-07-09,Credit Card
3902,4343,15,2024-02-09,UPI
3903,24,10,2025-12-17,Debit Card
3904,605,4,2024-06-18,UPI
3905,2878,7,2025-09-20,Credit Card
3906,4895,13,2023-01-29,Cash
3907,3382,15,2025-04-10,UPI
3908,1960,13,2025-10-29,Credit Card
3909,767,1,2023-08-27,UPI
3910,800,5,2023-03-20,UPI
3911,1898,2,2025-08-24,Debit Card
3912,3646,14,2024-11-07,UPI
3913,164,15,2025-02-28,UPI
3914,4306,2,2025-06-17,Credit Card
3915,4726,2,2023-06-07,Debit Card
3916,4487,15,2024-08-12,Credit Card
3917,4585,9,2023-06-26,UPI
3918,75,11,2025-02-13,Cash
3919,4895,10,2023-05-14,UPI
3920,1918,5,2023-12-07,Debit Card
3921,4390,15,2024-11-16,Debit Card
3922,975,8,2023-09-03,Cash
3923,2335,13,2023-11-18,Credit Card
3924,231,10,2023-09-03,Cash
3925,205,6,2025-04-30,UPI
3926,4733,11,2023-03-29,Credit Card
3927,4103,1,2024-07-22,Credit Card
3928,2719,10,2025-01-26,UPI
3929,2701,9,2023-05-22,UPI
3930,3829,15,2025-12-23,Debit Card
3931,1781,7,2023-01-12,Credit Card
3932,3895,11,2025-01-12,UPI
3933,2514,2,2023-10-21,UPI
3934,3265,14,2023-10-12,Cash
3935,4839,8,2023-07-28,UPI
3936,2446,2,2023-05-03,UPI
3937,2181,2,2023-04-27,Credit Card
3938,4560,4,2025-04-21,Cash
3939,4550,8,2025-03-03,Debit Card
3940,4966,7,2024-02-23,Net Banking
3941,2833,2,2024-06-03,Net Banking
3942,1798,10,2023-04-15,Cash
3943,1248,6,2024-04-13,Credit Card
3944,177,11,2024-07-02,Debit Card
3945,3709,11,2024-09-10,UPI
3946,1212,4,2025-07-28,Credit Card
3947,3112,10,2023-08-03,UPI
3948,4606,13,2025-09-01,UPI
3949,4762,1,2024-03-23,UPI
3950,17,8,2023-07-09,UPI
3951,1652,8,2023-07-02,UPI
3952,4222,6,2023-12-18,UPI
3953,2757,10,2025-05-29,Credit Card
3954,4094,14,2024-04-07,Credit Card
3955,4313,7,2024-12-16,Credit Card
3956,2306,12,2023-04-22,UPI
3957,1879,13,2025-09-09,Net Banking
3958,2370,3,2024-12-27,Credit Card
3959,3343,9,2024-05-04,Credit Card
3960,1923,4,2025-09-02,Credit Card
3961,3951,11,2023-03-09,Debit Card
3962,4555,15,2025-06-26,Credit Card
3963,1462,2,2024-11-18,UPI
3964,4839,4,2023-04-09,Cash
3965,3186,2,2023-08-24,UPI
3966,4426,12,2023-06-10,Credit Card
3967,535,4,2023-07-05,Debit Card
3968,1301,2,2023-12-18,Net Banking
3969,1664,12,2024-11-06,UPI
3970,1569,15,2024-08-22,Credit Card
3971,897,14,2023-10-25,Net Banking
3972,4384,11,2023-03-27,UPI
3973,2182,15,2023-11-25,UPI
3974,4830,8,2023-12-03,Credit Card
3975,2995,6,2025-04-05,UPI
3976,727,14,2024-06-30,Cash
3977,2813,8,2023-02-04,Debit Card
3978,4968,11,2023-01-02,UPI
3979,2910,1,2023-11-24,Credit Card
3980,5,9,2023-12-08,UPI
3981,4691,12,2024-06-12,Cash
3982,1220,11,2024-09-21,UPI
3983,3532,14,2024-07-01,Debit Card
3984,2644,2,2024-01-15,UPI
3985,1682,8,2023-05-18,Credit Card
3986,1466,4,2025-11-07,Net Banking
3987,4670,14,2025-10-10,UPI
3988,4582,15,2025-01-25,UPI
3989,2633,2,2023-09-26,Cash
3990,1341,13,2025-03-19,Credit Card
3991,524,1,2024-06-06,Debit Card
3992,814,12,2025-03-22,Cash
3993,2684,4,2025-03-01,Cash
3994,1594,10,2023-05-28,Credit Card
3995,222,15,2025-02-14,Credit Card
3996,2369,1,2024-11-27,Credit Card
3997,3814,8,2025-01-31,UPI
3998,4498,2,2023-03-09,Cash
3999,3003,8,2024-06-18,UPI
4000,3690,10,2025-09-27,UPI
4001,1907,1,2023-10-16,Net Banking
4002,2554,7,2025-12-28,UPI
4003,3724,7,2023-08-18,UPI
4004,3713,5,2023-12-15,Credit Card
4005,2217,3,2024-06-09,Debit Card
4006,2798,6,2024-04-20,UPI
4007,4641,11,2023-04-20,Cash
4008,3230,5,2024-10-19,UPI
4009,3285,9,2024-09-21,UPI
4010,3988,4,2025-03-05,UPI
4011,591,9,2025-10-26,UPI
4012,2685,14,2023-04-24,UPI
4013,4812,10,2025-09-19,Credit Card
4014,1894,6,2024-11-05,Net Banking
4015,1523,9,2023-09-07,Cash
4016,3086,3,2025-09-30,Cash
4017,1153,12,2023-06-05,Cash
4018,2860,14,2024-08-01,UPI
4019,809,13,2024-09-26,UPI
4020,2976,1,2023-12-24,Debit Card
4021,3093,12,2023-05-02,Credit Card
4022,2181,6,2023-11-06,UPI
4023,2009,4,2025-01-18,Net Banking
4024,1273,11,2023-10-01,Credit Card
4025,1716,10,2024-05-25,Cash
4026,2566,15,2024-06-02,UPI
4027,1281,4,2024-03-11,UPI
4028,3980,4,2025-01-23,Credit Card
4029,3630,1,2024-07-05,UPI
4030,1394,5,2023-09-12,Net Banking
4031,504,9,2024-11-11,Cash
4032,1,3,2025-08-18,Credit Card
4033,3063,12,2023-05-27,Net Banking
4034,1099,2,2025-08-04,UPI
4035,57,12,2024-11-19,Debit Card
4036,1880,2,2024-06-30,UPI
4037,4821,15,2023-05-09,UPI
4038,3538,10,2023-04-12,UPI
4039,4337,7,2023-07-14,UPI
4040,759,14,2025-10-09,Credit Card
4041,389,6,2025-10-03,UPI
4042,52,15,2024-07-29,Credit Card
4043,4790,2,2024-06-27,Debit Card
4044,1553,13,2023-01-21,UPI
4045,2396,1,2023-10-17,UPI
4046,2063,7,2024-03-18,Debit Card
4047,3727,14,2023-10-20,Credit Card
4048,1604,15,2025-07-11,UPI
4049,2753,11,2024-12-12,Cash
4050,4979,6,2024-08-28,Net Banking
4051,2316,5,2023-09-13,Credit Card
4052,2834,5,2024-06-12,Debit Card
4053,2585,10,2024-11-07,Cash
4054,4076,13,2023-04-14,Net Banking
4055,1380,3,2024-02-20,Net Banking
4056,888,11,2023-02-14,Net Banking
4057,3851,15,2024-04-28,Cash
4058,2168,12,2023-04-14,Credit Card
4059,4588,5,2023-10-13,Debit Card
4060,3294,14,2025-04-01,Debit Card
4061,2905,12,2025-04-10,UPI
4062,372,6,2025-12-10,UPI
4063,3727,11,2024-10-24,Debit Card
4064,3523,7,2024-03-26,Debit Card
4065,3274,7,2024-04-25,Cash
4066,1390,13,2024-10-21,UPI
4067,4747,10,2024-01-14,Net Banking
4068,1665,10,2024-08-08,UPI
4069,797,8,2025-09-16,UPI
4070,4934,5,2024-11-23,UPI
4071,3814,14,2024-04-15,Cash
4072,2163,4,2025-08-04,UPI
4073,4703,12,2025-12-20,UPI
4074,471,7,2025-01-26,Net Banking
4075,452,2,2024-02-28,UPI
4076,3504,8,2025-03-14,UPI
4077,924,4,2025-03-14,UPI
4078,4610,10,2025-08-07,Net Banking
4079,4237,1,2024-09-29,Cash
4080,1589,2,2025-10-17,Credit Card
4081,4487,15,2023-08-17,UPI
4082,225,1,2024-12-13,Net Banking
4083,2824,5,2023-03-11,UPI
4084,4702,1,2024-11-13,Credit Card
4085,4326,11,2024-02-13,Credit Card
4086,1865,14,2025-08-23,Net Banking
4087,955,12,2023-04-13,Debit Card
4088,1095,9,2023-10-02,Credit Card
4089,2641,11,2023-01-02,Debit Card
4090,3063,15,2024-05-04,Cash
4091,170,11,2025-12-15,Cash
4092,2161,4,2024-12-22,Debit Card
4093,4188,10,2023-02-16,Cash
4094,2320,3,2024-12-14,Credit Card
4095,883,14,2023-05-15,Debit Card
4096,4787,9,2025-07-22,UPI
4097,1377,4,2023-04-19,Credit Card
4098,4059,1,2023-02-25,UPI
4099,1011,2,2025-11-27,Credit Card
4100,2211,4,2025-03-16,UPI
4101,2528,11,2023-11-07,Credit Card
4102,2578,1,2025-04-22,Cash
4103,2650,6,2024-03-16,UPI
4104,1172,7,2025-01-02,Credit Card
4105,2648,1,2025-02-05,UPI
4106,2500,6,2024-05-05,Credit Card
4107,1088,3,2023-06-07,Debit Card
4108,4940,7,2025-09-22,UPI
4109,4373,11,2023-02-12,UPI
4110,4481,2,2023-02-27,UPI
4111,3519,2,2023-12-16,Debit Card
4112,834,15,2023-02-10,Credit Card
4113,2920,11,2023-03-22,UPI
4114,4144,15,2025-03-11,Debit Card
4115,202,4,2023-11-03,Credit Card
4116,2551,11,2024-03-30,Debit Card
4117,2072,8,2024-02-07,Cash
4118,1104,3,2023-04-20,Credit Card
4119,1981,8,2023-10-15,Debit Card
4120,4918,7,2024-10-27,Debit Card
4121,3689,5,2025-05-20,Credit Card
4122,1551,15,2023-03-21,Debit Card
4123,3106,12,2023-05-17,Cash
4124,1276,4,2025-12-27,Cash
4125,3131,14,2024-05-08,UPI
4126,4518,10,2024-11-16,Net Banking
4127,2867,10,2023-04-19,Cash
4128,3743,2,2024-05-25,Net Banking
4129,2360,9,2025-12-28,UPI
4130,2691,4,2025-10-16,Credit Card
4131,3563,5,2025-08-09,Credit Card
4132,4113,2,2023-01-24,UPI
4133,3376,2,2025-07-25,Credit Card
4134,4892,2,2025-02-07,Cash
4135,4139,10,2025-11-30,Debit Card
4136,3958,2,2025-12-13,UPI
4137,4271,9,2024-07-18,UPI
4138,1459,13,2023-07-24,Credit Card
4139,2246,12,2025-11-27,UPI
4140,2906,5,2024-08-26,UPI
4141,2405,11,2024-01-28,Credit Card
4142,4280,6,2023-01-30,UPI
4143,144,4,2023-10-19,Cash
4144,1090,2,2023-03-22,Cash
4145,4442,3,2023-10-30,Cash
4146,309,14,2023-08-30,Credit Card
4147,1183,3,2023-09-10,Debit Card
4148,1841,15,2025-01-05,Cash
4149,3838,11,2025-12-10,UPI
4150,2881,11,2024-11-20,Debit Card
4151,4785,10,2025-04-21,Credit Card
4152,1190,8,2025-11-19,UPI
4153,4402,8,2023-11-12,Cash
4154,1468,15,2025-12-29,Debit Card
4155,1273,6,2024-04-25,Debit Card
4156,2566,11,2023-01-14,UPI
4157,376,13,2024-09-14,UPI
4158,2016,10,2024-06-03,Cash
4159,1865,11,2023-05-10,UPI
4160,835,8,2025-12-17,Net Banking
4161,4344,3,2023-12-07,Cash
4162,2025,7,2025-02-04,UPI
4163,4907,5,2023-05-02,UPI
4164,4539,14,2023-11-16,UPI
4165,1013,9,2025-02-11,UPI
4166,2600,9,2023-01-09,UPI
4167,3088,5,2025-04-09,UPI
4168,4132,6,2023-05-31,Debit Card
4169,4469,1,2023-02-20,Net Banking
4170,3191,12,2024-06-08,UPI
4171,184,14,2023-04-03,UPI
4172,2495,12,2025-09-24,Cash
4173,4465,14,2023-03-10,UPI
4174,3649,4,2024-08-16,UPI
4175,4395,15,2023-10-04,UPI
4176,3469,1,2025-08-21,UPI
4177,230,4,2024-04-25,Debit Card
4178,4842,12,2024-05-25,UPI
4179,4614,1,2025-05-05,Credit Card
4180,660,13,2023-09-09,Credit Card
4181,581,14,2024-04-21,Cash
4182,2775,10,2023-02-05,Credit Card
4183,3867,4,2024-05-15,UPI
4184,2005,6,2024-09-09,Credit Card
4185,712,9,2023-10-14,Net Banking
4186,2624,2,2025-02-05,UPI
4187,1758,2,2023-12-24,UPI
4188,1842,6,2025-12-24,Cash
4189,3299,11,2023-02-24,Cash
4190,4469,10,2024-06-08,UPI
4191,2877,12,2024-04-09,Debit Card
4192,3528,13,2024-11-02,UPI
4193,3380,6,2025-11-08,Credit Card
4194,2834,12,2025-12-21,Cash
4195,1609,3,2025-11-25,Cash
4196,1978,2,2025-08-05,UPI
4197,1643,14,2024-03-30,Credit Card
4198,4611,3,2023-09-29,Credit Card
4199,4172,12,2023-10-07,Credit Card
4200,2973,12,2024-08-07,UPI
4201,4583,4,2025-12-14,Net Banking
4202,4476,13,2023-12-20,Credit Card
4203,4662,4,2024-06-29,UPI
4204,1156,7,2025-08-25,Debit Card
4205,3665,4,2023-06-23,UPI
4206,3125,10,2023-07-30,UPI
4207,3744,14,2023-02-12,UPI
4208,1362,6,2023-03-18,UPI
4209,3561,6,2023-12-12,UPI
4210,2140,13,2025-11-25,Credit Card
4211,4209,14,2023-04-14,Credit Card
4212,4043,10,2023-01-07,Credit Card
4213,1099,3,2024-11-07,UPI
4214,958,9,2023-12-21,Debit Card
4215,3666,15,2024-09-12,UPI
4216,2832,14,2025-10-21,Debit Card
4217,2871,10,2025-11-20,Net Banking
4218,3845,14,2025-07-04,Credit Card
4219,4324,5,2023-04-26,Credit Card
4220,1240,10,2023-04-14,Debit Card
4221,2858,15,2023-01-07,Credit Card
4222,4184,15,2025-06-12,UPI
4223,4407,9,2023-04-13,Debit Card
4224,1490,10,2024-06-10,Credit Card
4225,536,6,2023-06-19,Net Banking
4226,1211,6,2024-07-31,UPI
4227,4741,9,2023-03-10,Credit Card
4228,2407,13,2023-10-31,Debit Card
4229,2182,10,2023-12-20,Debit Card
4230,61,15,2024-03-22,UPI
4231,266,13,2025-03-03,UPI
4232,3429,5,2025-01-07,UPI
4233,3024,3,2024-03-13,Debit Card
4234,2957,3,2025-02-16,Debit Card
4235,568,2,2024-04-04,UPI
4236,1842,2,2023-04-11,Cash
4237,4113,14,2025-10-03,Credit Card
4238,912,6,2025-01-14,UPI
4239,4446,8,2025-02-05,UPI
4240,627,13,2024-02-03,UPI
4241,883,11,2025-09-05,Debit Card
4242,2483,8,2025-02-14,Credit Card
4243,4740,8,2024-08-09,Net Banking
4244,1709,10,2024-11-09,UPI
4245,3368,7,2023-03-25,UPI
4246,3021,2,2023-08-23,UPI
4247,784,15,2024-08-25,UPI
4248,1284,10,2023-11-15,UPI
4249,4676,11,2023-06-13,Credit Card
4250,965,2,2024-09-11,Credit Card
4251,3561,13,2023-07-02,Debit Card
4252,4839,10,2025-06-07,UPI
4253,616,7,2025-06-12,Credit Card
4254,2090,4,2024-03-23,Debit Card
4255,1166,6,2023-10-08,UPI
4256,1155,9,2025-03-27,UPI
4257,613,5,2024-03-24,UPI
4258,3324,10,2024-08-15,UPI
4259,3814,4,2025-04-17,Debit Card
4260,3484,3,2024-01-22,UPI
4261,4644,7,2024-05-31,UPI
4262,766,7,2023-06-18,UPI
4263,1661,7,2024-02-14,UPI
4264,1801,5,2024-04-22,Debit Card
4265,1209,13,2025-07-01,Debit Card
4266,747,10,2025-10-09,Credit Card
4267,2521,8,2024-01-11,Debit Card
4268,4209,11,2025-06-14,Cash
4269,4784,2,2024-07-06,Debit Card
4270,676,4,2025-04-10,Cash
4271,4152,1,2023-05-11,UPI
4272,4158,6,2023-01-06,Cash
4273,2041,6,2025-11-04,Credit Card
4274,567,3,2023-06-21,Cash
4275,4951,1,2023-04-19,Debit Card
4276,3357,12,2025-09-08,UPI
4277,4909,5,2023-02-18,Cash
4278,2506,12,2025-10-01,UPI
4279,2067,14,2023-08-18,Credit Card
4280,1281,1,2024-05-07,UPI
4281,4918,3,2023-08-22,Debit Card
4282,1311,8,2024-04-28,Credit Card
4283,124,10,2024-03-31,Net Banking
4284,2630,9,2025-06-18,UPI
4285,1975,3,2024-05-03,Credit Card
4286,1352,9,2024-08-25,Credit Card
4287,3248,7,2025-02-18,Cash
4288,1908,8,2025-09-13,Credit Card
4289,2104,6,2024-09-12,Credit Card
4290,118,15,2025-07-09,Net Banking
4291,3023,13,2023-12-17,UPI
4292,631,14,2025-10-12,Credit Card
4293,1113,5,2025-05-07,Credit Card
4294,3664,10,2024-06-14,UPI
4295,1627,13,2023-05-13,Credit Card
4296,848,8,2023-12-25,UPI
4297,2965,12,2023-07-24,Debit Card
4298,1118,14,2024-01-21,Debit Card
4299,1405,14,2025-12-14,Debit Card
4300,3177,15,2024-02-09,Credit Card
4301,3782,14,2024-03-14,UPI
4302,3780,2,2023-12-09,Credit Card
4303,2504,7,2024-10-23,Credit Card
4304,2365,14,2025-08-04,UPI
4305,4005,1,2024-07-17,Credit Card
4306,1007,7,2025-04-28,Credit Card
4307,797,15,2025-02-21,Credit Card
4308,3409,6,2023-03-21,UPI
4309,2138,4,2024-09-29,Credit Card
4310,3631,3,2024-12-18,Cash
4311,1330,9,2025-03-04,Cash
4312,1678,6,2023-05-22,Debit Card
4313,4520,14,2023-04-04,Debit Card
4314,2197,6,2023-05-11,Cash
4315,3032,13,2023-08-14,Credit Card
4316,548,1,2025-10-18,Credit Card
4317,931,5,2024-04-22,Cash
4318,187,15,2025-05-13,Debit Card
4319,2216,12,2025-04-04,Credit Card
4320,4947,7,2024-12-13,UPI
4321,4411,14,2025-12-18,Credit Card
4322,3236,4,2025-02-24,UPI
4323,4346,12,2025-12-15,Debit Card
4324,3049,14,2024-01-17,Credit Card
4325,1935,2,2023-11-24,Credit Card
4326,906,15,2023-02-25,Cash
4327,3344,13,2025-08-29,UPI
4328,1007,9,2024-03-18,Credit Card
4329,2173,6,2024-11-09,Credit Card
4330,4165,9,2023-07-21,UPI
4331,674,8,2023-06-26,UPI
4332,674,15,2025-09-24,Credit Card
4333,1169,1,2024-03-28,UPI
4334,2837,2,2023-04-04,Cash
4335,1301,2,2023-03-05,Net Banking
4336,2589,13,2024-02-08,UPI
4337,1562,2,2025-09-02,Credit Card
4338,2603,14,2023-12-26,UPI
4339,1440,4,2023-07-21,UPI
4340,4898,7,2024-03-09,Debit Card
4341,2539,7,2025-11-23,UPI
4342,3805,1,2023-02-11,Debit Card
4343,3594,8,2024-06-29,Credit Card
4344,2528,4,2023-04-01,Credit Card
4345,1240,8,2024-02-23,UPI
4346,2624,10,2025-09-24,Credit Card
4347,3497,9,2024-01-07,UPI
4348,2397,7,2025-09-29,UPI
4349,422,3,2023-05-01,UPI
4350,90,12,2023-06-14,Net Banking
4351,1697,3,2025-05-17,UPI
4352,788,5,2024-12-03,Cash
4353,4562,7,2023-03-31,UPI
4354,915,14,2023-08-06,Debit Card
4355,2062,12,2023-02-23,Cash
4356,3639,7,2023-04-05,Debit Card
4357,4118,9,2023-08-17,UPI
4358,2483,15,2023-03-07,UPI
4359,941,1,2023-06-27,Cash
4360,1404,14,2023-06-20,Credit Card
4361,2182,3,2025-02-28,Credit Card
4362,1912,1,2024-09-27,UPI
4363,1826,6,2024-10-26,Credit Card
4364,689,12,2025-03-25,Credit Card
4365,4585,10,2024-02-21,Debit Card
4366,155,7,2023-08-11,UPI
4367,2291,2,2023-01-31,Debit Card
4368,4902,14,2023-08-30,Debit Card
4369,3379,9,2024-03-19,Credit Card
4370,1864,13,2024-08-03,UPI
4371,766,12,2024-11-27,UPI
4372,4833,5,2023-07-06,Credit Card
4373,67,3,2023-05-03,Credit Card
4374,3498,14,2025-03-10,Credit Card
4375,4437,7,2023-05-06,UPI
4376,133,7,2025-08-18,Cash
4377,3701,1,2024-03-07,UPI
4378,4998,6,2023-12-04,Debit Card
4379,3274,15,2024-04-21,Cash
4380,2163,3,2025-03-06,Debit Card
4381,4411,15,2025-06-26,UPI
4382,2849,7,2024-09-24,UPI
4383,3832,5,2024-03-17,Cash
4384,3017,15,2025-03-14,Credit Card
4385,199,4,2024-10-05,Credit Card
4386,1111,13,2025-10-04,Credit Card
4387,410,10,2024-03-24,Credit Card
4388,548,7,2024-05-27,Net Banking
4389,75,13,2023-05-22,Net Banking
4390,2192,13,2024-09-23,UPI
4391,929,15,2025-11-27,Credit Card
4392,4328,13,2023-04-15,Credit Card
4393,3836,7,2025-06-03,Net Banking
4394,2944,8,2024-06-05,UPI
4395,2525,5,2024-07-04,Cash
4396,1325,4,2023-03-20,Debit Card
4397,2467,1,2023-02-27,Debit Card
4398,3283,4,2025-04-04,UPI
4399,3977,14,2024-09-13,Debit Card
4400,420,11,2023-01-19,UPI
4401,3626,10,2024-09-08,Debit Card
4402,3801,1,2024-01-19,Cash
4403,2878,7,2024-07-01,Cash
4404,1116,6,2023-07-23,Credit Card
4405,2776,7,2024-01-30,Credit Card
4406,2585,8,2025-10-05,UPI
4407,2471,15,2024-04-21,UPI
4408,2398,6,2024-01-03,UPI
4409,570,2,2024-09-01,Credit Card
4410,955,2,2024-08-11,UPI
4411,504,9,2024-07-24,UPI
4412,1258,6,2023-01-15,UPI
4413,1363,6,2025-03-13,Credit Card
4414,1272,1,2023-10-11,Credit Card
4415,1098,8,2024-11-05,Debit Card
4416,3753,14,2024-10-10,Credit Card
4417,4130,11,2024-04-13,Debit Card
4418,1692,8,2023-06-21,Cash
4419,1584,4,2024-03-19,UPI
4420,4263,7,2024-06-16,Debit Card
4421,3190,15,2025-07-22,Debit Card
4422,1519,9,2024-09-26,Debit Card
4423,3644,14,2023-03-28,Credit Card
4424,1801,11,2025-09-05,Debit Card
4425,3009,13,2023-11-10,Cash
4426,4967,1,2023-07-29,Credit Card
4427,1560,12,2025-08-13,Debit Card
4428,4678,13,2023-10-24,UPI
4429,1663,5,2023-07-19,Debit Card
4430,2784,13,2025-07-26,Cash
4431,2397,8,2023-05-04,Debit Card
4432,3982,7,2023-10-13,Credit Card
4433,322,13,2024-10-26,UPI
4434,3203,10,2025-11-13,Cash
4435,3888,4,2024-11-11,Cash
4436,2451,3,2024-01-25,Debit Card
4437,543,1,2023-06-26,Cash
4438,1270,3,2023-04-27,Credit Card
4439,3490,15,2025-05-16,Net Banking
4440,4515,2,2023-01-17,Cash
4441,2197,5,2024-10-15,UPI
4442,2881,14,2025-02-28,Credit Card
4443,1191,1,2025-01-05,UPI
4444,2155,4,2025-07-09,UPI
4445,1755,8,2023-06-26,Credit Card
4446,3357,9,2023-09-11,UPI
4447,4922,15,2024-02-16,Cash
4448,4115,1,2025-08-19,UPI
4449,1004,3,2025-03-16,UPI
4450,2967,6,2024-10-17,Net Banking
4451,351,5,2024-08-11,UPI
4452,1278,12,2024-11-17,UPI
4453,899,1,2025-08-25,Credit Card
4454,1745,2,2023-02-28,UPI
4455,3487,2,2025-03-04,UPI
4456,2575,7,2023-02-17,Credit Card
4457,4691,6,2025-05-19,UPI
4458,1108,13,2023-12-26,Cash
4459,1908,15,2025-02-05,UPI
4460,1711,6,2024-05-11,UPI
4461,1225,1,2025-09-24,Debit Card
4462,4967,13,2024-07-23,Cash
4463,2034,1,2024-12-18,UPI
4464,4720,4,2023-06-12,UPI
4465,2051,10,2025-08-11,Credit Card
4466,1071,15,2025-09-20,Credit Card
4467,614,6,2023-11-28,UPI
4468,4326,11,2024-08-24,UPI
4469,165,6,2024-10-21,Cash
4470,4838,5,2025-09-06,Cash
4471,2179,4,2024-05-19,UPI
4472,1281,2,2025-11-06,UPI
4473,3155,7,2023-10-07,Credit Card
4474,695,12,2023-05-04,UPI
4475,380,6,2024-05-15,UPI
4476,4179,7,2023-12-30,UPI
4477,2217,14,2024-09-24,UPI
4478,2659,3,2023-01-30,UPI
4479,918,1,2023-03-24,Debit Card
4480,322,1,2023-11-23,Credit Card
4481,1927,4,2025-07-26,Cash
4482,2603,4,2023-08-27,Debit Card
4483,3916,7,2024-08-24,Credit Card
4484,2579,13,2023-08-25,UPI
4485,3979,7,2025-04-15,Cash
4486,591,4,2025-05-29,UPI
4487,336,7,2024-07-22,Debit Card
4488,829,8,2024-02-06,UPI
4489,3938,9,2023-06-15,Credit Card
4490,3881,6,2025-06-07,Cash
4491,742,15,2023-05-02,UPI
4492,161,4,2024-01-26,UPI
4493,3516,10,2024-08-22,UPI
4494,4325,2,2023-05-31,Credit Card
4495,3851,9,2024-05-22,Debit Card
4496,1065,12,2024-06-24,UPI
4497,2996,7,2024-12-27,UPI
4498,3867,6,2024-05-17,Credit Card
4499,1324,4,2023-12-31,UPI
4500,2710,4,2025-08-28,Net Banking
4501,1635,2,2023-10-22,Credit Card
4502,1174,1,2023-06-17,UPI
4503,4846,5,2023-11-16,Net Banking
4504,4583,6,2025-06-17,Debit Card
4505,2330,10,2023-05-23,Credit Card
4506,714,9,2023-12-07,UPI
4507,3713,1,2025-03-02,UPI
4508,1324,5,2024-05-13,UPI
4509,878,11,2023-03-28,Debit Card
4510,2001,13,2024-05-25,Cash
4511,2719,5,2025-07-11,UPI
4512,504,9,2024-03-26,Cash
4513,2938,11,2025-05-02,UPI
4514,75,11,2024-05-12,UPI
4515,4498,4,2023-12-13,UPI
4516,4625,13,2023-04-05,Credit Card
4517,3739,13,2024-10-02,Debit Card
4518,2429,3,2024-05-18,Credit Card
4519,1319,3,2023-12-22,Credit Card
4520,3806,6,2025-01-14,UPI
4521,4685,15,2025-05-06,Credit Card
4522,827,11,2023-12-14,Debit Card
4523,2427,1,2025-09-21,UPI
4524,1638,1,2024-09-15,Net Banking
4525,1869,1,2023-01-07,UPI
4526,2119,7,2023-02-11,Debit Card
4527,4772,14,2023-09-22,Credit Card
4528,1342,5,2024-05-11,Cash
4529,2539,14,2023-10-09,Credit Card
4530,4770,14,2023-03-04,Credit Card
4531,2473,11,2024-06-09,Credit Card
4532,4361,15,2025-12-21,Cash
4533,309,9,2024-04-15,Cash
4534,4777,12,2025-10-01,UPI
4535,977,11,2024-10-01,Net Banking
4536,4897,14,2023-03-31,Debit Card
4537,914,15,2024-06-18,UPI
4538,2320,3,2024-09-06,UPI
4539,1597,6,2025-10-08,Cash
4540,2249,7,2025-11-26,Debit Card
4541,1295,3,2023-03-09,UPI
4542,4839,9,2023-06-26,UPI
4543,1586,2,2024-05-16,UPI
4544,3345,12,2024-11-21,UPI
4545,721,12,2024-01-03,Cash
4546,4158,7,2025-12-11,UPI
4547,2797,10,2025-12-25,Debit Card
4548,4897,4,2023-10-05,UPI
4549,2213,15,2025-12-27,Credit Card
4550,1018,9,2023-07-18,UPI
4551,1813,7,2025-06-22,UPI
4552,3762,8,2023-11-17,Cash
4553,3375,11,2024-01-28,Cash
4554,3959,10,2025-02-13,UPI
4555,389,3,2025-05-26,Debit Card
4556,2978,6,2024-10-25,Credit Card
4557,4688,4,2024-07-08,UPI
4558,552,13,2023-11-17,Credit Card
4559,487,4,2025-08-06,Credit Card
4560,3662,12,2025-04-08,UPI
4561,1637,2,2023-04-26,Net Banking
4562,3371,11,2025-11-14,Credit Card
4563,2810,10,2023-01-27,UPI
4564,4928,9,2024-09-19,Debit Card
4565,4489,11,2023-02-03,UPI
4566,3486,1,2023-10-27,UPI
4567,1352,1,2023-09-01,UPI
4568,1354,7,2025-05-06,UPI
4569,4443,15,2025-02-13,UPI
4570,3003,10,2024-12-09,UPI
4571,4009,7,2025-03-17,Debit Card
4572,2349,4,2025-09-20,UPI
4573,530,14,2025-05-20,Credit Card
4574,1727,8,2023-05-18,Cash
4575,836,5,2024-08-29,Debit Card
4576,3973,6,2025-08-03,Credit Card
4577,3593,12,2025-09-05,Cash
4578,456,4,2024-08-19,UPI
4579,3178,3,2024-06-25,UPI
4580,4411,2,2024-11-14,Debit Card
4581,3575,8,2025-03-17,UPI
4582,2624,11,2023-05-23,Credit Card
4583,1613,5,2025-04-12,UPI
4584,4478,10,2024-12-10,Net Banking
4585,2209,6,2024-07-27,UPI
4586,4326,14,2025-09-13,Debit Card
4587,3982,6,2023-06-20,UPI
4588,4119,4,2025-12-05,Net Banking
4589,4950,9,2024-02-07,UPI
4590,3829,7,2025-11-22,Cash
4591,177,12,2025-10-17,Credit Card
4592,1078,12,2025-09-16,Credit Card
4593,184,10,2023-04-11,Debit Card
4594,990,12,2025-05-05,UPI
4595,322,13,2024-01-31,Credit Card
4596,2582,8,2025-03-08,UPI
4597,151,7,2023-04-15,UPI
4598,2455,4,2024-09-04,Cash
4599,4532,9,2023-06-11,Net Banking
4600,3829,2,2024-04-29,Net Banking
4601,4736,14,2024-02-27,Cash
4602,1180,5,2024-09-10,Cash
4603,2730,14,2025-07-09,Net Banking
4604,1657,2,2025-09-06,UPI
4605,2543,8,2023-10-06,UPI
4606,2869,9,2025-11-14,UPI
4607,187,3,2025-09-19,UPI
4608,1212,5,2025-02-10,Cash
4609,3607,9,2023-10-11,Net Banking
4610,3943,6,2024-09-10,UPI
4611,2927,3,2023-07-03,UPI
4612,1404,6,2025-11-09,UPI
4613,2119,9,2023-09-07,Debit Card
4614,497,11,2023-07-12,Net Banking
4615,4777,11,2025-01-07,Credit Card
4616,4387,10,2023-01-02,UPI
4617,346,7,2025-04-10,Debit Card
4618,866,4,2024-09-19,UPI
4619,2981,4,2024-02-01,Debit Card
4620,1209,1,2023-04-29,Credit Card
4621,4696,3,2025-04-15,Net Banking
4622,3858,12,2023-05-16,Net Banking
4623,1416,9,2025-02-07,Debit Card
4624,24,1,2024-01-09,Debit Card
4625,4062,13,2024-07-18,UPI
4626,2216,2,2025-12-01,UPI
4627,3285,2,2024-02-24,Cash
4628,1488,8,2024-08-27,UPI
4629,751,6,2025-06-22,Credit Card
4630,3476,7,2025-09-12,Cash
4631,2351,11,2024-07-25,Credit Card
4632,1221,4,2025-10-12,Cash
4633,721,11,2023-12-18,UPI
4634,2979,4,2023-05-18,Debit Card
4635,3703,4,2024-08-24,UPI
4636,1474,12,2023-07-15,Cash
4637,3753,6,2024-12-27,Credit Card
4638,956,12,2023-10-22,Credit Card
4639,1763,12,2025-10-07,UPI
4640,3806,13,2023-12-05,Cash
4641,3380,13,2025-10-09,Credit Card
4642,1401,4,2025-06-15,UPI
4643,631,14,2025-03-20,Cash
4644,223,1,2023-09-21,Net Banking
4645,4226,1,2023-10-22,UPI
4646,394,8,2024-06-12,Debit Card
4647,589,2,2024-12-19,Credit Card
4648,1233,12,2025-11-04,Debit Card
4649,2330,9,2025-07-23,Credit Card
4650,4010,10,2023-03-08,UPI
4651,1281,8,2024-03-02,Credit Card
4652,2798,15,2023-08-08,Net Banking
4653,465,1,2023-02-24,UPI
4654,2417,10,2023-08-20,Debit Card
4655,923,11,2024-08-08,Cash
4656,1098,8,2024-02-11,UPI
4657,1921,9,2023-03-02,Cash
4658,3891,4,2024-08-04,UPI
4659,3806,7,2024-10-30,UPI
4660,2165,4,2025-09-07,Credit Card
4661,611,13,2025-06-26,Debit Card
4662,1457,3,2025-12-30,UPI
4663,2601,11,2025-04-10,UPI
4664,4390,1,2023-09-06,Credit Card
4665,4843,2,2023-08-08,UPI
4666,3262,7,2024-07-24,UPI
4667,1838,6,2025-02-11,Debit Card
4668,3551,15,2023-05-21,Debit Card
4669,1751,15,2023-10-22,Net Banking
4670,3199,13,2024-11-27,UPI
4671,1265,8,2024-01-11,UPI
4672,1380,11,2023-03-02,Debit Card
4673,395,3,2023-07-13,Net Banking
4674,2186,6,2024-01-20,Credit Card
4675,3160,12,2025-12-11,UPI
4676,4007,6,2025-12-29,Cash
4677,4102,12,2023-01-14,Debit Card
4678,4966,2,2025-08-21,UPI
4679,453,1,2023-06-11,Net Banking
4680,2541,2,2025-12-26,UPI
4681,2681,9,2024-12-08,Cash
4682,4079,13,2024-05-26,Debit Card
4683,1377,6,2024-08-24,Credit Card
4684,367,3,2024-01-24,UPI
4685,1630,15,2023-05-31,UPI
4686,4918,10,2024-04-18,UPI
4687,4537,7,2025-03-20,UPI
4688,2067,1,2023-07-08,UPI
4689,4421,14,2023-04-12,UPI
4690,170,13,2025-10-02,Credit Card
4691,1633,8,2024-10-28,Credit Card
4692,3709,10,2025-07-08,UPI
4693,1155,7,2025-04-14,Credit Card
4694,1041,3,2024-02-18,UPI
4695,4351,13,2025-05-01,Net Banking
4696,3146,4,2025-12-09,UPI
4697,4948,11,2025-12-24,Debit Card
4698,701,7,2025-02-05,UPI
4699,1865,4,2025-08-01,Credit Card
4700,1611,5,2024-01-28,Net Banking
4701,4437,13,2025-11-05,Cash
4702,1321,12,2025-02-17,Debit Card
4703,1851,1,2023-02-09,Cash
4704,751,14,2023-05-26,Cash
4705,3953,5,2024-01-01,Debit Card
4706,1233,10,2023-01-28,Cash
4707,361,14,2023-05-17,UPI
4708,2260,10,2025-03-22,Credit Card
4709,2053,13,2023-01-26,Debit Card
4710,923,14,2024-10-24,UPI
4711,695,12,2025-08-16,Credit Card
4712,4520,4,2023-08-27,UPI
4713,359,3,2024-04-24,Debit Card
4714,516,12,2025-03-07,UPI
4715,1271,9,2023-05-28,Credit Card
4716,4776,1,2023-01-11,Credit Card
4717,440,10,2025-02-21,UPI
4718,4118,5,2023-02-06,Credit Card
4719,4499,10,2025-12-10,Debit Card
4720,1978,13,2025-03-30,Credit Card
4721,1521,2,2025-06-17,Credit Card
4722,3486,5,2024-01-17,UPI
4723,3601,5,2023-11-28,UPI
4724,3967,10,2024-01-01,Net Banking
4725,4189,11,2025-01-03,Credit Card
4726,1391,1,2023-04-24,Credit Card
4727,3525,4,2023-05-15,UPI
4728,704,7,2024-06-17,Credit Card
4729,2624,15,2025-04-05,Net Banking
4730,3138,1,2024-06-06,UPI
4731,841,12,2025-04-29,UPI
4732,399,13,2025-02-04,UPI
4733,1013,14,2024-07-14,Cash
4734,2186,10,2024-03-03,Credit Card
4735,4483,15,2025-10-28,Cash
4736,2732,2,2025-09-20,Cash
4737,3827,4,2024-07-25,Debit Card
4738,910,10,2025-02-26,UPI
4739,545,2,2023-06-25,UPI
4740,1244,2,2023-10-23,UPI
4741,1631,1,2023-12-21,Debit Card
4742,2822,2,2024-03-23,Debit Card
4743,4441,3,2024-01-17,Debit Card
4744,2225,4,2023-10-27,UPI
4745,2664,1,2024-11-10,UPI
4746,18,1,2023-04-19,Net Banking
4747,173,7,2023-02-18,Debit Card
4748,432,5,2023-11-30,Debit Card
4749,3585,13,2025-01-15,UPI
4750,2517,7,2023-01-14,Credit Card
4751,1006,10,2025-03-12,UPI
4752,3039,9,2025-03-23,Debit Card
4753,2806,14,2023-03-16,Credit Card
4754,458,15,2024-07-05,Credit Card
4755,3277,1,2024-05-17,Cash
4756,3921,8,2024-06-05,Debit Card
4757,1486,10,2025-09-29,Net Banking
4758,3528,15,2025-08-02,UPI
4759,1051,4,2023-07-13,Debit Card
4760,3864,9,2023-04-04,Debit Card
4761,4580,13,2025-05-04,UPI
4762,2302,2,2025-08-15,Cash
4763,1269,9,2023-09-04,UPI
4764,2090,8,2024-07-23,Debit Card
4765,1294,14,2025-04-26,UPI
4766,3,6,2023-03-29,Debit Card
4767,3329,5,2025-08-16,Credit Card
4768,223,3,2023-07-24,Credit Card
4769,1095,1,2023-11-07,UPI
4770,3687,15,2024-09-29,Credit Card
4771,3411,6,2025-01-28,Credit Card
4772,389,10,2025-05-06,UPI
4773,3380,5,2024-03-12,Net Banking
4774,4678,8,2024-03-18,Net Banking
4775,392,1,2025-09-05,UPI
4776,2168,13,2024-03-15,Debit Card
4777,3723,10,2025-05-18,Debit Card
4778,3423,1,2023-01-10,Cash
4779,1179,7,2023-02-28,UPI
4780,848,15,2023-04-22,UPI
4781,3987,8,2025-09-22,UPI
4782,4795,14,2025-04-07,Credit Card
4783,3924,10,2025-11-01,Credit Card
4784,4831,12,2025-07-14,Cash
4785,3101,1,2024-05-05,Cash
4786,4673,9,2024-05-20,Credit Card
4787,3541,7,2024-09-14,UPI
4788,4568,7,2025-04-28,UPI
4789,840,8,2023-04-11,UPI
4790,4118,14,2024-01-31,Debit Card
4791,1031,8,2024-12-17,Debit Card
4792,147,13,2023-10-17,Debit Card
4793,2655,1,2025-05-07,UPI
4794,1657,4,2025-09-21,Cash
4795,228,13,2024-01-19,Credit Card
4796,4901,13,2023-03-17,Credit Card
4797,3416,11,2024-09-30,Cash
4798,4548,9,2023-12-14,UPI
4799,4998,3,2025-08-15,UPI
4800,2056,6,2024-04-08,Credit Card
4801,1318,4,2025-05-15,Debit Card
4802,958,1,2023-04-14,Credit Card
4803,2644,3,2025-10-05,Debit Card
4804,3107,3,2023-12-11,UPI
4805,2453,15,2025-06-01,UPI
4806,2034,13,2024-02-07,UPI
4807,875,3,2023-09-11,Net Banking
4808,2302,11,2024-06-17,Debit Card
4809,439,6,2023-07-06,UPI
4810,4370,9,2023-11-08,UPI
4811,246,7,2023-04-11,Cash
4812,1994,7,2023-07-11,UPI
4813,520,1,2023-12-04,Credit Card
4814,3950,13,2023-05-19,Credit Card
4815,1622,15,2025-04-28,Credit Card
4816,583,9,2025-01-16,Credit Card
4817,2731,4,2024-01-02,Debit Card
4818,4604,13,2025-07-05,UPI
4819,4568,8,2024-07-28,Credit Card
4820,1290,12,2024-09-30,Net Banking
4821,3678,1,2024-09-26,Debit Card
4822,158,8,2024-05-30,UPI
4823,689,9,2024-02-21,Credit Card
4824,2575,5,2023-12-09,UPI
4825,1193,7,2024-10-19,Credit Card
4826,4057,11,2025-11-17,UPI
4827,4681,10,2023-09-16,Credit Card
4828,17,2,2023-11-18,Credit Card
4829,1212,1,2025-10-21,UPI
4830,2287,12,2025-06-18,Credit Card
4831,2897,13,2025-04-19,Net Banking
4832,4601,11,2025-08-09,UPI
4833,4498,6,2025-07-29,Credit Card
4834,3261,9,2023-08-09,Credit Card
4835,1333,12,2024-12-16,Cash
4836,3982,1,2024-10-27,UPI
4837,1065,14,2025-04-13,Debit Card
4838,4839,10,2024-06-24,Debit Card
4839,23,1,2025-06-07,Net Banking
4840,2931,4,2024-04-21,UPI
4841,456,10,2023-02-27,Net Banking
4842,2128,6,2024-05-15,Debit Card
4843,3250,14,2023-04-29,Credit Card
4844,3538,15,2023-03-28,UPI
4845,3992,9,2025-01-10,Debit Card
4846,3045,2,2025-10-24,UPI
4847,1300,14,2024-06-03,Net Banking
4848,4490,5,2023-03-16,UPI
4849,4105,7,2023-06-15,Debit Card
4850,835,12,2023-01-07,UPI
4851,4170,4,2025-08-12,UPI
4852,4863,13,2023-03-26,Cash
4853,3261,6,2024-08-19,Cash
4854,1461,6,2025-11-25,UPI
4855,3111,4,2025-07-16,Net Banking
4856,1784,4,2024-08-03,Credit Card
4857,3479,9,2023-02-15,UPI
4858,2808,11,2024-11-23,Credit Card
4859,4673,1,2023-10-29,UPI
4860,3158,13,2023-06-24,UPI
4861,1113,5,2023-02-23,Credit Card
4862,3701,11,2024-11-05,UPI
4863,1557,9,2023-05-15,UPI
4864,1412,9,2025-05-19,UPI
4865,2056,9,2023-05-01,Debit Card
4866,55,2,2023-03-17,Cash
4867,4846,7,2023-03-12,UPI
4868,2734,14,2023-01-27,UPI
4869,3944,10,2023-06-25,Debit Card
4870,1337,8,2024-07-05,Net Banking
4871,3817,1,2024-01-10,Debit Card
4872,2920,2,2025-09-06,UPI
4873,2216,1,2025-11-06,UPI
4874,4851,13,2023-03-28,UPI
4875,2543,9,2025-02-09,UPI
4876,3365,10,2025-11-20,UPI
4877,75,11,2025-01-07,UPI
4878,1559,5,2023-02-03,UPI
4879,4486,4,2025-04-24,Credit Card
4880,3877,8,2024-02-03,Credit Card
4881,2761,3,2023-07-13,Net Banking
4882,4543,8,2024-08-22,Net Banking
4883,2517,3,2023-10-22,UPI
4884,2916,6,2024-06-18,Credit Card
4885,2005,4,2023-01-08,Debit Card
4886,3173,13,2024-02-19,UPI
4887,1658,14,2023-10-26,Net Banking
4888,2022,15,2023-05-06,Net Banking
4889,4839,15,2025-06-12,UPI
4890,570,8,2025-09-06,Cash
4891,543,7,2023-01-16,Credit Card
4892,227,12,2023-01-27,UPI
4893,1662,5,2023-01-10,UPI
4894,2087,13,2025-08-19,UPI
4895,488,14,2023-05-14,Cash
4896,2825,15,2025-07-14,Cash
4897,2994,13,2025-07-13,UPI
4898,3840,3,2023-02-22,Debit Card
4899,4880,5,2023-01-12,UPI
4900,3169,14,2025-05-24,Cash
4901,573,4,2024-03-23,Cash
4902,456,8,2024-06-18,UPI
4903,3958,11,2025-06-12,UPI
4904,3329,5,2024-09-17,UPI
4905,842,10,2024-11-22,Net Banking
4906,1311,10,2025-04-09,UPI
4907,3836,5,2024-09-08,UPI
4908,2915,2,2025-06-24,Debit Card
4909,3001,9,2024-10-18,UPI
4910,1093,15,2024-12-16,Debit Card
4911,3211,6,2025-08-16,Credit Card
4912,3932,11,2024-06-07,Debit Card
4913,4469,1,2023-10-11,Credit Card
4914,3761,3,2025-07-26,UPI
4915,2961,4,2025-02-24,Net Banking
4916,3465,10,2023-04-27,Credit Card
4917,2514,10,2024-03-23,Debit Card
4918,1182,14,2024-12-02,Credit Card
4919,4443,2,2024-12-17,Cash
4920,2736,13,2025-11-23,UPI
4921,3050,11,2025-04-27,Debit Card
4922,4951,13,2024-09-23,UPI
4923,4923,10,2025-02-22,UPI
4924,3008,15,2023-03-10,Cash
4925,177,4,2025-11-17,Cash
4926,2072,2,2025-07-07,UPI
4927,4709,15,2023-05-19,Debit Card
4928,1493,15,2025-05-14,Cash
4929,4999,6,2025-10-23,UPI
4930,435,13,2024-10-27,Net Banking
4931,2920,10,2023-01-21,Cash
4932,2646,15,2023-02-10,Debit Card
4933,1321,9,2024-08-15,Credit Card
4934,4757,1,2023-08-06,Cash
4935,3168,5,2024-10-11,Debit Card
4936,1197,9,2025-09-30,Credit Card
4937,2015,11,2023-11-18,Cash
4938,3684,7,2024-08-10,UPI
4939,1540,14,2025-02-27,UPI
4940,4435,11,2025-08-05,Net Banking
4941,862,6,2025-06-12,UPI
4942,1370,7,2025-10-09,UPI
4943,760,14,2023-12-13,Cash
4944,536,13,2023-09-26,Credit Card
4945,1554,9,2024-09-20,Cash
4946,4999,3,2024-12-15,UPI
4947,487,8,2023-07-29,UPI
4948,1109,1,2023-07-30,Net Banking
4949,1408,10,2024-07-14,Credit Card
4950,3168,6,2024-08-11,Debit Card
4951,3806,9,2023-01-29,Cash
4952,3842,1,2024-06-18,Credit Card
4953,37,5,2023-03-02,UPI
4954,3338,8,2024-05-13,Credit Card
4955,3221,15,2024-11-22,Credit Card
4956,2656,10,2023-07-12,UPI
4957,1985,15,2024-10-26,UPI
4958,4052,11,2024-12-23,Debit Card
4959,1796,6,2025-05-17,UPI
4960,1195,6,2023-06-28,Credit Card
4961,1604,14,2023-06-03,UPI
4962,2288,3,2024-09-25,UPI
4963,1113,8,2024-04-22,Cash
4964,3116,14,2024-11-29,Debit Card
4965,4459,1,2025-12-07,Debit Card
4966,3057,12,2025-05-28,Credit Card
4967,2336,4,2024-04-12,Debit Card
4968,4050,8,2025-07-01,UPI
4969,3826,6,2024-02-02,UPI
4970,1922,11,2025-05-10,UPI
4971,3099,9,2023-01-14,Credit Card
4972,3726,1,2025-08-24,UPI
4973,1273,15,2024-12-28,Credit Card
4974,1918,15,2024-07-28,UPI
4975,544,2,2024-04-07,Debit Card
4976,4936,13,2023-07-28,UPI
4977,444,12,2024-11-15,Cash
4978,878,14,2025-06-28,Debit Card
4979,2490,1,2025-03-21,Credit Card
4980,4371,11,2024-04-22,Debit Card
4981,1865,4,2024-11-10,UPI
4982,3927,13,2023-07-16,UPI
4983,3479,9,2024-11-18,UPI
4984,3271,4,2025-06-18,Credit Card
4985,4270,9,2023-07-20,UPI
4986,67,6,2025-06-14,UPI
4987,4673,5,2025-11-12,Cash
4988,4185,10,2023-07-22,Debit Card
4989,4713,4,2024-11-28,Net Banking
4990,4034,13,2023-10-10,Debit Card
4991,4428,10,2023-09-09,Cash
4992,1067,2,2023-10-24,UPI
4993,1660,13,2024-12-26,Debit Card
4994,1638,8,2025-02-10,UPI
4995,559,3,2023-05-11,UPI
4996,3723,15,2024-10-09,Cash
4997,711,13,2024-07-22,UPI
4998,278,1,2025-05-23,UPI
4999,3953,11,2024-10-23,UPI
5000,4557,10,2024-05-03,Credit Card
5001,3910,7,2024-01-24,UPI
5002,4163,15,2023-05-09,Credit Card
5003,3057,8,2024-08-02,Debit Card
5004,4482,7,2023-12-01,Debit Card
5005,2555,4,2024-06-04,UPI
5006,4942,8,2023-11-21,Debit Card
5007,530,10,2024-11-21,UPI
5008,4099,4,2024-11-15,Cash
5009,3284,15,2025-12-21,UPI
5010,2979,12,2025-07-01,Net Banking
5011,3703,5,2024-08-10,Credit Card
5012,4237,8,2025-08-12,UPI
5013,4358,13,2024-09-15,Debit Card
5014,913,2,2023-12-24,Cash
5015,1031,13,2024-11-22,UPI
5016,81,10,2023-03-26,UPI
5017,689,15,2025-08-04,UPI
5018,1365,8,2023-10-07,UPI
5019,3684,15,2023-11-09,UPI
5020,2471,5,2024-05-12,UPI
5021,3869,5,2023-07-10,Credit Card
5022,2520,7,2024-06-02,UPI
5023,2859,4,2023-11-29,Net Banking
5024,570,3,2025-08-04,Cash
5025,3955,13,2023-02-22,Credit Card
5026,3871,6,2025-06-03,Cash
5027,1591,14,2024-03-08,Credit Card
5028,1702,6,2023-03-17,Debit Card
5029,1144,13,2024-06-12,Cash
5030,4117,10,2023-12-31,Debit Card
5031,3819,12,2023-11-12,UPI
5032,3124,6,2023-10-13,UPI
5033,1240,7,2025-05-02,Credit Card
5034,897,4,2023-03-16,UPI
5035,261,3,2024-10-19,Net Banking
5036,239,3,2023-06-12,UPI
5037,976,3,2024-07-23,Debit Card
5038,520,15,2025-03-18,UPI
5039,2860,13,2024-09-17,Debit Card
5040,1877,2,2023-11-15,Credit Card
5041,2324,6,2024-06-20,Debit Card
5042,3049,1,2023-11-01,Debit Card
5043,3375,6,2025-08-03,UPI
5044,3316,8,2025-06-24,Credit Card
5045,1350,6,2023-10-09,Net Banking
5046,4099,2,2024-05-18,UPI
5047,4613,7,2025-11-05,UPI
5048,1644,12,2023-02-11,Debit Card
5049,85,3,2023-06-23,Debit Card
5050,4536,9,2023-03-11,Credit Card
5051,4641,12,2024-10-02,Cash
5052,265,11,2025-03-09,Credit Card
5053,20,8,2025-10-21,Credit Card
5054,4121,6,2023-12-02,Cash
5055,1560,1,2024-09-20,UPI
5056,4592,2,2023-10-17,UPI
5057,1130,14,2025-06-02,Credit Card
5058,4347,12,2023-11-29,UPI
5059,363,13,2024-11-19,Net Banking
5060,1350,8,2025-11-09,UPI
5061,4865,6,2024-06-28,Net Banking
5062,1203,1,2024-07-31,Credit Card
5063,695,9,2024-06-03,Net Banking
5064,4333,14,2024-11-23,Credit Card
5065,604,8,2024-03-20,Cash
5066,504,14,2025-09-02,Debit Card
5067,1671,2,2023-06-24,Net Banking
5068,3253,10,2025-12-05,Debit Card
5069,3634,12,2024-05-18,UPI
5070,4441,5,2025-03-10,Credit Card
5071,2784,3,2025-03-23,UPI
5072,2057,14,2025-04-23,UPI
5073,1879,1,2024-11-01,Cash
5074,4276,7,2023-02-11,UPI
5075,3692,9,2023-09-01,Debit Card
5076,4560,12,2023-12-20,Debit Card
5077,4835,11,2024-05-12,Cash
5078,1553,7,2024-12-16,Debit Card
5079,2719,3,2024-06-06,Credit Card
5080,3230,6,2025-08-22,Debit Card
5081,852,3,2024-12-02,Debit Card
5082,281,4,2023-10-11,Credit Card
5083,4381,15,2025-12-22,UPI
5084,2753,1,2024-08-06,Credit Card
5085,2935,2,2025-01-12,Cash
5086,2853,1,2025-07-09,Credit Card
5087,3855,10,2025-08-01,Debit Card
5088,763,2,2024-02-06,Cash
5089,3140,4,2025-04-16,Credit Card
5090,2439,6,2023-01-09,UPI
5091,4521,11,2024-07-05,UPI
5092,2667,14,2023-09-14,Cash
5093,4732,12,2024-12-06,UPI
5094,1849,8,2024-03-23,Net Banking
5095,4841,14,2023-05-05,UPI
5096,4415,14,2025-07-27,Debit Card
5097,3000,10,2025-08-31,Cash
5098,1852,9,2024-09-04,UPI
5099,1972,15,2024-04-28,Credit Card
5100,3941,10,2025-05-21,Net Banking
5101,2979,7,2023-07-17,Net Banking
5102,2102,4,2025-07-09,Net Banking
5103,3254,15,2024-05-08,UPI
5104,3742,14,2025-12-08,UPI
5105,117,14,2024-08-16,UPI
5106,461,15,2023-08-15,UPI
5107,488,7,2025-05-23,Debit Card
5108,1208,1,2023-05-08,Cash
5109,2231,11,2024-12-29,UPI
5110,4078,12,2023-03-12,Cash
5111,1840,14,2025-07-07,Debit Card
5112,89,15,2023-11-25,Credit Card
5113,2504,14,2024-02-11,Net Banking
5114,4987,13,2024-11-02,UPI
5115,1829,14,2025-02-02,UPI
5116,4817,10,2024-07-08,UPI
5117,522,11,2023-04-09,Credit Card
5118,903,11,2025-02-15,Credit Card
5119,3693,6,2023-05-24,Cash
5120,2581,1,2025-11-05,Cash
5121,3915,8,2025-08-15,Net Banking
5122,4360,4,2023-12-23,Cash
5123,1298,8,2023-01-16,Debit Card
5124,3505,8,2023-05-28,Debit Card
5125,3116,14,2024-02-15,UPI
5126,4350,14,2024-07-02,UPI
5127,2239,2,2025-03-23,Net Banking
5128,272,6,2025-04-03,UPI
5129,2949,13,2023-06-29,Credit Card
5130,4811,10,2024-12-20,Credit Card
5131,69,14,2025-05-19,Debit Card
5132,1248,14,2025-02-07,UPI
5133,1644,15,2024-03-08,Debit Card
5134,3916,4,2025-10-16,Net Banking
5135,1671,3,2023-12-08,UPI
5136,1241,13,2025-06-21,UPI
5137,3319,9,2025-04-07,UPI
5138,243,12,2025-07-14,UPI
5139,888,10,2025-04-30,UPI
5140,2131,12,2025-08-26,Debit Card
5141,1865,9,2023-02-13,Credit Card
5142,1816,2,2023-06-11,Credit Card
5143,557,5,2024-05-17,Cash
5144,1890,15,2025-09-13,UPI
5145,4056,10,2025-12-07,UPI
5146,2162,10,2024-09-14,Credit Card
5147,3007,7,2025-04-17,UPI
5148,851,9,2024-06-03,UPI
5149,369,8,2024-09-09,Debit Card
5150,4436,10,2024-10-07,Credit Card
5151,1720,4,2023-08-19,UPI
5152,1837,3,2024-01-24,UPI
5153,4425,1,2025-09-02,Debit Card
5154,3624,1,2023-09-04,UPI
5155,3862,9,2024-01-06,UPI
5156,3502,4,2023-09-28,Net Banking
5157,544,8,2025-09-22,UPI
5158,4805,4,2025-03-21,UPI
5159,4570,12,2023-12-14,Debit Card
5160,1225,6,2024-11-09,Credit Card
5161,4078,4,2023-07-03,Debit Card
5162,2137,15,2025-08-02,Credit Card
5163,3509,2,2023-05-14,UPI
5164,861,1,2024-10-18,Debit Card
5165,2771,8,2025-10-29,Cash
5166,660,6,2023-09-25,Credit Card
5167,2756,1,2024-01-12,UPI
5168,1264,5,2024-09-16,UPI
5169,2357,3,2025-07-29,Cash
5170,3425,2,2024-12-19,Debit Card
5171,4424,3,2024-08-03,UPI
5172,859,2,2025-07-16,Cash
5173,4507,10,2023-11-13,UPI
5174,2048,2,2025-09-25,Debit Card
5175,4261,1,2024-01-07,Debit Card
5176,2630,3,2023-05-02,Cash
5177,4354,3,2023-05-19,UPI
5178,3397,4,2025-12-29,Credit Card
5179,2615,3,2024-04-10,Credit Card
5180,1619,8,2023-02-08,UPI
5181,4845,12,2024-02-14,Debit Card
5182,4065,13,2023-10-30,UPI
5183,1999,4,2023-03-09,UPI
5184,867,14,2025-08-05,UPI
5185,3965,10,2025-07-30,UPI
5186,4951,1,2024-03-14,UPI
5187,1450,14,2025-06-22,UPI
5188,4601,2,2024-10-15,Credit Card
5189,651,7,2025-11-15,UPI
5190,4775,13,2025-04-21,Net Banking
5191,3806,6,2024-11-08,UPI
5192,1815,9,2025-12-23,Debit Card
5193,1581,13,2024-11-13,UPI
5194,3289,6,2023-10-10,Cash
5195,3045,2,2025-08-30,UPI
5196,4616,8,2025-07-29,Debit Card
5197,3917,9,2025-06-11,Credit Card
5198,2784,5,2025-11-21,Credit Card
5199,4661,6,2025-08-12,UPI
5200,3040,4,2024-03-25,Credit Card
5201,4292,11,2024-04-12,UPI
5202,4243,2,2023-07-30,UPI
5203,4618,12,2024-07-10,Cash
5204,357,5,2025-12-28,UPI
5205,2996,5,2025-02-27,Debit Card
5206,2435,14,2023-03-23,Debit Card
5207,2528,14,2025-08-25,Debit Card
5208,2397,1,2024-06-09,Credit Card
5209,4223,12,2025-09-01,Debit Card
5210,1657,5,2024-03-20,Credit Card
5211,2408,1,2023-02-01,Net Banking
5212,1058,3,2024-11-02,Debit Card
5213,1301,11,2024-09-22,UPI
5214,3381,9,2023-01-05,UPI
5215,599,4,2024-02-22,UPI
5216,979,9,2024-02-15,Net Banking
5217,2712,6,2025-04-06,Cash
5218,229,1,2025-05-22,UPI
5219,661,12,2023-10-02,Cash
5220,4359,3,2023-04-14,UPI
5221,4274,13,2024-06-01,UPI
5222,1822,3,2025-11-19,Debit Card
5223,1824,14,2023-05-23,Debit Card
5224,4703,4,2024-04-26,Credit Card
5225,139,15,2025-10-29,Net Banking
5226,2978,10,2023-08-01,Credit Card
5227,3063,4,2025-02-08,UPI
5228,4007,8,2025-10-07,UPI
5229,4772,3,2025-02-07,Cash
5230,1865,11,2025-10-14,Credit Card
5231,2276,15,2023-04-23,Cash
5232,3447,4,2023-11-25,Debit Card
5233,4841,12,2024-08-14,UPI
5234,4495,12,2024-11-24,Cash
5235,3420,3,2024-01-08,UPI
5236,4333,7,2025-01-09,Cash
5237,439,6,2023-05-31,Credit Card
5238,1975,1,2025-07-29,Credit Card
5239,61,10,2025-02-25,UPI
5240,922,1,2024-01-11,UPI
5241,3218,6,2024-03-15,Net Banking
5242,4469,3,2024-11-18,Net Banking
5243,3236,9,2024-10-02,Net Banking
5244,3406,12,2024-05-24,Credit Card
5245,534,13,2025-06-03,Cash
5246,3410,12,2025-06-21,Credit Card
5247,2366,2,2025-11-05,Net Banking
5248,3336,12,2023-04-15,Net Banking
5249,1687,13,2025-02-05,Cash
5250,2983,3,2023-01-21,Debit Card
5251,2216,9,2024-09-22,Net Banking
5252,2877,12,2024-03-27,Net Banking
5253,769,6,2024-03-07,Credit Card
5254,2070,1,2025-05-31,UPI
5255,1961,2,2024-10-21,UPI
5256,3759,7,2024-08-07,Debit Card
5257,3617,6,2025-11-04,UPI
5258,4568,14,2023-06-01,Debit Card
5259,3231,1,2024-08-26,UPI
5260,1636,10,2024-07-24,UPI
5261,3982,2,2025-12-09,Credit Card
5262,2557,6,2025-01-26,UPI
5263,1009,12,2023-10-26,UPI
5264,3820,6,2025-02-21,Credit Card
5265,693,6,2024-02-15,Cash
5266,925,14,2025-12-20,Credit Card
5267,3876,13,2023-03-30,UPI
5268,3931,9,2023-11-20,Credit Card
5269,4017,2,2024-03-07,Debit Card
5270,1519,10,2023-05-30,UPI
5271,4375,10,2024-03-30,UPI
5272,3687,11,2024-02-28,Credit Card
5273,4209,14,2025-02-28,Debit Card
5274,3626,9,2024-03-05,Debit Card
5275,2974,9,2025-07-19,Debit Card
5276,562,10,2025-03-14,UPI
5277,3635,9,2025-06-13,Credit Card
5278,3542,9,2023-12-06,UPI
5279,1618,3,2023-05-23,UPI
5280,3755,10,2023-11-10,UPI
5281,2832,9,2023-02-23,Debit Card
5282,2880,13,2024-09-17,Net Banking
5283,1926,10,2025-07-06,UPI
5284,599,9,2025-01-31,Credit Card
5285,1132,3,2025-11-30,UPI
5286,3927,14,2024-08-01,UPI
5287,1408,13,2025-11-01,UPI
5288,8,4,2025-01-17,Credit Card
5289,4990,4,2023-08-05,UPI
5290,1096,14,2024-03-07,Debit Card
5291,3356,13,2023-04-13,Debit Card
5292,4654,4,2023-09-30,Credit Card
5293,3078,7,2023-01-25,UPI
5294,4062,5,2025-11-16,Credit Card
5295,4885,7,2023-03-11,Net Banking
5296,4341,6,2024-10-08,Debit Card
5297,2872,7,2023-06-26,UPI
5298,1905,8,2024-04-27,Debit Card
5299,2504,6,2025-07-09,Credit Card
5300,4246,9,2023-05-19,UPI
5301,4313,4,2023-01-18,Debit Card
5302,4273,12,2023-12-08,UPI
5303,3063,5,2025-01-26,Credit Card
5304,2478,9,2025-03-21,Credit Card
5305,1611,9,2023-06-24,Cash
5306,11,2,2024-05-25,Credit Card
5307,3911,2,2023-05-13,UPI
5308,1437,9,2023-04-26,Debit Card
5309,1710,6,2023-08-26,UPI
5310,4258,8,2025-09-15,Cash
5311,275,14,2023-12-31,UPI
5312,4662,8,2024-12-16,Credit Card
5313,4,8,2025-12-25,UPI
5314,4717,14,2025-11-09,UPI
5315,2368,5,2023-01-02,Credit Card
5316,523,11,2024-02-24,UPI
5317,3469,11,2024-03-29,Net Banking
5318,4517,10,2024-07-21,UPI
5319,2278,4,2025-10-25,UPI
5320,3544,3,2025-06-09,Credit Card
5321,4897,4,2024-05-08,Net Banking
5322,1248,8,2024-01-04,Credit Card
5323,4139,4,2023-11-26,Net Banking
5324,1525,15,2023-03-19,UPI
5325,2226,14,2024-06-19,UPI
5326,1460,14,2023-05-10,UPI
5327,2331,8,2023-01-12,Debit Card
5328,21,8,2025-01-20,Credit Card
5329,1572,14,2023-08-03,UPI
5330,2327,1,2025-10-13,Debit Card
5331,3231,11,2025-04-06,Cash
5332,3262,11,2025-05-30,Debit Card
5333,2996,12,2023-08-22,Debit Card
5334,1517,12,2025-10-09,UPI
5335,4752,14,2025-03-23,Credit Card
5336,2056,9,2023-07-26,UPI
5337,1132,14,2024-02-27,UPI
5338,2851,13,2025-10-09,Cash
5339,3830,3,2024-06-24,Cash
5340,56,6,2024-09-09,Net Banking
5341,1432,14,2024-02-03,Net Banking
5342,4160,3,2024-01-12,Net Banking
5343,2605,9,2025-05-19,UPI
5344,2134,1,2025-03-02,UPI
5345,4681,7,2024-12-27,Cash
5346,461,5,2025-07-28,Credit Card
5347,3145,12,2024-06-14,UPI
5348,1782,3,2025-04-15,Credit Card
5349,373,12,2023-08-14,Credit Card
5350,1113,11,2025-10-01,UPI
5351,3208,7,2025-06-05,Cash
5352,151,1,2023-12-25,Cash
5353,3038,6,2023-08-16,Debit Card
5354,4802,7,2024-06-22,UPI
5355,4042,9,2024-10-05,UPI
5356,1809,15,2023-12-31,UPI
5357,727,9,2024-05-29,Credit Card
5358,2420,7,2024-08-05,Debit Card
5359,2057,5,2025-01-12,UPI
5360,4857,7,2024-12-25,Net Banking
5361,4951,11,2025-12-25,Credit Card
5362,2143,15,2024-08-30,Credit Card
5363,780,1,2025-02-20,UPI
5364,4577,14,2025-12-02,Net Banking
5365,4033,7,2025-12-21,Credit Card
5366,2624,13,2024-07-09,UPI
5367,1915,12,2023-06-16,Debit Card
5368,2347,13,2023-01-05,UPI
5369,4549,13,2023-07-12,Cash
5370,964,10,2025-09-18,Credit Card
5371,4092,4,2024-08-15,UPI
5372,90,2,2024-04-01,Debit Card
5373,4625,6,2023-04-26,UPI
5374,2577,7,2025-04-30,Credit Card
5375,1180,11,2025-05-09,Debit Card
5376,9,13,2023-10-12,UPI
5377,2881,13,2025-11-12,Net Banking
5378,1269,7,2023-09-15,Debit Card
5379,3225,8,2023-05-17,UPI
5380,1459,5,2025-07-03,UPI
5381,455,13,2025-04-29,Credit Card
5382,2599,10,2024-06-11,UPI
5383,2906,11,2025-11-21,UPI
5384,2357,10,2024-10-25,Debit Card
5385,2387,13,2025-01-23,UPI
5386,3023,11,2023-10-15,UPI
5387,2706,8,2024-01-02,UPI
5388,693,4,2025-08-25,UPI
5389,1032,10,2025-08-31,UPI
5390,744,15,2025-03-07,Cash
5391,3550,1,2023-04-23,Credit Card
5392,2716,12,2024-07-16,Credit Card
5393,2237,8,2025-01-17,Debit Card
5394,4058,4,2024-12-12,UPI
5395,1685,5,2025-11-22,Cash
5396,2920,13,2023-10-31,UPI
5397,392,4,2025-07-06,Cash
5398,3806,15,2023-03-25,UPI
5399,3564,7,2023-04-09,UPI
5400,4070,10,2025-02-19,Cash
5401,4461,3,2023-02-09,UPI
5402,3871,2,2023-10-13,UPI
5403,4266,10,2025-08-15,UPI
5404,1809,12,2023-11-03,Credit Card
5405,1788,2,2023-08-31,UPI
5406,4737,7,2023-08-13,Debit Card
5407,4592,11,2024-08-31,UPI
5408,2824,15,2025-10-19,Credit Card
5409,1919,12,2024-03-13,UPI
5410,4373,10,2024-11-03,Credit Card
5411,1671,13,2023-04-20,UPI
5412,801,6,2025-08-03,Net Banking
5413,3274,2,2025-12-21,UPI
5414,223,8,2025-08-01,Debit Card
5415,1984,14,2025-07-07,UPI
5416,4096,15,2024-08-11,Credit Card
5417,1525,6,2025-03-02,UPI
5418,4684,8,2023-10-18,UPI
5419,4791,6,2024-01-12,Net Banking
5420,4118,4,2025-09-06,Credit Card
5421,4935,8,2023-09-01,Credit Card
5422,2728,4,2023-06-18,Debit Card
5423,2927,6,2025-02-28,UPI
5424,4218,5,2025-09-23,Cash
5425,2539,4,2024-12-07,UPI
5426,2121,7,2023-11-26,Credit Card
5427,3144,8,2025-03-13,UPI
5428,3366,14,2025-10-21,Credit Card
5429,3839,6,2023-06-15,Credit Card
5430,3426,1,2023-07-05,UPI
5431,3809,7,2023-02-11,UPI
5432,3473,4,2025-07-05,UPI
5433,2490,2,2025-03-10,UPI
5434,704,3,2025-03-25,Debit Card
5435,3991,10,2025-07-28,Debit Card
5436,161,4,2024-01-13,Credit Card
5437,4966,14,2023-03-06,UPI
5438,4183,7,2023-02-15,Net Banking
5439,3445,9,2024-07-04,Debit Card
5440,4840,10,2023-06-17,UPI
5441,3138,11,2024-07-09,Debit Card
5442,297,6,2024-07-07,UPI
5443,2880,10,2023-06-25,Debit Card
5444,1438,5,2025-10-29,Credit Card
5445,1938,9,2025-11-01,Credit Card
5446,2396,12,2024-10-01,UPI
5447,3947,8,2024-07-25,Debit Card
5448,2586,8,2023-05-17,Cash
5449,2465,8,2025-01-31,UPI
5450,1562,15,2024-06-05,UPI
5451,2780,8,2024-07-16,Debit Card
5452,1285,8,2023-06-22,Debit Card
5453,1350,10,2024-04-18,Debit Card
5454,3867,10,2024-10-07,Credit Card
5455,1784,7,2024-06-12,Credit Card
5456,270,2,2024-01-29,UPI
5457,1793,2,2025-04-29,UPI
5458,3270,11,2024-11-19,Credit Card
5459,4118,5,2023-02-22,Cash
5460,4821,6,2023-12-31,UPI
5461,3814,13,2024-02-13,Net Banking
5462,2231,9,2023-05-04,Net Banking
5463,1549,1,2025-04-05,Debit Card
5464,678,11,2024-08-07,Cash
5465,3205,7,2025-07-17,Credit Card
5466,2620,7,2025-10-13,Credit Card
5467,3486,8,2023-02-07,Credit Card
5468,1230,13,2025-11-15,Cash
5469,1673,1,2024-09-14,Net Banking
5470,1515,12,2025-06-03,Cash
5471,4053,13,2025-04-26,UPI
5472,893,10,2023-01-10,Credit Card
5473,3121,13,2024-09-15,Credit Card
5474,269,4,2024-07-25,Credit Card
5475,2827,10,2023-10-02,Credit Card
5476,336,5,2023-04-29,UPI
5477,915,2,2023-07-21,Cash
5478,583,2,2024-04-12,Net Banking
5479,1815,11,2023-12-05,UPI
5480,1793,4,2023-07-21,Debit Card
5481,4170,3,2024-03-10,Credit Card
5482,1175,13,2024-09-25,Cash
5483,447,7,2025-10-06,Debit Card
5484,3097,14,2024-10-07,Debit Card
5485,3528,7,2025-12-24,Net Banking
5486,1523,15,2025-04-16,Debit Card
5487,3094,2,2023-11-17,Credit Card
5488,3954,5,2025-10-04,UPI
5489,1820,5,2024-07-22,Cash
5490,2700,14,2024-03-15,Credit Card
5491,769,8,2024-08-25,Debit Card
5492,124,8,2025-10-15,Credit Card
5493,4904,11,2025-01-24,Credit Card
5494,1551,13,2023-05-26,Credit Card
5495,1450,4,2024-02-10,UPI
5496,4866,10,2024-06-28,Cash
5497,3715,1,2024-08-18,UPI
5498,3003,6,2025-01-25,UPI
5499,3587,12,2024-04-26,UPI
5500,3631,7,2024-01-27,Cash
5501,3906,1,2025-02-20,UPI
5502,354,8,2024-06-14,Credit Card
5503,2158,14,2023-04-28,Credit Card
5504,1524,9,2023-08-26,UPI
5505,372,8,2024-01-20,Cash
5506,2158,3,2025-08-29,Debit Card
5507,3149,9,2024-04-16,Debit Card
5508,928,10,2024-09-19,UPI
5509,1583,3,2024-10-05,UPI
5510,3273,12,2025-09-16,UPI
5511,2973,4,2025-04-16,Credit Card
5512,4387,12,2025-02-19,Credit Card
5513,4020,6,2024-08-16,UPI
5514,4839,7,2023-03-03,Credit Card
5515,3063,13,2024-06-08,UPI
5516,3581,8,2024-01-21,UPI
5517,4343,7,2025-07-14,UPI
5518,4234,3,2023-01-20,Debit Card
5519,3672,11,2024-05-09,Credit Card
5520,2577,11,2025-10-27,Debit Card
5521,1415,2,2024-12-24,Debit Card
5522,4424,11,2024-01-22,UPI
5523,3956,2,2023-09-06,Cash
5524,4226,14,2023-08-19,UPI
5525,737,12,2025-10-17,Credit Card
5526,1637,13,2025-06-03,UPI
5527,2218,9,2024-07-13,Debit Card
5528,4226,7,2024-08-10,UPI
5529,4504,7,2023-08-29,Net Banking
5530,1474,5,2024-09-28,Credit Card
5531,3523,13,2024-05-08,Debit Card
5532,407,6,2025-02-16,Debit Card
5533,2138,7,2023-05-16,Debit Card
5534,2521,13,2024-11-18,Credit Card
5535,3916,9,2023-03-16,Credit Card
5536,4499,10,2023-10-16,UPI
5537,1758,4,2023-02-17,Credit Card
5538,2710,6,2023-03-03,UPI
5539,3311,1,2023-11-27,UPI
5540,1702,7,2024-07-12,Debit Card
5541,4925,4,2024-02-24,Credit Card
5542,4420,2,2025-10-01,Credit Card
5543,1535,4,2024-09-13,UPI
5544,2612,8,2023-01-16,Cash
5545,1202,2,2025-12-18,UPI
5546,2641,15,2024-12-04,Credit Card
5547,3506,1,2023-11-10,Cash
5548,440,1,2024-09-27,Cash
5549,4395,7,2023-06-13,UPI
5550,3047,7,2024-01-11,UPI
5551,4949,4,2023-03-04,Debit Card
5552,137,14,2024-01-11,Debit Card
5553,4194,12,2024-11-25,Credit Card
5554,4024,5,2023-12-13,UPI
5555,695,13,2024-10-03,UPI
5556,1744,12,2023-05-13,Cash
5557,4465,5,2023-09-09,UPI
5558,2661,7,2024-12-03,Net Banking
5559,2102,12,2023-06-23,Credit Card
5560,4560,3,2024-05-04,UPI
5561,483,5,2023-07-20,Credit Card
5562,2457,7,2023-02-27,UPI
5563,3341,12,2025-01-02,Credit Card
5564,3121,11,2023-04-29,UPI
5565,1369,7,2024-04-04,Cash
5566,2898,13,2025-02-05,Net Banking
5567,3626,9,2025-10-11,Debit Card
5568,3000,4,2023-08-29,Cash
5569,3510,1,2024-06-06,UPI
5570,1326,14,2024-05-12,UPI
5571,4204,5,2024-04-05,Debit Card
5572,2349,14,2023-02-20,Cash
5573,4934,11,2025-10-02,Cash
5574,120,4,2025-08-01,Credit Card
5575,1992,3,2025-09-09,Debit Card
5576,938,7,2023-11-19,UPI
5577,2859,9,2023-11-07,Cash
5578,1262,4,2024-01-10,Debit Card
5579,3765,6,2023-10-06,UPI
5580,4442,1,2024-01-25,UPI
5581,1098,1,2023-01-02,UPI
5582,835,3,2025-01-02,Credit Card
5583,4417,14,2025-01-21,UPI
5584,1891,5,2025-09-12,UPI
5585,2257,6,2023-06-20,UPI
5586,1152,9,2024-06-11,UPI
5587,2220,15,2024-01-10,Cash
5588,1204,9,2025-02-25,Net Banking
5589,3411,10,2024-08-23,Net Banking
5590,2569,11,2025-03-24,UPI
5591,4007,1,2024-12-15,Credit Card
5592,1622,14,2024-06-02,UPI
5593,2601,2,2023-02-04,Net Banking
5594,1346,15,2024-06-14,Net Banking
5595,4697,11,2024-05-24,Net Banking
5596,2682,12,2024-12-05,UPI
5597,905,8,2024-07-28,UPI
5598,1412,5,2024-05-16,Credit Card
5599,427,3,2025-07-19,UPI
5600,151,9,2024-11-13,Cash
5601,2702,2,2025-05-10,Debit Card
5602,1757,7,2024-02-18,UPI
5603,4833,10,2025-08-11,Cash
5604,894,8,2023-06-14,Credit Card
5605,4035,12,2025-11-14,Debit Card
5606,1644,2,2024-11-03,UPI
5607,1165,1,2024-12-16,Credit Card
5608,4846,3,2025-03-23,Debit Card
5609,4071,8,2023-10-14,UPI
5610,3219,4,2024-12-22,UPI
5611,3574,13,2025-07-02,Debit Card
5612,4957,15,2025-12-24,Debit Card
5613,3044,5,2023-08-22,UPI
5614,523,9,2025-02-20,UPI
5615,342,4,2024-06-12,UPI
5616,3418,12,2025-02-16,UPI
5617,3366,9,2025-10-02,UPI
5618,3827,6,2024-02-23,Net Banking
5619,558,12,2025-11-13,UPI
5620,4740,7,2024-08-07,Debit Card
5621,2834,8,2025-12-17,Credit Card
5622,3324,10,2023-03-23,Credit Card
5623,182,10,2024-04-03,Credit Card
5624,4817,1,2025-10-19,Debit Card
5625,2893,9,2025-11-21,Cash
5626,2899,2,2023-03-27,UPI
5627,4733,3,2023-04-28,UPI
5628,4673,1,2024-04-01,Credit Card
5629,1147,10,2023-06-18,UPI
5630,4681,11,2024-07-06,UPI
5631,3760,3,2023-10-07,Credit Card
5632,93,14,2024-02-11,UPI
5633,1246,2,2024-06-11,UPI
5634,2159,7,2023-07-16,UPI
5635,2990,7,2024-12-28,UPI
5636,3598,6,2025-07-31,UPI
5637,1094,10,2024-09-22,Credit Card
5638,4220,12,2025-10-11,UPI
5639,4272,11,2024-03-29,UPI
5640,3251,13,2025-07-10,Cash
5641,4626,4,2025-12-11,UPI
5642,4114,12,2023-02-28,Credit Card
5643,1155,3,2023-09-08,Credit Card
5644,4061,7,2025-03-17,Debit Card
5645,4777,11,2023-04-24,Credit Card
5646,721,3,2025-10-16,Credit Card
5647,4896,9,2024-04-09,Cash
5648,133,10,2025-06-20,UPI
5649,2684,8,2024-09-27,UPI
5650,3946,7,2025-09-14,Debit Card
5651,4015,14,2025-08-18,Debit Card
5652,3749,2,2024-10-25,Cash
5653,2719,10,2024-11-29,Net Banking
5654,3332,3,2023-05-06,Credit Card
5655,3589,8,2025-03-05,UPI
5656,2546,12,2025-01-16,Cash
5657,3057,11,2023-01-26,Cash
5658,4274,3,2024-11-27,UPI
5659,1624,8,2024-11-24,UPI
5660,2687,4,2023-07-19,Credit Card
5661,36,5,2024-09-17,UPI
5662,3528,14,2025-03-18,Cash
5663,1017,9,2024-06-16,Cash
5664,2493,13,2024-05-21,Cash
5665,1094,11,2023-06-08,UPI
5666,123,10,2024-05-23,Cash
5667,2504,2,2025-06-11,Credit Card
5668,2218,12,2024-02-03,UPI
5669,2219,3,2023-03-03,UPI
5670,1088,15,2025-03-12,Credit Card
5671,4751,12,2023-10-31,Debit Card
5672,12,12,2025-03-29,UPI
5673,4497,1,2025-09-17,UPI
5674,3761,8,2024-02-15,Cash
5675,898,12,2024-05-03,Cash
5676,2451,11,2024-02-03,Debit Card
5677,4947,9,2024-10-04,Debit Card
5678,3291,10,2024-01-01,Debit Card
5679,667,9,2025-10-20,Net Banking
5680,2386,3,2025-02-04,Cash
5681,2434,14,2024-07-19,Credit Card
5682,4070,5,2023-06-25,Credit Card
5683,4603,9,2023-09-23,Debit Card
5684,423,14,2023-05-27,Credit Card
5685,1633,5,2025-02-04,UPI
5686,1547,1,2024-08-03,Cash
5687,4982,1,2025-01-31,Cash
5688,2880,4,2023-03-21,Credit Card
5689,4436,7,2024-06-13,UPI
5690,2225,7,2024-09-15,UPI
5691,3687,7,2023-02-20,UPI
5692,1486,13,2025-11-20,UPI
5693,4580,6,2023-01-02,Debit Card
5694,2369,13,2025-05-30,UPI
5695,4078,1,2023-08-10,Debit Card
5696,1324,11,2023-02-12,UPI
5697,3551,3,2025-07-10,Cash
5698,2119,5,2023-10-10,Credit Card
5699,163,12,2023-11-29,Debit Card
5700,2159,4,2024-09-28,Credit Card
5701,2829,11,2023-12-30,Cash
5702,794,4,2023-01-16,Debit Card
5703,959,9,2024-12-21,Debit Card
5704,2419,7,2024-06-11,Credit Card
5705,1785,9,2025-05-26,Net Banking
5706,2298,13,2024-12-14,Debit Card
5707,2399,14,2023-11-15,Debit Card
5708,733,7,2024-09-28,UPI
5709,942,10,2024-06-25,Cash
5710,4282,3,2025-07-13,Credit Card
5711,845,15,2023-01-16,UPI
5712,3411,11,2023-12-20,Credit Card
5713,2182,10,2023-01-18,Debit Card
5714,4843,4,2024-01-06,UPI
5715,349,15,2025-04-25,Credit Card
5716,4188,9,2024-12-13,Debit Card
5717,2534,1,2025-12-21,UPI
5718,22,3,2025-11-03,Cash
5719,1364,15,2024-01-22,UPI
5720,2128,11,2025-12-16,Credit Card
5721,1633,4,2023-07-04,UPI
5722,1897,15,2025-03-31,UPI
5723,4607,4,2024-12-18,Debit Card
5724,1890,7,2023-04-24,Credit Card
5725,2182,11,2023-07-16,Debit Card
5726,3891,4,2025-12-08,Credit Card
5727,4034,10,2023-06-07,Cash
5728,434,8,2025-04-18,UPI
5729,3604,1,2023-05-19,UPI
5730,2504,3,2023-01-03,Cash
5731,697,10,2025-05-07,Net Banking
5732,1371,10,2024-10-15,Cash
5733,235,15,2025-08-09,UPI
5734,1886,6,2025-06-26,UPI
5735,1322,13,2024-02-23,Debit Card
5736,2005,3,2023-07-20,Net Banking
5737,2978,8,2024-10-08,UPI
5738,3738,7,2024-08-06,Credit Card
5739,3106,5,2025-03-03,UPI
5740,3486,2,2024-09-16,Credit Card
5741,4373,11,2023-03-17,UPI
5742,4411,5,2025-09-12,UPI
5743,4343,9,2025-01-09,Debit Card
5744,800,11,2023-01-30,UPI
5745,1298,5,2023-12-30,Net Banking
5746,2584,12,2023-10-07,Debit Card
5747,1879,3,2025-03-02,UPI
5748,688,14,2024-08-06,Debit Card
5749,1491,7,2023-10-21,Cash
5750,4878,12,2025-04-11,Credit Card
5751,1815,3,2025-03-03,Credit Card
5752,2182,8,2024-09-23,UPI
5753,24,5,2023-06-08,Credit Card
5754,3676,5,2025-10-08,Credit Card
5755,2161,6,2025-02-18,Debit Card
5756,530,11,2023-09-27,Debit Card
5757,4845,10,2025-01-12,Net Banking
5758,3958,13,2024-12-27,Cash
5759,3706,6,2025-04-29,Cash
5760,4805,3,2024-02-08,Credit Card
5761,2127,11,2023-09-04,UPI
5762,3670,7,2023-07-20,Debit Card
5763,1078,9,2024-06-20,Credit Card
5764,3574,12,2025-05-17,UPI
5765,67,1,2024-02-19,UPI
5766,659,4,2024-11-24,Debit Card
5767,2220,4,2024-12-02,Debit Card
5768,55,15,2023-03-01,Net Banking
5769,2403,1,2023-04-08,Net Banking
5770,2685,6,2025-07-23,Credit Card
5771,3178,2,2023-01-01,UPI
5772,520,11,2025-05-12,UPI
5773,941,13,2023-07-18,UPI
5774,3138,11,2024-08-18,Credit Card
5775,3368,14,2023-01-20,Cash
5776,139,6,2024-09-30,Cash
5777,2784,1,2025-02-22,UPI
5778,3989,10,2025-03-11,Credit Card
5779,364,13,2025-02-03,Debit Card
5780,2160,5,2023-06-11,Credit Card
5781,1689,6,2024-05-23,Cash
5782,4587,10,2023-01-20,UPI
5783,971,15,2023-06-29,Credit Card
5784,1657,13,2025-11-01,Credit Card
5785,4531,15,2024-12-11,Credit Card
5786,1714,13,2025-07-19,Net Banking
5787,2731,2,2023-07-31,Debit Card
5788,172,1,2024-05-15,Cash
5789,4922,7,2023-12-24,Debit Card
5790,4160,1,2024-06-17,Credit Card
5791,3247,14,2024-11-07,UPI
5792,318,7,2024-12-15,Debit Card
5793,394,13,2024-03-15,Debit Card
5794,2809,1,2025-04-28,UPI
5795,1475,9,2025-11-01,UPI
5796,3186,13,2025-08-29,Credit Card
5797,3068,5,2025-01-15,Cash
5798,4226,6,2024-03-31,Credit Card
5799,1459,14,2023-12-02,Cash
5800,2968,7,2024-10-07,Cash
5801,3958,1,2023-12-29,Debit Card
5802,2530,8,2025-08-14,UPI
5803,4189,6,2024-02-02,Cash
5804,686,12,2023-08-02,Debit Card
5805,3744,2,2025-04-06,Credit Card
5806,4732,1,2025-10-22,Credit Card
5807,1723,15,2024-08-12,UPI
5808,1918,1,2023-03-13,UPI
5809,430,4,2025-04-27,Debit Card
5810,3284,3,2024-12-28,Cash
5811,2837,15,2023-11-20,UPI
5812,207,14,2024-02-17,Net Banking
5813,3843,11,2023-03-24,UPI
5814,4185,6,2024-09-21,Credit Card
5815,4563,10,2023-09-08,UPI
5816,2812,13,2023-09-25,Cash
5817,2357,8,2023-09-22,UPI
5818,4421,1,2025-01-20,UPI
5819,2090,12,2025-09-03,Cash
5820,3357,7,2023-01-04,Debit Card
5821,3145,8,2023-02-04,Credit Card
5822,1947,5,2023-07-12,Cash
5823,448,8,2025-11-07,Debit Card
5824,108,13,2025-07-10,UPI
5825,2231,11,2023-06-26,Debit Card
5826,2494,1,2024-08-19,UPI
5827,4150,2,2025-09-08,Cash
5828,2163,4,2025-06-17,Cash
5829,1459,1,2023-01-19,UPI
5830,2403,13,2024-06-22,UPI
5831,1237,5,2023-11-06,Cash
5832,473,10,2023-05-02,UPI
5833,583,3,2023-05-27,UPI
5834,1660,2,2023-11-20,UPI
5835,57,7,2025-03-04,Debit Card
5836,1147,2,2025-09-11,UPI
5837,4005,9,2023-01-31,Credit Card
5838,1217,6,2025-10-28,Cash
5839,569,8,2025-12-19,UPI
5840,4758,3,2023-06-09,UPI
5841,3185,5,2024-09-27,Credit Card
5842,314,3,2024-08-02,Debit Card
5843,325,9,2025-05-06,Credit Card
5844,3137,1,2024-09-02,UPI
5845,2782,8,2025-11-22,UPI
5846,361,6,2024-10-23,UPI
5847,1168,7,2025-01-13,UPI
5848,4673,2,2024-07-29,Debit Card
5849,2939,7,2023-06-02,Credit Card
5850,2294,14,2025-10-03,Cash
5851,1294,1,2025-01-09,UPI
5852,695,7,2025-03-02,Credit Card
5853,2106,11,2023-07-26,Debit Card
5854,4631,8,2023-12-19,UPI
5855,254,2,2023-06-27,UPI
5856,4953,15,2023-09-20,UPI
5857,1082,10,2025-04-27,Cash
5858,2135,2,2023-09-11,UPI
5859,235,3,2024-11-27,Net Banking
5860,3000,10,2025-12-19,Credit Card
5861,2505,4,2025-12-14,Net Banking
5862,3418,8,2023-09-20,UPI
5863,2798,12,2024-04-01,Credit Card
5864,2086,3,2025-02-04,Debit Card
5865,3769,13,2024-03-10,Credit Card
5866,133,6,2023-11-17,Credit Card
5867,2785,13,2024-10-22,Credit Card
5868,585,10,2024-05-31,UPI
5869,2262,11,2024-02-17,Credit Card
5870,4019,8,2023-10-04,Credit Card
5871,748,10,2023-03-14,UPI
5872,4702,2,2024-03-17,Debit Card
5873,4486,4,2025-11-21,Credit Card
5874,2164,15,2025-07-20,Debit Card
5875,24,1,2025-12-08,UPI
5876,4009,11,2023-11-11,UPI
5877,4440,8,2023-11-24,Credit Card
5878,912,1,2023-04-27,Net Banking
5879,4603,12,2025-02-27,Credit Card
5880,4589,9,2025-08-22,UPI
5881,2446,6,2024-11-03,UPI
5882,4056,12,2024-03-30,Credit Card
5883,2324,14,2025-10-04,Cash
5884,2904,13,2024-07-13,UPI
5885,1661,12,2025-01-06,Net Banking
5886,834,3,2024-09-25,Net Banking
5887,3817,13,2024-04-27,Debit Card
5888,4,8,2023-05-06,UPI
5889,2974,2,2023-01-26,Credit Card
5890,4367,11,2025-11-21,Cash
5891,1154,3,2023-05-22,UPI
5892,1727,14,2023-10-19,Cash
5893,3015,7,2024-12-06,UPI
5894,1278,11,2024-06-21,UPI
5895,4280,1,2025-11-04,Net Banking
5896,1919,9,2023-02-20,Credit Card
5897,2984,10,2023-06-20,Credit Card
5898,1176,9,2023-08-14,UPI
5899,218,3,2023-03-26,Cash
5900,907,14,2024-08-04,Credit Card
5901,241,4,2024-12-02,Cash
5902,2436,2,2025-08-08,Cash
5903,3010,10,2024-01-21,UPI
5904,235,11,2023-06-20,Credit Card
5905,467,13,2024-06-20,Credit Card
5906,2516,15,2025-06-14,UPI
5907,4062,15,2024-12-18,UPI
5908,3208,1,2025-07-06,UPI
5909,540,13,2023-09-04,Debit Card
5910,4480,11,2025-01-29,Cash
5911,4611,13,2025-07-19,Credit Card
5912,1679,8,2025-04-05,Credit Card
5913,3146,11,2025-04-07,UPI
5914,2538,9,2024-07-02,Debit Card
5915,4728,15,2023-05-16,Credit Card
5916,2615,9,2023-06-22,Cash
5917,4814,10,2023-01-29,Debit Card
5918,1048,13,2024-11-24,UPI
5919,1808,15,2023-07-05,Cash
5920,3972,5,2024-02-14,UPI
5921,3982,5,2024-03-15,Cash
5922,3737,15,2025-05-23,Net Banking
5923,4338,5,2023-08-13,Credit Card
5924,3601,6,2025-07-27,UPI
5925,3255,4,2025-05-08,UPI
5926,2393,2,2025-09-09,UPI
5927,2430,2,2025-04-16,Credit Card
5928,2120,12,2024-06-11,Cash
5929,3173,6,2024-10-13,Cash
5930,2121,5,2023-12-01,Debit Card
5931,772,4,2023-10-08,UPI
5932,547,6,2025-03-20,Net Banking
5933,4643,13,2024-04-11,Debit Card
5934,129,4,2023-12-03,Credit Card
5935,543,10,2023-08-01,Cash
5936,2328,4,2023-08-10,Credit Card
5937,1361,6,2023-09-02,Debit Card
5938,2119,11,2024-08-09,Net Banking
5939,601,13,2025-02-01,Cash
5940,684,4,2024-06-04,UPI
5941,4064,13,2024-02-03,UPI
5942,3877,9,2023-02-01,UPI
5943,537,15,2025-07-13,Credit Card
5944,3423,13,2025-08-19,Credit Card
5945,3126,7,2024-07-20,Credit Card
5946,3644,12,2025-06-27,UPI
5947,2463,13,2023-12-28,UPI
5948,1397,6,2023-06-03,Cash
5949,3402,15,2023-05-26,Debit Card
5950,1943,3,2023-09-02,Credit Card
5951,1140,11,2025-04-28,Credit Card
5952,2134,12,2024-11-13,Cash
5953,3906,4,2023-01-05,UPI
5954,2471,13,2025-08-02,UPI
5955,1553,2,2023-01-29,Debit Card
5956,4196,3,2025-03-21,Credit Card
5957,4441,11,2023-05-09,UPI
5958,2249,1,2024-05-24,UPI
5959,1962,9,2023-07-14,UPI
5960,3138,10,2023-06-02,Debit Card
5961,302,3,2025-09-12,Debit Card
5962,3543,8,2023-06-12,UPI
5963,3978,4,2023-01-16,UPI
5964,2081,11,2024-11-21,Debit Card
5965,912,8,2023-01-27,UPI
5966,151,7,2025-03-26,Net Banking
5967,3261,4,2025-01-24,UPI
5968,1393,15,2025-01-20,UPI
5969,2413,7,2025-01-11,Credit Card
5970,2026,12,2023-09-01,Cash
5971,912,8,2023-05-09,Credit Card
5972,2612,10,2025-11-24,Cash
5973,2396,3,2024-07-27,Credit Card
5974,3192,5,2025-11-06,Debit Card
5975,1302,15,2024-08-19,UPI
5976,1117,11,2023-10-06,Credit Card
5977,4118,15,2024-02-26,UPI
5978,3601,3,2023-09-01,UPI
5979,3939,7,2024-05-02,Net Banking
5980,639,6,2023-05-03,Debit Card
5981,1166,1,2025-01-24,Cash
5982,2957,10,2025-04-12,UPI
5983,4334,5,2025-03-25,Credit Card
5984,4499,13,2025-06-12,Cash
5985,4197,13,2025-08-03,Credit Card
5986,227,4,2023-08-27,UPI
5987,4141,15,2024-11-17,Credit Card
5988,4535,2,2023-02-03,Credit Card
5989,298,1,2023-08-16,Net Banking
5990,2169,12,2023-12-11,UPI
5991,2759,13,2024-01-06,Net Banking
5992,1211,12,2024-06-15,Cash
5993,2650,12,2023-11-27,Credit Card
5994,4470,7,2023-02-04,Net Banking
5995,4376,7,2023-12-16,Debit Card
5996,4718,6,2023-10-31,Cash
5997,2510,13,2023-07-09,Cash
5998,2143,5,2025-04-08,UPI
5999,3411,9,2025-02-04,Cash
6000,2171,2,2024-05-25,Credit Card
6001,221,11,2024-10-15,Debit Card
6002,3679,11,2023-06-09,UPI
6003,1457,14,2024-03-16,Debit Card
6004,255,3,2025-04-11,UPI
6005,105,9,2024-07-27,UPI
6006,4684,12,2023-05-25,Debit Card
6007,1304,13,2023-03-07,UPI
6008,2344,2,2025-05-27,Debit Card
6009,4765,3,2023-05-17,Cash
6010,2432,6,2023-09-26,UPI
6011,410,10,2025-03-28,Debit Card
6012,2837,7,2024-04-27,Credit Card
6013,456,2,2025-02-21,Cash
6014,492,13,2024-01-20,Debit Card
6015,4302,14,2025-06-08,Credit Card
6016,1501,8,2023-09-10,UPI
6017,3486,9,2023-08-05,Net Banking
6018,2617,13,2023-07-25,Credit Card
6019,1159,14,2024-03-12,Credit Card
6020,2657,1,2023-11-12,Net Banking
6021,364,6,2025-06-24,UPI
6022,1816,4,2025-05-02,UPI
6023,2685,10,2023-09-21,Net Banking
6024,1191,11,2023-08-10,Debit Card
6025,3380,10,2025-01-04,Credit Card
6026,271,5,2024-05-07,UPI
6027,2512,6,2023-08-28,UPI
6028,3654,6,2025-06-09,Credit Card
6029,2238,15,2023-03-08,Credit Card
6030,4412,7,2024-06-09,Credit Card
6031,3231,9,2025-10-28,Credit Card
6032,4808,12,2023-02-25,Net Banking
6033,1474,4,2025-04-20,Net Banking
6034,4716,9,2025-09-28,UPI
6035,3113,1,2025-12-25,UPI
6036,3806,9,2024-12-16,Net Banking
6037,4549,12,2024-03-09,UPI
6038,2834,8,2023-05-29,Debit Card
6039,4354,15,2023-11-26,Cash
6040,2790,2,2023-10-03,Credit Card
6041,3077,15,2023-08-15,UPI
6042,2325,7,2025-11-21,Cash
6043,765,7,2025-10-17,Debit Card
6044,2843,2,2023-07-20,UPI
6045,4892,8,2023-10-19,Cash
6046,4003,6,2024-05-06,Cash
6047,3822,15,2025-06-04,UPI
6048,3289,6,2025-03-10,UPI
6049,1823,12,2025-03-20,Credit Card
6050,885,11,2024-01-07,Cash
6051,1169,15,2025-03-18,Credit Card
6052,24,5,2025-12-20,UPI
6053,3467,12,2025-03-14,UPI
6054,4110,11,2024-11-04,UPI
6055,1393,15,2023-12-13,Net Banking
6056,476,8,2025-03-26,Cash
6057,1746,15,2024-05-04,Credit Card
6058,1514,13,2023-05-15,Cash
6059,2354,10,2023-03-19,UPI
6060,1367,9,2023-04-02,Debit Card
6061,1768,14,2023-03-07,Cash
6062,4565,5,2023-02-24,UPI
6063,1740,14,2023-05-20,Cash
6064,3991,1,2025-03-09,Debit Card
6065,3200,11,2024-09-09,Debit Card
6066,1758,6,2023-09-09,UPI
6067,4127,12,2025-12-11,Cash
6068,3055,12,2025-04-20,Debit Card
6069,37,1,2024-07-31,UPI
6070,364,13,2024-12-24,Debit Card
6071,3845,5,2024-11-05,Debit Card
6072,2335,6,2024-12-13,Cash
6073,2119,3,2024-07-22,UPI
6074,766,12,2024-07-11,Debit Card
6075,819,1,2023-04-23,UPI
6076,4054,2,2024-09-06,Credit Card
6077,4184,14,2023-07-12,Credit Card
6078,2881,12,2023-01-03,UPI
6079,1524,12,2023-08-30,UPI
6080,4691,11,2024-04-22,Cash
6081,3190,12,2023-05-18,Cash
6082,4050,3,2025-05-20,UPI
6083,11,3,2025-08-18,Credit Card
6084,2351,2,2025-10-12,Cash
6085,4398,6,2023-02-18,UPI
6086,1763,7,2025-08-07,Debit Card
6087,3707,5,2024-09-10,Credit Card
6088,3366,7,2023-03-22,Net Banking
6089,797,12,2023-04-11,Debit Card
6090,3949,3,2025-03-24,UPI
6091,578,15,2025-03-09,UPI
6092,3713,11,2024-11-12,UPI
6093,4953,5,2025-04-01,Debit Card
6094,4805,13,2025-02-11,Credit Card
6095,4062,3,2023-12-11,UPI
6096,2747,4,2024-09-07,UPI
6097,3475,6,2025-12-12,UPI
6098,3715,12,2023-04-11,Credit Card
6099,35,14,2024-09-28,Net Banking
6100,524,4,2024-05-20,Credit Card
6101,3063,13,2023-08-30,Cash
6102,24,4,2024-06-17,UPI
6103,4568,7,2023-11-27,UPI
6104,2525,6,2025-09-26,Cash
6105,1337,12,2025-11-17,Credit Card
6106,2060,12,2024-04-10,Credit Card
6107,4301,13,2024-01-21,Credit Card
6108,4656,1,2025-06-25,Debit Card
6109,596,8,2024-04-22,Credit Card
6110,3959,1,2025-01-19,Debit Card
6111,2970,12,2023-05-25,UPI
6112,3004,9,2023-03-18,Debit Card
6113,3965,4,2024-01-31,UPI
6114,1162,7,2023-11-07,UPI
6115,2730,5,2024-09-30,Cash
6116,1660,12,2023-12-19,Debit Card
6117,488,10,2023-10-02,Net Banking
6118,542,3,2025-07-28,UPI
6119,712,13,2024-11-17,Net Banking
6120,3145,8,2025-08-30,Debit Card
6121,545,14,2025-11-13,UPI
6122,2931,10,2023-12-03,Cash
6123,3020,2,2024-08-06,Net Banking
6124,4554,15,2024-02-23,Debit Card
6125,3202,11,2024-06-13,UPI
6126,4925,10,2023-06-20,UPI
6127,161,3,2025-04-27,UPI
6128,3604,12,2024-11-02,Cash
6129,142,5,2025-08-26,Debit Card
6130,3723,5,2024-06-18,Debit Card
6131,2024,5,2024-05-08,Debit Card
6132,3135,7,2024-06-17,Debit Card
6133,1603,8,2024-08-01,UPI
6134,830,8,2025-01-22,Debit Card
6135,3692,11,2025-03-20,Net Banking
6136,4557,3,2023-10-12,Debit Card
6137,956,8,2025-02-03,Cash
6138,4625,10,2024-08-19,UPI
6139,734,13,2025-12-29,UPI
6140,3753,2,2025-09-15,Credit Card
6141,4812,4,2024-12-31,Credit Card
6142,772,2,2023-09-03,Credit Card
6143,2260,5,2024-04-06,Debit Card
6144,1758,3,2025-05-03,Cash
6145,2038,10,2025-03-13,Cash
6146,3847,10,2025-12-09,UPI
6147,3385,11,2023-07-19,UPI
6148,4845,3,2023-08-10,UPI
6149,967,5,2025-10-04,Debit Card
6150,2798,4,2025-01-30,Cash
6151,2348,6,2024-03-05,Credit Card
6152,4616,5,2024-09-09,UPI
6153,50,10,2025-06-05,UPI
6154,4948,13,2024-12-15,UPI
6155,2490,5,2023-03-24,UPI
6156,3199,3,2025-05-21,UPI
6157,1884,4,2024-08-23,Debit Card
6158,4307,14,2023-10-14,UPI
6159,2890,12,2025-10-29,UPI
6160,3397,13,2023-10-20,Credit Card
6161,3322,3,2025-05-23,UPI
6162,1907,3,2024-11-06,Credit Card
6163,397,15,2025-04-13,Credit Card
6164,4096,10,2025-08-07,Debit Card
6165,1503,9,2023-07-02,Cash
6166,4287,10,2025-07-19,UPI
6167,3121,6,2024-04-25,UPI
6168,1852,15,2024-01-03,Credit Card
6169,3050,10,2024-10-26,Credit Card
6170,3303,2,2024-02-25,UPI
6171,3618,1,2024-09-21,UPI
6172,4149,3,2023-05-31,UPI
6173,834,3,2023-09-27,Credit Card
6174,4737,4,2024-01-05,UPI
6175,2144,4,2024-10-31,Debit Card
6176,4342,13,2023-09-05,Credit Card
6177,1149,14,2023-08-03,UPI
6178,151,5,2025-01-26,Debit Card
6179,2944,13,2023-12-09,Debit Card
6180,1678,4,2024-10-23,UPI
6181,4921,12,2023-08-18,UPI
6182,538,2,2025-07-28,UPI
6183,249,11,2025-07-31,UPI
6184,235,12,2023-01-28,Cash
6185,1132,1,2023-02-04,UPI
6186,2973,10,2023-06-29,Cash
6187,2601,7,2023-11-07,Credit Card
6188,1836,9,2025-01-25,Debit Card
6189,458,9,2023-05-04,Credit Card
6190,1213,11,2025-04-19,Credit Card
6191,960,1,2024-11-27,Credit Card
6192,3808,9,2024-02-28,Credit Card
6193,3967,14,2025-12-06,UPI
6194,3957,1,2025-09-17,Net Banking
6195,4845,1,2024-06-13,Cash
6196,4459,2,2024-04-21,UPI
6197,2564,10,2023-06-29,UPI
6198,2165,11,2025-03-24,Credit Card
6199,4600,15,2023-05-27,Net Banking
6200,3134,11,2025-01-16,Debit Card
6201,1522,6,2023-04-19,Cash
6202,2906,9,2024-07-02,UPI
6203,4963,5,2024-04-21,UPI
6204,4291,9,2024-12-22,UPI
6205,1459,9,2024-10-23,Credit Card
6206,4777,14,2024-11-14,Cash
6207,4904,8,2024-08-27,UPI
6208,1203,11,2024-07-02,Credit Card
6209,4516,12,2023-09-18,Cash
6210,4451,7,2023-02-07,Credit Card
6211,204,3,2024-08-11,Credit Card
6212,3438,10,2025-08-02,UPI
6213,1584,3,2023-06-20,Debit Card
6214,3473,14,2023-07-16,Cash
6215,4586,4,2024-07-07,Net Banking
6216,2568,9,2024-08-30,Cash
6217,2163,12,2025-03-25,Credit Card
6218,4628,14,2025-11-05,UPI
6219,4871,14,2024-11-05,UPI
6220,325,3,2023-09-02,UPI
6221,4637,13,2024-03-06,UPI
6222,426,8,2023-04-29,Credit Card
6223,1758,8,2023-01-03,Cash
6224,3901,6,2025-12-07,UPI
6225,3957,2,2025-07-07,UPI
6226,3703,6,2023-05-29,Credit Card
6227,203,4,2024-09-27,Cash
6228,695,14,2023-02-18,UPI
6229,4703,15,2024-11-15,UPI
6230,418,7,2025-11-23,Credit Card
6231,409,11,2025-03-22,UPI
6232,4215,1,2023-06-07,Net Banking
6233,3283,3,2023-01-03,Credit Card
6234,1842,14,2024-05-25,Cash
6235,863,14,2024-08-06,Net Banking
6236,4459,8,2025-04-14,UPI
6237,4943,1,2025-09-23,UPI
6238,260,13,2024-09-28,UPI
6239,2849,10,2023-11-14,Credit Card
6240,1352,12,2023-06-18,UPI
6241,4201,3,2025-09-14,Cash
6242,1813,3,2023-07-21,UPI
6243,3653,12,2025-08-10,Cash
6244,2778,8,2023-10-25,Credit Card
6245,2789,14,2025-11-12,Credit Card
6246,4337,1,2025-11-30,Debit Card
6247,2443,10,2024-08-13,Net Banking
6248,4272,5,2023-06-01,UPI
6249,1903,7,2024-09-06,UPI
6250,912,4,2024-11-29,UPI
6251,2370,15,2025-03-23,Credit Card
6252,2566,10,2023-10-08,UPI
6253,2485,3,2025-04-01,Debit Card
6254,4099,10,2024-04-10,Credit Card
6255,2906,6,2023-06-25,Credit Card
6256,4486,5,2025-05-14,UPI
6257,2638,2,2025-07-19,Cash
6258,1170,6,2023-03-27,Credit Card
6259,676,11,2024-02-02,Debit Card
6260,4385,13,2024-07-17,UPI
6261,294,13,2023-04-25,Cash
6262,604,13,2024-01-23,UPI
6263,334,3,2024-07-22,Net Banking
6264,2214,9,2024-04-30,Credit Card
6265,2735,3,2024-10-13,UPI
6266,101,9,2025-07-28,Debit Card
6267,2647,6,2023-05-07,Credit Card
6268,2059,8,2025-11-07,Credit Card
6269,3945,9,2025-11-28,Cash
6270,4187,15,2023-04-06,Credit Card
6271,3513,8,2023-04-22,UPI
6272,2458,11,2025-04-21,UPI
6273,1127,14,2025-10-11,Cash
6274,4278,2,2024-12-27,Credit Card
6275,1781,3,2024-12-20,Credit Card
6276,1866,8,2025-03-31,UPI
6277,4602,5,2025-06-09,Credit Card
6278,4879,10,2025-06-14,Credit Card
6279,4530,4,2023-12-16,Credit Card
6280,4997,6,2023-08-31,Net Banking
6281,4388,12,2025-10-18,Credit Card
6282,3605,12,2023-03-11,Net Banking
6283,1521,13,2024-07-16,UPI
6284,4777,15,2025-09-06,Cash
6285,4422,6,2024-11-08,Credit Card
6286,1248,14,2025-01-17,UPI
6287,2525,7,2023-04-16,Debit Card
6288,370,5,2024-11-14,Credit Card
6289,4777,1,2024-02-13,Credit Card
6290,2943,14,2024-05-04,UPI
6291,1272,15,2023-06-21,Debit Card
6292,1516,13,2024-12-19,UPI
6293,4902,15,2023-04-07,UPI
6294,3145,8,2025-12-07,Cash
6295,2187,14,2025-08-28,UPI
6296,2575,1,2023-04-14,Cash
6297,511,4,2024-11-03,Credit Card
6298,394,3,2024-06-22,UPI
6299,3040,3,2024-03-09,Cash
6300,2628,6,2025-03-17,Debit Card
6301,1880,8,2024-08-05,UPI
6302,2915,5,2023-05-11,UPI
6303,383,6,2025-02-02,Credit Card
6304,4736,12,2023-02-07,UPI
6305,1521,6,2023-04-25,Cash
6306,379,12,2024-12-22,UPI
6307,884,1,2024-10-05,Cash
6308,494,15,2024-07-11,Debit Card
6309,929,15,2025-10-07,Net Banking
6310,2171,7,2023-05-03,UPI
6311,3770,1,2023-05-05,UPI
6312,1412,12,2025-11-02,Debit Card
6313,2262,14,2024-10-20,Cash
6314,4670,15,2023-10-30,UPI
6315,1532,7,2023-02-01,Cash
6316,4040,13,2023-10-09,UPI
6317,822,13,2023-11-15,Credit Card
6318,925,8,2024-10-19,UPI
6319,2376,4,2025-07-30,UPI
6320,1215,8,2023-10-30,Debit Card
6321,4551,6,2025-10-17,UPI
6322,263,6,2024-12-15,Credit Card
6323,3063,11,2023-10-03,UPI
6324,3099,11,2023-03-28,Cash
6325,349,9,2025-06-26,Cash
6326,3739,6,2024-08-22,Debit Card
6327,2437,12,2024-08-02,Debit Card
6328,3688,11,2024-12-03,Credit Card
6329,4174,5,2023-01-21,Credit Card
6330,1667,10,2025-01-30,Credit Card
6331,2511,10,2024-03-19,Debit Card
6332,1350,6,2024-09-14,Credit Card
6333,1060,12,2024-03-17,UPI
6334,2,8,2023-03-06,UPI
6335,4832,9,2024-11-09,Debit Card
6336,2298,10,2023-12-24,UPI
6337,61,13,2025-10-18,Net Banking
6338,41,13,2025-02-11,UPI
6339,1493,13,2025-10-30,UPI
6340,67,10,2024-10-15,UPI
6341,1961,11,2025-10-04,Debit Card
6342,329,8,2023-06-11,Credit Card
6343,203,8,2023-02-15,Debit Card
6344,3435,7,2023-01-28,UPI
6345,4563,13,2024-05-14,Cash
6346,2137,1,2023-08-06,Cash
6347,4220,4,2025-10-19,UPI
6348,154,4,2023-10-23,Debit Card
6349,3959,12,2023-05-07,UPI
6350,327,3,2024-12-13,UPI
6351,4226,4,2025-07-28,UPI
6352,4444,12,2025-03-21,Credit Card
6353,3995,2,2023-10-17,Cash
6354,4140,3,2023-06-20,Cash
6355,2887,3,2024-08-28,UPI
6356,1371,10,2023-08-11,Credit Card
6357,3289,1,2024-04-27,UPI
6358,2287,7,2024-09-24,Credit Card
6359,22,4,2023-03-05,Credit Card
6360,2477,8,2024-06-26,Cash
6361,3333,9,2023-10-19,Cash
6362,66,2,2023-10-13,UPI
6363,3177,2,2025-03-24,Debit Card
6364,3341,2,2023-08-31,Credit Card
6365,824,8,2025-11-14,Credit Card
6366,2242,2,2025-08-18,UPI
6367,4838,6,2023-12-20,UPI
6368,4459,5,2024-09-24,Cash
6369,2143,10,2023-10-22,UPI
6370,1835,9,2023-09-26,Cash
6371,644,2,2025-02-01,UPI
6372,184,1,2023-01-14,Credit Card
6373,1539,2,2024-04-05,Debit Card
6374,4719,10,2025-12-10,UPI
6375,4810,5,2024-01-09,Net Banking
6376,4113,15,2025-12-06,Debit Card
6377,1839,8,2025-03-02,UPI
6378,752,8,2023-09-04,Cash
6379,3057,2,2025-02-10,Net Banking
6380,3307,12,2023-05-04,UPI
6381,2217,13,2023-12-07,Cash
6382,3545,5,2024-04-17,Net Banking
6383,3818,12,2025-03-13,UPI
6384,3982,15,2023-01-02,UPI
6385,2584,14,2025-09-17,Debit Card
6386,4023,15,2023-06-09,Net Banking
6387,135,13,2023-09-09,Debit Card
6388,3493,2,2025-05-17,Credit Card
6389,1222,12,2025-11-18,UPI
6390,1401,7,2025-02-08,Net Banking
6391,473,10,2024-12-21,UPI
6392,1004,8,2024-05-09,UPI
6393,4961,5,2023-02-07,Credit Card
6394,2167,11,2025-07-18,Credit Card
6395,4662,12,2023-10-16,UPI
6396,847,1,2025-01-02,UPI
6397,1071,13,2025-02-24,UPI
6398,2872,7,2024-11-10,UPI
6399,1832,15,2024-10-14,Net Banking
6400,3293,3,2024-03-31,UPI
6401,2202,13,2024-04-22,Cash
6402,4109,2,2025-11-11,Cash
6403,2245,14,2025-08-16,Debit Card
6404,2941,6,2023-03-04,Debit Card
6405,1664,2,2023-09-06,Credit Card
6406,3604,14,2024-11-15,Credit Card
6407,3354,10,2025-01-29,Cash
6408,2079,8,2023-04-17,Debit Card
6409,1432,3,2025-08-02,UPI
6410,3140,2,2024-07-31,UPI
6411,4733,8,2025-11-07,UPI
6412,694,13,2023-10-31,UPI
6413,4062,13,2025-08-29,Net Banking
6414,2798,6,2025-12-13,Credit Card
6415,2701,13,2025-02-16,UPI
6416,4818,4,2024-02-12,Debit Card
6417,3107,5,2025-10-04,Credit Card
6418,4189,10,2023-11-26,UPI
6419,2641,15,2023-05-08,UPI
6420,1291,7,2024-01-01,UPI
6421,3558,12,2023-01-25,Credit Card
6422,4640,12,2023-09-23,Debit Card
6423,4245,4,2025-03-21,Net Banking
6424,1040,12,2025-04-01,Credit Card
6425,1651,14,2025-08-23,Debit Card
6426,2651,11,2025-12-28,UPI
6427,2937,7,2023-03-02,UPI
6428,1012,6,2024-08-17,Credit Card
6429,1195,5,2025-12-26,Cash
6430,3876,3,2023-12-21,Credit Card
6431,3727,14,2023-11-18,UPI
6432,4228,1,2024-12-21,Cash
6433,4691,8,2023-02-13,Credit Card
6434,1596,11,2025-11-06,UPI
6435,4338,14,2025-12-03,Credit Card
6436,3412,7,2023-06-23,Debit Card
6437,4805,15,2023-06-28,Net Banking
6438,1410,6,2024-04-07,Cash
6439,1395,4,2025-01-20,UPI
6440,3605,5,2025-02-15,Credit Card
6441,4667,14,2025-09-17,Credit Card
6442,4158,5,2023-07-10,Credit Card
6443,3710,2,2025-09-03,UPI
6444,2034,6,2025-03-29,UPI
6445,3666,11,2025-03-26,Credit Card
6446,4066,5,2025-04-03,UPI
6447,3847,1,2023-11-19,Credit Card
6448,3484,9,2025-08-09,UPI
6449,248,7,2024-03-09,UPI
6450,3379,14,2025-12-30,Net Banking
6451,2485,11,2024-02-13,Debit Card
6452,4817,14,2023-06-15,Credit Card
6453,3115,14,2024-03-12,UPI
6454,3120,2,2024-11-12,UPI
6455,4972,6,2025-02-04,UPI
6456,485,14,2024-04-08,UPI
6457,1432,15,2025-06-04,Debit Card
6458,3361,1,2024-02-19,UPI
6459,1638,2,2025-07-15,UPI
6460,1813,15,2025-11-28,UPI
6461,4501,15,2024-06-21,UPI
6462,2973,7,2024-11-27,Credit Card
6463,529,3,2023-01-25,Debit Card
6464,1610,7,2025-07-04,Net Banking
6465,398,6,2024-07-16,UPI
6466,2860,5,2023-03-27,Debit Card
6467,904,10,2025-05-25,UPI
6468,4333,14,2024-03-08,Credit Card
6469,2964,9,2023-01-31,Credit Card
6470,310,10,2025-12-25,UPI
6471,1557,5,2025-02-15,Credit Card
6472,3149,14,2025-12-26,Credit Card
6473,1744,5,2025-07-19,UPI
6474,2633,8,2023-12-31,Credit Card
6475,4571,7,2024-11-29,UPI
6476,1836,1,2023-07-24,Cash
6477,1748,10,2024-07-26,Credit Card
6478,4139,2,2024-04-07,UPI
6479,1658,4,2023-09-25,Net Banking
6480,409,9,2023-06-19,Credit Card
6481,940,7,2023-09-13,Net Banking
6482,4757,2,2024-12-10,UPI
6483,4693,11,2024-05-04,UPI
6484,1171,12,2024-10-23,Debit Card
6485,2843,8,2025-12-04,Net Banking
6486,720,1,2025-02-18,UPI
6487,3474,8,2023-03-26,Debit Card
6488,967,5,2025-08-07,UPI
6489,260,1,2023-10-05,Cash
6490,4160,3,2024-12-13,Credit Card
6491,1682,11,2023-10-05,Cash
6492,556,13,2024-08-06,UPI
6493,4209,13,2023-07-09,Cash
6494,3901,13,2023-06-20,UPI
6495,3509,7,2025-07-27,UPI
6496,4579,12,2025-06-28,Net Banking
6497,2525,7,2025-01-18,UPI
6498,669,8,2024-06-19,Credit Card
6499,322,11,2025-07-23,Credit Card
6500,1657,13,2023-09-16,UPI
6501,448,11,2024-03-18,UPI
6502,2753,4,2023-07-20,UPI
6503,69,6,2024-07-04,Cash
6504,2314,15,2025-06-23,Credit Card
6505,927,12,2024-08-07,UPI
6506,1931,7,2024-08-21,Debit Card
6507,3476,8,2025-07-14,Credit Card
6508,1840,14,2023-12-10,Credit Card
6509,1778,3,2025-07-18,Debit Card
6510,4953,5,2025-01-08,Credit Card
6511,3673,8,2024-09-29,UPI
6512,2637,6,2024-10-31,Debit Card
6513,2973,1,2025-02-06,UPI
6514,3173,2,2024-06-25,Net Banking
6515,128,3,2025-02-23,Credit Card
6516,415,14,2023-05-24,UPI
6517,3323,12,2023-03-26,UPI
6518,1910,15,2024-01-04,UPI
6519,289,7,2025-04-30,Cash
6520,1539,13,2023-07-27,Cash
6521,680,14,2023-06-22,UPI
6522,4605,10,2024-04-27,Debit Card
6523,1066,3,2023-01-29,Cash
6524,753,9,2025-08-09,Debit Card
6525,3201,9,2025-05-20,Credit Card
6526,2682,12,2024-06-22,UPI
6527,2959,12,2023-09-23,Net Banking
6528,2262,12,2025-11-14,Cash
6529,2430,11,2024-02-03,UPI
6530,3960,8,2024-12-04,Credit Card
6531,1145,9,2023-11-07,UPI
6532,2075,8,2024-06-27,Debit Card
6533,4805,9,2024-10-13,UPI
6534,990,4,2023-08-01,Cash
6535,1521,4,2024-11-14,Cash
6536,1001,15,2023-07-14,UPI
6537,105,5,2023-12-21,Debit Card
6538,1396,7,2023-08-16,Credit Card
6539,243,9,2024-08-12,Cash
6540,804,4,2023-09-02,UPI
6541,1897,7,2023-12-19,Credit Card
6542,105,12,2025-07-31,Credit Card
6543,3845,12,2024-11-14,UPI
6544,4044,6,2023-01-07,UPI
6545,2148,13,2025-04-20,Debit Card
6546,4922,9,2023-10-26,UPI
6547,3487,9,2024-06-05,Debit Card
6548,3805,9,2023-06-13,Credit Card
6549,1004,5,2023-06-02,UPI
6550,4223,3,2024-04-05,Cash
6551,4740,13,2024-06-14,UPI
6552,1225,15,2025-12-25,UPI
6553,3523,6,2024-07-25,Cash
6554,3819,2,2023-07-01,UPI
6555,1584,7,2023-02-26,Cash
6556,2468,14,2025-04-26,Credit Card
6557,505,15,2025-05-24,Cash
6558,903,13,2023-01-30,Credit Card
6559,322,7,2025-05-29,UPI
6560,2881,2,2024-07-04,UPI
6561,3197,15,2025-10-26,Debit Card
6562,4602,6,2024-10-07,Debit Card
6563,2793,4,2024-05-11,UPI
6564,1350,7,2025-06-02,Net Banking
6565,311,8,2024-06-25,Net Banking
6566,4466,10,2024-05-09,UPI
6567,2486,13,2024-08-22,UPI
6568,3765,11,2023-04-08,UPI
6569,69,1,2025-07-04,Net Banking
6570,2522,5,2023-02-14,Debit Card
6571,1685,9,2024-03-03,Cash
6572,159,14,2024-07-21,UPI
6573,3954,2,2023-11-13,Net Banking
6574,2631,4,2025-04-21,Debit Card
6575,1729,8,2023-05-25,UPI
6576,4089,12,2024-04-25,Credit Card
6577,2338,5,2025-03-08,Cash
6578,12,8,2023-01-06,UPI
6579,4737,15,2025-11-04,Debit Card
6580,1324,10,2025-02-08,Debit Card
6581,4189,10,2023-12-13,Credit Card
6582,4121,1,2025-08-22,Credit Card
6583,843,14,2024-05-27,Cash
6584,2461,7,2023-03-13,Net Banking
6585,206,6,2023-03-19,Credit Card
6586,1859,2,2025-10-14,Debit Card
6587,3732,7,2023-09-18,UPI
6588,1230,3,2024-12-19,UPI
6589,600,4,2025-08-08,Cash
6590,2606,14,2023-10-19,UPI
6591,2762,11,2024-04-09,UPI
6592,3479,6,2025-03-24,UPI
6593,3878,3,2024-02-12,UPI
6594,3568,1,2024-06-12,Debit Card
6595,4271,10,2024-08-13,Cash
6596,1163,1,2025-12-09,UPI
6597,2931,6,2025-05-22,UPI
6598,1884,4,2023-08-14,Net Banking
6599,4821,7,2023-09-05,Credit Card
6600,2293,9,2023-12-19,Cash
6601,4813,14,2025-05-15,Net Banking
6602,3928,8,2025-11-02,Net Banking
6603,3670,3,2024-02-22,Credit Card
6604,2535,7,2023-01-04,UPI
6605,2312,1,2024-07-29,Debit Card
6606,2706,2,2025-04-10,Credit Card
6607,1520,9,2024-04-20,Debit Card
6608,4557,10,2025-02-10,Credit Card
6609,4038,8,2023-12-31,Credit Card
6610,4068,15,2024-07-02,UPI
6611,2249,7,2023-11-03,Credit Card
6612,375,11,2025-09-30,UPI
6613,3506,10,2024-04-07,UPI
6614,1961,2,2024-06-08,Debit Card
6615,4396,15,2024-03-26,Debit Card
6616,3970,14,2024-07-12,Credit Card
6617,762,2,2023-09-19,Debit Card
6618,3088,7,2023-09-04,Credit Card
6619,3547,7,2025-05-29,Credit Card
6620,2920,6,2024-03-27,UPI
6621,2638,10,2025-03-01,Credit Card
6622,1190,12,2025-07-24,Credit Card
6623,1225,5,2024-05-22,Credit Card
6624,3926,6,2024-09-27,UPI
6625,93,12,2023-05-29,Debit Card
6626,3961,9,2023-02-06,Credit Card
6627,2707,4,2024-09-30,UPI
6628,4703,12,2025-05-13,Net Banking
6629,4991,10,2025-01-18,Net Banking
6630,3401,1,2023-06-05,UPI
6631,2155,9,2025-04-18,Debit Card
6632,2468,8,2024-09-09,Credit Card
6633,1072,11,2024-07-23,UPI
6634,516,2,2024-06-08,Debit Card
6635,2971,4,2025-10-01,Credit Card
6636,4084,3,2025-11-11,Cash
6637,1352,3,2023-02-19,Debit Card
6638,2184,6,2024-01-06,Credit Card
6639,2852,7,2024-02-11,Credit Card
6640,4565,8,2024-02-19,UPI
6641,727,7,2025-03-12,UPI
6642,1228,15,2023-10-28,UPI
6643,4616,12,2023-01-20,UPI
6644,203,15,2023-12-18,UPI
6645,3361,9,2023-08-18,UPI
6646,3274,2,2025-03-10,Cash
6647,2011,10,2023-03-23,Credit Card
6648,2434,4,2025-05-11,Debit Card
6649,4324,15,2025-01-02,UPI
6650,857,2,2025-01-27,Cash
6651,1206,13,2024-11-26,UPI
6652,2630,15,2025-07-28,UPI
6653,2139,11,2023-12-21,UPI
6654,2950,3,2024-01-19,UPI
6655,4625,13,2025-01-30,UPI
6656,4609,10,2025-03-26,Debit Card
6657,1195,1,2025-09-14,UPI
6658,1563,14,2025-04-27,Cash
6659,842,8,2024-01-24,UPI
6660,4663,5,2023-07-03,Net Banking
6661,2083,5,2025-06-02,Cash
6662,2349,8,2023-01-26,Credit Card
6663,4071,15,2023-08-13,UPI
6664,2632,15,2023-09-07,Cash
6665,619,11,2025-03-30,Debit Card
6666,2276,9,2025-06-13,Credit Card
6667,3218,9,2024-05-22,UPI
6668,3675,10,2023-08-04,Credit Card
6669,3301,9,2025-03-09,Credit Card
6670,614,2,2023-08-18,Credit Card
6671,1578,7,2024-09-27,Cash
6672,3743,7,2023-06-02,Net Banking
6673,4438,4,2025-12-14,Net Banking
6674,248,5,2023-01-19,Cash
6675,222,14,2023-03-04,Cash
6676,3289,6,2023-04-02,Credit Card
6677,2821,7,2023-12-04,UPI
6678,807,13,2023-08-18,Debit Card
6679,2824,2,2025-04-10,Credit Card
6680,4873,10,2025-01-05,Debit Card
6681,3222,2,2024-05-20,UPI
6682,2348,15,2023-05-18,Debit Card
6683,4179,13,2023-12-17,UPI
6684,1109,2,2024-11-06,Cash
6685,2163,13,2025-11-09,Cash
6686,2710,14,2023-07-22,Cash
6687,2596,15,2025-04-12,UPI
6688,4625,5,2025-03-10,Credit Card
6689,1516,6,2024-09-10,Cash
6690,297,15,2024-11-21,Debit Card
6691,4605,11,2024-03-27,Credit Card
6692,1132,15,2025-02-21,Net Banking
6693,1984,6,2023-03-17,Credit Card
6694,2728,3,2025-04-30,UPI
6695,4880,12,2025-05-14,Debit Card
6696,2752,15,2023-09-08,Credit Card
6697,2342,4,2025-10-28,UPI
6698,2996,7,2024-07-12,UPI
6699,4851,7,2025-12-20,UPI
6700,4127,15,2024-06-01,Net Banking
6701,883,6,2023-01-31,UPI
6702,4076,1,2025-05-12,Credit Card
6703,4244,10,2025-09-21,UPI
6704,3542,6,2023-08-20,Net Banking
6705,3363,14,2023-10-20,UPI
6706,2298,13,2023-05-23,UPI
6707,3284,1,2024-02-16,Credit Card
6708,3766,11,2024-01-16,UPI
6709,637,5,2024-12-01,UPI
6710,1333,6,2023-05-05,Debit Card
6711,1013,7,2025-06-10,Credit Card
6712,4244,8,2023-06-20,UPI
6713,3492,9,2023-11-11,Credit Card
6714,2354,6,2025-04-13,Cash
6715,4166,11,2023-09-14,Credit Card
6716,3663,7,2024-06-27,Credit Card
6717,4586,15,2023-11-06,Credit Card
6718,401,4,2024-11-07,Credit Card
6719,2617,10,2024-09-03,UPI
6720,3618,7,2025-04-15,Cash
6721,1082,10,2025-05-16,Cash
6722,1692,1,2025-12-12,Credit Card
6723,2182,3,2024-07-27,Net Banking
6724,4038,1,2025-08-22,Credit Card
6725,2543,11,2023-08-22,UPI
6726,2539,8,2025-02-12,Credit Card
6727,2241,3,2024-12-27,Credit Card
6728,1192,7,2024-12-30,UPI
6729,4640,2,2024-11-04,Credit Card
6730,1656,12,2024-05-13,Credit Card
6731,2920,12,2023-11-03,UPI
6732,780,5,2023-12-04,Credit Card
6733,2254,15,2025-04-01,Cash
6734,4554,3,2023-07-10,Credit Card
6735,4979,10,2023-11-12,UPI
6736,1894,3,2024-02-26,Debit Card
6737,802,14,2025-01-28,Cash
6738,1635,15,2025-09-25,UPI
6739,1693,5,2023-06-01,UPI
6740,3296,14,2023-09-21,Cash
6741,2553,8,2023-03-09,Debit Card
6742,3927,2,2025-07-14,Net Banking
6743,3598,11,2025-07-17,Debit Card
6744,1300,4,2023-03-08,UPI
6745,3987,4,2023-03-13,Credit Card
6746,4280,13,2025-01-02,UPI
6747,3072,15,2025-05-15,UPI
6748,4662,14,2025-11-20,Cash
6749,3982,12,2025-02-21,Credit Card
6750,3057,11,2024-07-21,Credit Card
6751,4562,5,2025-11-03,Cash
6752,3082,6,2024-06-21,UPI
6753,2680,9,2025-07-09,Credit Card
6754,1866,5,2024-05-20,Debit Card
6755,4448,12,2024-07-18,Net Banking
6756,636,10,2024-04-20,UPI
6757,2458,8,2024-05-29,Debit Card
6758,2763,5,2024-08-27,UPI
6759,2852,3,2023-08-27,Credit Card
6760,3338,6,2023-07-10,Debit Card
6761,2602,13,2025-11-14,Cash
6762,1331,4,2023-03-26,UPI
6763,4333,5,2025-04-25,Debit Card
6764,3365,8,2023-07-28,UPI
6765,4337,11,2024-04-20,UPI
6766,1432,11,2023-06-29,Debit Card
6767,3261,4,2023-07-30,Cash
6768,3649,7,2024-04-26,UPI
6769,2012,3,2024-09-21,UPI
6770,4111,4,2025-04-19,UPI
6771,9,8,2023-11-03,Credit Card
6772,3054,8,2025-12-21,UPI
6773,3138,13,2023-04-11,Net Banking
6774,2744,13,2023-06-14,Credit Card
6775,3216,9,2025-10-12,UPI
6776,869,4,2024-11-11,Debit Card
6777,3512,10,2024-11-16,Credit Card
6778,1747,4,2024-10-28,Cash
6779,2357,5,2023-08-11,Net Banking
6780,1728,14,2025-11-30,Cash
6781,2461,5,2023-10-15,Credit Card
6782,3178,3,2025-02-02,UPI
6783,4226,1,2025-03-15,Credit Card
6784,2505,10,2024-10-19,Credit Card
6785,1670,15,2023-07-09,Net Banking
6786,2522,1,2025-04-02,UPI
6787,3535,12,2025-04-22,Credit Card
6788,1815,14,2025-06-10,Credit Card
6789,2163,8,2025-05-20,Credit Card
6790,2895,4,2025-07-26,UPI
6791,1522,13,2024-01-12,Cash
6792,1090,11,2024-02-28,Cash
6793,734,10,2025-07-24,UPI
6794,1845,15,2023-06-12,Credit Card
6795,253,14,2023-04-28,Debit Card
6796,2995,11,2025-05-23,Net Banking
6797,915,2,2025-07-12,UPI
6798,1977,6,2024-01-04,Debit Card
6799,1394,9,2023-11-18,Cash
6800,3217,15,2024-01-05,UPI
6801,4298,5,2025-01-13,Cash
6802,3238,3,2025-05-14,Cash
6803,2797,4,2023-04-01,Net Banking
6804,3431,15,2023-10-10,UPI
6805,157,13,2023-09-09,UPI
6806,637,2,2023-02-26,Credit Card
6807,491,15,2024-09-08,Cash
6808,509,14,2024-10-31,Cash
6809,1350,7,2023-02-24,Debit Card
6810,2733,13,2025-09-17,Credit Card
6811,588,4,2025-02-17,UPI
6812,4701,4,2024-07-10,Credit Card
6813,4318,8,2024-08-28,UPI
6814,4857,10,2025-11-24,Debit Card
6815,223,5,2024-12-23,Credit Card
6816,4302,3,2025-07-31,Credit Card
6817,4078,13,2025-02-28,Debit Card
6818,4549,15,2024-11-26,Credit Card
6819,2711,12,2023-10-12,Debit Card
6820,4007,6,2023-05-06,Cash
6821,268,8,2025-01-19,UPI
6822,397,10,2024-02-01,UPI
6823,609,1,2024-09-06,UPI
6824,4593,9,2023-11-06,UPI
6825,322,14,2024-02-18,Cash
6826,520,13,2023-04-22,UPI
6827,4678,4,2025-09-20,Cash
6828,551,5,2025-02-14,Net Banking
6829,4393,10,2025-04-11,UPI
6830,4009,3,2024-10-20,Credit Card
6831,207,9,2023-02-19,Credit Card
6832,109,13,2024-12-14,Net Banking
6833,2746,12,2025-01-29,UPI
6834,4990,6,2023-01-26,Cash
6835,4429,15,2023-09-16,Net Banking
6836,1604,15,2024-01-24,Credit Card
6837,2026,1,2024-08-12,UPI
6838,2036,9,2025-06-08,UPI
6839,3744,11,2023-08-17,Net Banking
6840,1777,5,2023-10-28,UPI
6841,772,3,2024-10-08,Credit Card
6842,3819,4,2024-05-13,UPI
6843,2387,12,2024-08-22,Cash
6844,401,5,2023-08-04,Credit Card
6845,4012,1,2025-04-19,Net Banking
6846,3003,10,2025-04-05,Net Banking
6847,2525,3,2025-11-19,Credit Card
6848,3466,7,2024-07-03,Net Banking
6849,2601,9,2024-05-22,UPI
6850,3318,6,2023-10-19,UPI
6851,4379,4,2023-10-27,Debit Card
6852,3138,15,2025-03-28,Credit Card
6853,3378,4,2025-03-31,Net Banking
6854,3139,9,2025-06-15,Cash
6855,2730,1,2024-01-16,Debit Card
6856,897,6,2024-04-24,Cash
6857,1746,4,2025-07-16,UPI
6858,3549,3,2023-02-22,UPI
6859,2221,11,2024-11-29,Credit Card
6860,2120,1,2024-12-13,UPI
6861,3881,5,2023-12-14,UPI
6862,23,4,2025-10-26,UPI
6863,3487,10,2024-03-25,Debit Card
6864,2525,4,2025-10-02,UPI
6865,1974,8,2024-10-05,Cash
6866,1774,11,2024-07-29,Debit Card
6867,903,11,2024-02-26,UPI
6868,1739,2,2024-03-15,UPI
6869,2053,11,2023-12-20,Cash
6870,2273,10,2024-10-09,Credit Card
6871,3457,11,2024-02-17,Credit Card
6872,2361,14,2023-11-01,Credit Card
6873,4048,10,2025-09-21,Credit Card
6874,3274,13,2023-12-10,Credit Card
6875,988,4,2023-12-11,Debit Card
6876,1438,11,2024-07-03,Credit Card
6877,413,1,2024-10-27,Net Banking
6878,4742,2,2023-01-05,Credit Card
6879,4476,10,2024-11-14,UPI
6880,437,10,2025-12-02,Net Banking
6881,2948,3,2025-01-16,UPI
6882,4816,12,2024-07-24,Debit Card
6883,3819,1,2025-02-05,Cash
6884,2535,2,2024-09-12,UPI
6885,1248,7,2023-03-11,UPI
6886,1451,10,2024-11-13,Credit Card
6887,3758,10,2024-04-14,Credit Card
6888,3970,6,2024-07-01,UPI
6889,2716,2,2025-12-04,Credit Card
6890,625,1,2025-10-14,UPI
6891,4695,10,2025-03-08,UPI
6892,4268,14,2024-07-26,Debit Card
6893,734,9,2024-03-13,UPI
6894,298,1,2023-06-24,Debit Card
6895,2756,10,2025-01-08,Net Banking
6896,1474,5,2023-03-21,UPI
6897,1470,9,2023-10-27,UPI
6898,449,13,2024-04-22,Net Banking
6899,4778,9,2024-11-01,Debit Card
6900,4187,6,2025-04-13,Debit Card
6901,585,15,2024-08-10,Cash
6902,4422,3,2025-05-15,Debit Card
6903,3506,2,2024-09-23,Net Banking
6904,1682,3,2025-04-24,UPI
6905,4398,1,2024-08-05,Credit Card
6906,3066,3,2025-10-11,Debit Card
6907,4285,2,2025-02-08,Debit Card
6908,2438,8,2023-05-24,UPI
6909,2578,15,2024-12-18,Cash
6910,1509,10,2024-03-29,Cash
6911,2036,7,2024-03-20,UPI
6912,2920,1,2024-01-24,Credit Card
6913,4750,1,2024-09-03,UPI
6914,3079,5,2023-05-06,UPI
6915,772,4,2023-06-30,Credit Card
6916,26,15,2024-11-29,Credit Card
6917,4301,8,2024-12-15,Credit Card
6918,1909,8,2024-03-26,Credit Card
6919,1637,15,2024-04-29,Debit Card
6920,4064,3,2024-07-14,UPI
6921,4741,5,2023-04-15,UPI
6922,3826,7,2023-07-09,Credit Card
6923,907,8,2024-05-06,Debit Card
6924,2053,3,2024-12-10,Credit Card
6925,3882,8,2025-05-15,Debit Card
6926,4563,10,2024-12-07,Net Banking
6927,4998,9,2024-08-31,Debit Card
6928,2625,3,2024-02-24,Net Banking
6929,4149,12,2024-05-08,UPI
6930,244,2,2023-06-08,Credit Card
6931,1481,14,2024-02-20,UPI
6932,1943,2,2024-04-12,Debit Card
6933,4879,5,2024-08-08,Net Banking
6934,11,12,2025-01-30,UPI
6935,1595,10,2025-01-24,UPI
6936,4678,12,2024-07-27,Debit Card
6937,1590,1,2023-12-28,UPI
6938,1172,6,2023-01-17,UPI
6939,3726,7,2023-02-08,Net Banking
6940,3806,12,2023-07-27,UPI
6941,2451,13,2025-04-21,UPI
6942,4748,5,2025-05-02,UPI
6943,1065,11,2023-10-27,Cash
6944,4585,8,2023-04-26,Credit Card
6945,3856,6,2023-07-13,UPI
6946,1930,1,2025-07-07,UPI
6947,4092,9,2023-02-11,UPI
6948,695,12,2024-01-23,UPI
6949,684,5,2023-02-07,Cash
6950,4673,13,2023-01-27,UPI
6951,491,5,2023-03-19,Cash
6952,15,15,2023-06-08,UPI
6953,2042,1,2025-04-14,Cash
6954,534,5,2023-04-23,Debit Card
6955,4358,3,2024-02-14,UPI
6956,4634,10,2023-01-06,Credit Card
6957,2504,13,2024-12-05,UPI
6958,2221,3,2025-01-15,UPI
6959,2775,11,2023-08-06,Cash
6960,1177,10,2023-07-24,UPI
6961,1542,8,2023-09-28,UPI
6962,522,9,2023-06-15,UPI
6963,2334,13,2025-10-24,Net Banking
6964,3136,6,2023-11-15,Credit Card
6965,4676,3,2024-03-20,UPI
6966,3777,8,2023-10-06,Net Banking
6967,3688,3,2024-03-21,Debit Card
6968,1594,7,2024-05-12,Net Banking
6969,4484,2,2023-03-18,UPI
6970,4749,6,2024-07-05,Debit Card
6971,4688,8,2025-04-18,Cash
6972,202,3,2024-05-30,Credit Card
6973,3099,13,2024-08-01,Credit Card
6974,3289,9,2023-06-03,UPI
6975,1524,11,2024-01-22,Credit Card
6976,4965,9,2024-01-28,UPI
6977,1509,3,2023-10-29,Credit Card
6978,1129,3,2023-08-16,Debit Card
6979,2510,5,2025-06-24,Debit Card
6980,1670,9,2023-06-03,Debit Card
6981,4641,14,2025-08-04,Credit Card
6982,2292,12,2023-03-06,UPI
6983,2141,13,2023-05-29,UPI
6984,3200,1,2023-11-22,Credit Card
6985,416,1,2025-09-28,Net Banking
6986,3865,1,2024-09-17,UPI
6987,3927,15,2024-03-02,Debit Card
6988,2461,4,2024-04-16,Credit Card
6989,4790,13,2023-01-31,UPI
6990,2973,7,2023-10-09,UPI
6991,3564,12,2023-05-14,Debit Card
6992,4642,11,2023-12-29,UPI
6993,3415,2,2023-10-19,UPI
6994,2245,12,2023-12-19,Credit Card
6995,129,3,2025-06-10,Debit Card
6996,3716,4,2024-05-01,Credit Card
6997,4839,1,2024-04-05,Credit Card
6998,2443,2,2023-04-08,Cash
6999,1769,2,2025-01-04,UPI
7000,2666,14,2024-11-07,Debit Card
7001,3716,11,2025-05-20,Credit Card
7002,2,15,2025-03-02,Credit Card
7003,4478,15,2025-03-03,UPI
7004,4476,6,2025-02-17,UPI
7005,2787,4,2025-11-06,UPI
7006,632,12,2023-07-21,UPI
7007,3453,7,2023-06-10,Debit Card
7008,724,12,2024-10-06,Cash
7009,2609,11,2024-09-26,Cash
7010,485,12,2024-09-23,Cash
7011,3023,8,2024-11-20,UPI
7012,1656,2,2023-06-05,UPI
7013,4190,2,2025-12-19,Net Banking
7014,4062,5,2023-10-19,Cash
7015,4998,4,2024-12-15,UPI
7016,1334,12,2025-02-17,Debit Card
7017,323,14,2025-09-08,Credit Card
7018,2309,10,2024-11-09,UPI
7019,430,2,2024-03-25,Cash
7020,928,9,2024-10-06,Net Banking
7021,3063,9,2025-05-11,Net Banking
7022,3038,13,2024-11-16,Credit Card
7023,227,10,2024-08-02,Cash
7024,2309,13,2023-05-08,Credit Card
7025,2722,12,2024-03-24,Net Banking
7026,1391,4,2023-05-30,Net Banking
7027,4402,2,2025-02-17,Debit Card
7028,836,3,2025-09-08,Credit Card
7029,1313,8,2024-03-27,Cash
7030,816,13,2024-02-16,UPI
7031,598,11,2023-05-25,UPI
7032,4430,8,2024-05-22,Credit Card
7033,1442,12,2024-04-11,Cash
7034,3687,14,2023-02-03,UPI
7035,2231,7,2023-01-24,Cash
7036,3254,13,2024-07-21,Net Banking
7037,4666,4,2024-01-24,Credit Card
7038,4267,1,2023-02-08,UPI
7039,364,10,2023-10-27,Debit Card
7040,4271,9,2025-05-10,UPI
7041,2357,15,2023-10-31,Credit Card
7042,1837,7,2023-10-19,Debit Card
7043,3458,13,2025-10-09,Credit Card
7044,4762,1,2025-01-06,Credit Card
7045,486,14,2023-08-05,Credit Card
7046,3926,15,2025-08-12,UPI
7047,1070,5,2025-07-21,UPI
7048,1991,3,2025-12-03,Credit Card
7049,4411,2,2025-03-28,Credit Card
7050,2812,3,2025-04-07,Credit Card
7051,356,6,2024-02-02,UPI
7052,2612,12,2025-02-19,UPI
7053,4009,7,2025-11-12,Cash
7054,2716,10,2024-02-11,Credit Card
7055,867,9,2025-10-23,Net Banking
7056,2324,13,2024-08-04,Net Banking
7057,4642,10,2024-12-20,Credit Card
7058,3368,12,2024-10-03,Credit Card
7059,3726,15,2024-05-25,UPI
7060,3995,11,2025-02-22,UPI
7061,468,7,2025-12-10,Cash
7062,2983,12,2024-08-06,Net Banking
7063,1972,1,2023-06-13,Credit Card
7064,728,13,2024-11-14,Debit Card
7065,1065,7,2024-03-23,Net Banking
7066,3971,13,2025-02-18,UPI
7067,837,1,2024-02-20,Debit Card
7068,1617,13,2025-07-01,Credit Card
7069,1474,8,2025-08-28,UPI
7070,254,2,2023-06-01,Debit Card
7071,2403,2,2023-09-01,UPI
7072,3916,1,2025-08-20,UPI
7073,112,9,2025-05-22,Credit Card
7074,578,12,2023-01-25,UPI
7075,3682,13,2023-12-05,Credit Card
7076,3045,15,2025-05-03,UPI
7077,3654,14,2024-11-19,Credit Card
7078,1197,11,2024-05-02,Credit Card
7079,4078,8,2025-05-21,Net Banking
7080,2490,9,2023-11-07,Debit Card
7081,3129,8,2023-11-14,Net Banking
7082,477,4,2024-07-21,Cash
7083,1076,9,2024-12-12,Cash
7084,3944,15,2023-02-14,Cash
7085,1166,8,2025-12-15,UPI
7086,479,1,2023-04-18,Credit Card
7087,3063,10,2023-07-15,Cash
7088,2820,14,2024-11-24,UPI
7089,3118,5,2023-07-20,UPI
7090,3161,14,2024-02-26,Debit Card
7091,2576,9,2023-08-08,Cash
7092,2543,13,2024-03-07,Cash
7093,4642,12,2023-12-09,Cash
7094,2744,8,2024-01-02,UPI
7095,3154,1,2023-01-15,Credit Card
7096,1380,6,2023-08-12,Debit Card
7097,4398,11,2025-12-02,Cash
7098,127,6,2024-05-08,Credit Card
7099,2871,2,2023-08-29,Cash
7100,2013,11,2023-05-31,UPI
7101,3098,2,2025-04-23,Net Banking
7102,1885,1,2025-11-19,Cash
7103,3666,6,2023-10-08,UPI
7104,103,9,2025-10-17,Credit Card
7105,2119,8,2025-11-01,Cash
7106,4193,5,2025-12-15,Credit Card
7107,1295,8,2024-01-20,UPI
7108,280,2,2023-09-01,Net Banking
7109,2555,12,2024-07-27,UPI
7110,4887,11,2024-10-08,Credit Card
7111,337,6,2025-12-05,Debit Card
7112,370,12,2024-12-28,Cash
7113,3055,2,2023-12-13,Cash
7114,1294,8,2025-04-20,Debit Card
7115,2141,12,2024-04-19,Net Banking
7116,4188,2,2023-07-15,UPI
7117,1045,5,2023-02-19,Cash
7118,3675,13,2024-09-03,UPI
7119,2596,12,2023-03-20,Cash
7120,4559,7,2025-04-26,UPI
7121,4864,7,2023-11-14,Debit Card
7122,2514,4,2023-07-28,Cash
7123,3000,8,2023-11-17,Credit Card
7124,3810,14,2025-12-13,UPI
7125,1657,7,2025-03-16,UPI
7126,1180,10,2024-06-15,UPI
7127,4839,5,2023-03-29,Debit Card
7128,2247,14,2024-07-16,Debit Card
7129,5,4,2023-07-16,UPI
7130,4225,14,2025-10-04,Debit Card
7131,3078,2,2023-07-10,UPI
7132,878,2,2024-09-04,UPI
7133,158,4,2025-04-27,Credit Card
7134,1511,8,2024-01-04,Credit Card
7135,4663,11,2024-03-17,UPI
7136,4695,6,2023-11-17,Credit Card
7137,1610,9,2023-07-02,Cash
7138,4217,2,2024-04-16,Credit Card
7139,2302,13,2024-07-24,Debit Card
7140,3352,7,2023-08-15,UPI
7141,1739,14,2023-07-21,Credit Card
7142,2648,1,2023-11-15,Cash
7143,1521,2,2024-09-24,Debit Card
7144,322,14,2023-11-20,Debit Card
7145,729,11,2025-11-08,Debit Card
7146,1507,9,2023-05-28,UPI
7147,4885,13,2025-12-27,UPI
7148,4839,8,2024-01-26,Net Banking
7149,4179,9,2024-02-12,Credit Card
7150,1211,14,2025-12-07,Debit Card
7151,2301,7,2024-10-28,Debit Card
7152,2289,12,2023-11-01,UPI
7153,2032,10,2025-07-30,Credit Card
7154,235,15,2024-12-03,Credit Card
7155,2747,12,2025-11-12,Cash
7156,384,11,2024-09-27,Net Banking
7157,4070,9,2023-04-12,UPI
7158,3543,4,2024-03-23,UPI
7159,1845,3,2023-10-14,Credit Card
7160,3310,4,2023-06-23,UPI
7161,1212,5,2024-04-01,Credit Card
7162,1371,12,2024-01-04,UPI
7163,1633,10,2025-11-15,UPI
7164,4050,14,2025-08-11,UPI
7165,1096,4,2023-05-28,UPI
7166,2894,4,2025-09-01,UPI
7167,1055,12,2024-02-27,Cash
7168,1474,7,2024-03-30,UPI
7169,1222,4,2023-02-08,Debit Card
7170,3299,4,2025-09-04,Debit Card
7171,2706,9,2024-10-22,UPI
7172,3685,9,2025-03-20,Cash
7173,1145,14,2024-06-30,Debit Card
7174,42,15,2024-01-15,UPI
7175,3493,5,2024-01-28,UPI
7176,589,9,2023-08-21,Credit Card
7177,1274,11,2024-02-07,Net Banking
7178,1585,2,2024-07-01,UPI
7179,3818,12,2025-04-23,Credit Card
7180,3200,12,2025-01-23,Credit Card
7181,961,12,2024-04-18,UPI
7182,3064,13,2023-04-28,Debit Card
7183,3626,5,2023-04-20,Debit Card
7184,2040,11,2025-03-07,UPI
7185,1273,7,2024-01-02,Credit Card
7186,3487,8,2023-03-01,Cash
7187,3131,12,2023-03-19,Debit Card
7188,409,5,2023-06-03,Credit Card
7189,3418,12,2025-02-14,Debit Card
7190,2523,9,2023-06-29,Debit Card
7191,3847,12,2023-03-28,Cash
7192,994,11,2025-03-05,UPI
7193,1339,3,2023-12-19,Credit Card
7194,2798,13,2025-11-15,Debit Card
7195,2500,12,2023-04-17,Debit Card
7196,2026,8,2024-03-02,Net Banking
7197,3812,11,2025-10-07,Credit Card
7198,2907,9,2024-11-27,Cash
7199,3632,7,2023-10-04,Cash
7200,800,5,2025-09-02,UPI
7201,3720,9,2024-10-16,UPI
7202,2402,11,2023-01-02,Net Banking
7203,176,14,2023-07-27,UPI
7204,1217,13,2025-03-06,Credit Card
7205,138,8,2024-11-29,Debit Card
7206,2382,12,2025-03-19,UPI
7207,1686,8,2024-11-26,Debit Card
7208,4935,6,2023-02-14,UPI
7209,4386,2,2023-11-29,Credit Card
7210,4165,4,2025-02-06,Credit Card
7211,2579,15,2023-08-12,Cash
7212,4093,12,2025-10-09,Cash
7213,1380,1,2023-03-10,Debit Card
7214,2882,12,2025-10-01,UPI
7215,2057,10,2023-11-12,Credit Card
7216,894,5,2024-02-17,Credit Card
7217,383,13,2023-12-04,UPI
7218,2872,14,2024-04-18,Net Banking
7219,507,10,2024-01-31,UPI
7220,3668,1,2023-06-02,Cash
7221,4628,6,2023-04-12,Credit Card
7222,842,10,2024-06-29,Net Banking
7223,2445,8,2023-06-30,Credit Card
7224,3773,13,2025-06-30,Debit Card
7225,1487,14,2024-11-28,Debit Card
7226,4625,10,2024-02-17,Debit Card
7227,4486,1,2023-08-28,UPI
7228,534,6,2024-11-27,Debit Card
7229,147,12,2024-08-29,Cash
7230,4886,4,2023-01-04,Cash
7231,4799,15,2023-06-21,Cash
7232,2204,13,2023-12-24,Credit Card
7233,262,15,2023-05-06,Credit Card
7234,3167,9,2025-12-05,Cash
7235,1519,12,2023-08-30,UPI
7236,4705,8,2024-10-30,Debit Card
7237,4039,12,2023-09-04,Credit Card
7238,3324,4,2023-11-08,UPI
7239,1474,11,2023-11-09,Debit Card
7240,3598,12,2025-05-02,UPI
7241,1500,11,2024-05-02,Debit Card
7242,197,2,2023-08-15,Credit Card
7243,2612,13,2025-11-07,Debit Card
7244,2523,13,2025-12-27,Credit Card
7245,3903,6,2025-12-12,Debit Card
7246,4373,14,2025-12-01,Net Banking
7247,1859,3,2025-10-04,Credit Card
7248,2349,1,2023-07-22,Credit Card
7249,2443,14,2025-08-22,UPI
7250,1677,14,2024-09-22,Net Banking
7251,3805,11,2023-01-02,Credit Card
7252,2684,7,2023-11-18,UPI
7253,4589,4,2024-08-07,Credit Card
7254,3328,14,2023-01-29,UPI
7255,1101,15,2023-10-18,Credit Card
7256,857,9,2025-01-19,UPI
7257,1950,15,2023-08-17,UPI
7258,1815,13,2025-01-08,UPI
7259,2124,10,2025-01-22,Debit Card
7260,956,10,2025-05-02,Cash
7261,4895,11,2024-03-03,UPI
7262,766,14,2024-03-08,Debit Card
7263,3342,11,2024-06-22,UPI
7264,61,11,2025-03-01,UPI
7265,2123,3,2024-05-02,UPI
7266,1602,15,2025-01-24,UPI
7267,2004,13,2024-09-01,UPI
7268,2566,12,2024-08-16,Net Banking
7269,3082,13,2024-07-03,Cash
7270,2996,10,2025-07-02,UPI
7271,3221,15,2025-04-26,Cash
7272,4267,10,2025-01-10,Cash
7273,4476,15,2023-03-01,UPI
7274,3764,10,2024-07-12,UPI
7275,411,12,2025-01-23,Debit Card
7276,4817,12,2025-04-11,UPI
7277,4752,1,2024-12-30,Net Banking
7278,3639,12,2025-05-31,UPI
7279,2654,2,2024-11-11,Cash
7280,1296,4,2023-08-21,Debit Card
7281,3863,12,2024-12-25,Credit Card
7282,4425,12,2025-09-13,UPI
7283,3410,11,2024-07-25,UPI
7284,3211,7,2025-06-25,Cash
7285,1006,14,2024-08-16,UPI
7286,1875,8,2025-03-28,UPI
7287,3688,14,2025-12-25,UPI
7288,85,4,2023-09-27,UPI
7289,3283,3,2023-11-04,UPI
7290,3919,10,2023-03-17,Debit Card
7291,1740,9,2025-09-28,UPI
7292,398,15,2025-01-16,UPI
7293,4133,15,2024-11-16,UPI
7294,745,8,2023-10-21,UPI
7295,1942,13,2024-09-07,Credit Card
7296,3620,6,2025-05-02,UPI
7297,4125,9,2024-07-06,UPI
7298,4355,8,2025-05-28,Debit Card
7299,2724,7,2024-05-08,UPI
7300,2471,13,2025-03-16,Cash
7301,4283,6,2024-01-18,Cash
7302,2897,10,2023-02-25,UPI
7303,2971,3,2025-01-10,Credit Card
7304,2253,12,2024-11-10,Credit Card
7305,1953,11,2023-12-10,Net Banking
7306,2490,13,2025-03-09,UPI
7307,1912,6,2023-09-16,Debit Card
7308,1791,4,2024-06-16,Credit Card
7309,4969,5,2024-03-24,Debit Card
7310,1751,7,2024-11-05,UPI
7311,1328,13,2024-10-17,Debit Card
7312,1855,14,2025-12-22,UPI
7313,3031,7,2024-02-01,UPI
7314,4578,12,2025-04-25,UPI
7315,4007,9,2024-07-29,Credit Card
7316,4249,9,2023-01-14,Debit Card
7317,4337,6,2023-03-27,Credit Card
7318,4624,6,2023-02-12,UPI
7319,1220,13,2024-12-27,Credit Card
7320,2388,2,2024-01-18,UPI
7321,2020,8,2025-01-18,Net Banking
7322,2004,3,2023-10-16,UPI
7323,3339,1,2025-04-14,Credit Card
7324,2102,4,2023-09-03,UPI
7325,3149,5,2024-10-27,Credit Card
7326,2006,3,2023-08-13,Net Banking
7327,1611,14,2024-09-04,UPI
7328,1847,7,2025-03-22,Debit Card
7329,4078,11,2025-08-02,Debit Card
7330,3085,5,2025-02-03,UPI
7331,4870,11,2024-03-19,Debit Card
7332,4202,10,2023-10-14,Debit Card
7333,2517,5,2023-10-04,UPI
7334,1258,6,2025-02-25,Credit Card
7335,3469,11,2023-01-14,Credit Card
7336,3708,11,2023-06-05,Cash
7337,2413,6,2025-04-21,UPI
7338,1195,9,2025-04-23,Net Banking
7339,2871,3,2023-06-20,Debit Card
7340,1313,8,2024-09-13,Credit Card
7341,4718,11,2024-11-04,Debit Card
7342,3210,7,2023-08-07,Debit Card
7343,1514,9,2023-03-10,Credit Card
7344,1123,5,2023-04-04,UPI
7345,3663,7,2024-04-08,Net Banking
7346,3624,8,2025-10-28,Cash
7347,3063,9,2023-04-28,Net Banking
7348,3141,8,2025-02-27,UPI
7349,3098,12,2023-04-25,Cash
7350,1884,12,2024-05-26,Cash
7351,4711,2,2024-10-17,Credit Card
7352,2487,11,2023-05-26,Cash
7353,103,6,2023-02-02,UPI
7354,1824,4,2025-02-01,UPI
7355,680,13,2024-09-14,UPI
7356,1903,13,2025-09-23,UPI
7357,3120,14,2025-09-29,Debit Card
7358,115,4,2025-11-14,Net Banking
7359,4395,9,2023-05-06,UPI
7360,3129,7,2024-11-06,Debit Card
7361,1527,6,2025-05-11,Credit Card
7362,1611,2,2024-11-29,UPI
7363,2425,15,2024-11-01,Cash
7364,1284,1,2023-10-04,Net Banking
7365,17,10,2024-12-19,UPI
7366,143,14,2024-06-01,Debit Card
7367,1875,4,2023-09-11,UPI
7368,645,15,2025-07-26,Credit Card
7369,113,9,2024-12-25,UPI
7370,4337,4,2025-09-21,UPI
7371,1421,2,2023-10-04,Debit Card
7372,2588,13,2025-02-20,Cash
7373,932,8,2023-01-07,Cash
7374,244,6,2023-08-25,Debit Card
7375,3806,1,2025-04-29,UPI
7376,649,4,2025-12-10,UPI
7377,138,10,2024-08-18,Credit Card
7378,3013,5,2025-03-23,Credit Card
7379,63,1,2023-11-23,Debit Card
7380,2265,2,2023-07-25,UPI
7381,1498,9,2024-03-22,UPI
7382,1660,1,2025-05-31,UPI
7383,14,15,2023-06-09,Cash
7384,4838,11,2024-11-24,UPI
7385,2652,15,2025-08-26,Net Banking
7386,2941,8,2025-04-30,UPI
7387,3413,12,2023-05-13,Credit Card
7388,4052,11,2024-03-27,UPI
7389,3118,9,2025-11-30,Credit Card
7390,3899,2,2023-10-04,Cash
7391,2347,12,2023-04-22,Net Banking
7392,1943,2,2025-06-24,Debit Card
7393,4152,7,2024-01-02,Debit Card
7394,4372,10,2023-12-31,Cash
7395,724,14,2025-08-17,UPI
7396,2798,13,2025-09-30,Debit Card
7397,3508,9,2025-06-04,Credit Card
7398,430,10,2024-06-14,UPI
7399,4673,9,2025-06-03,UPI
7400,2672,3,2025-06-24,UPI
7401,3303,7,2023-08-06,Debit Card
7402,925,6,2023-09-03,Credit Card
7403,1370,8,2024-07-31,UPI
7404,625,14,2025-05-25,Credit Card
7405,1367,8,2024-08-12,Credit Card
7406,2538,8,2024-01-19,UPI
7407,4207,8,2023-05-31,Cash
7408,2743,11,2025-05-24,UPI
7409,1269,10,2023-12-20,Credit Card
7410,234,6,2023-12-09,Credit Card
7411,3182,9,2025-09-22,Credit Card
7412,2186,5,2024-11-28,UPI
7413,4921,4,2024-01-04,Credit Card
7414,3966,7,2024-09-06,UPI
7415,4099,3,2023-11-11,Credit Card
7416,56,8,2023-02-07,UPI
7417,3959,15,2024-07-19,UPI
7418,1013,15,2025-03-24,UPI
7419,3005,8,2025-02-05,Credit Card
7420,2340,11,2024-06-24,Debit Card
7421,2937,5,2024-01-19,Cash
7422,695,10,2023-07-31,UPI
7423,2382,8,2024-01-02,Credit Card
7424,194,3,2024-05-31,Debit Card
7425,215,3,2024-08-25,Net Banking
7426,3367,4,2025-05-09,Credit Card
7427,4771,13,2024-12-14,UPI
7428,3958,13,2025-11-02,Credit Card
7429,2438,9,2023-12-13,UPI
7430,292,5,2023-03-28,UPI
7431,235,6,2025-07-07,UPI
7432,822,4,2023-06-27,Credit Card
7433,4880,14,2025-10-18,UPI
7434,2090,13,2025-08-24,Cash
7435,4258,9,2024-01-05,Debit Card
7436,3609,4,2024-04-25,Credit Card
7437,3106,3,2023-02-09,Debit Card
7438,4753,2,2024-11-01,UPI
7439,1199,3,2024-02-05,UPI
7440,2368,1,2024-07-23,Cash
7441,4367,12,2025-04-11,Cash
7442,2836,11,2023-03-27,Debit Card
7443,1274,8,2025-12-11,UPI
7444,1089,1,2025-12-29,UPI
7445,3845,6,2025-07-17,Credit Card
7446,58,15,2023-01-20,UPI
7447,4590,11,2023-04-30,Debit Card
7448,92,15,2025-03-04,UPI
7449,3223,2,2025-10-05,UPI
7450,3101,14,2023-07-08,UPI
7451,2971,11,2025-02-20,Debit Card
7452,2463,11,2024-04-21,Net Banking
7453,4307,3,2025-08-11,Credit Card
7454,3376,9,2023-10-12,Cash
7455,3974,12,2025-11-12,Cash
7456,591,13,2025-12-18,Cash
7457,260,9,2024-08-09,UPI
7458,151,6,2025-01-19,UPI
7459,771,7,2023-09-01,Debit Card
7460,3420,5,2024-06-09,UPI
7461,2544,7,2025-11-01,Debit Card
7462,3844,6,2024-06-24,UPI
7463,1002,5,2023-07-05,Credit Card
7464,1922,3,2023-09-26,Debit Card
7465,4486,14,2025-09-19,UPI
7466,4702,2,2025-08-01,Cash
7467,4629,5,2024-10-19,Debit Card
7468,4128,14,2023-03-14,Credit Card
7469,3530,8,2024-07-24,Credit Card
7470,4587,14,2025-12-12,Cash
7471,3649,5,2024-08-11,Debit Card
7472,4782,3,2024-10-20,Debit Card
7473,129,10,2025-08-23,Cash
7474,4628,15,2023-11-07,UPI
7475,2860,3,2024-11-04,UPI
7476,575,15,2024-03-15,UPI
7477,1118,5,2024-05-01,Credit Card
7478,4306,14,2025-05-07,Net Banking
7479,2603,9,2025-10-28,Net Banking
7480,4912,15,2025-07-17,Credit Card
7481,602,14,2025-12-09,UPI
7482,2157,15,2024-09-25,Cash
7483,1723,8,2025-12-09,Net Banking
7484,2649,7,2024-02-18,UPI
7485,3239,5,2025-03-11,Cash
7486,3389,9,2024-06-03,Credit Card
7487,3,12,2024-02-05,UPI
7488,459,2,2025-05-09,Net Banking
7489,183,6,2024-01-04,UPI
7490,4366,7,2023-04-06,UPI
7491,1629,7,2024-08-25,Net Banking
7492,1922,12,2023-05-17,UPI
7493,2352,11,2025-01-04,Credit Card
7494,4289,13,2023-12-16,Net Banking
7495,67,4,2023-10-22,Net Banking
7496,611,2,2025-07-02,UPI
7497,3515,1,2025-11-02,Credit Card
7498,4833,1,2024-06-19,UPI
7499,3287,3,2024-01-23,UPI
7500,1350,7,2024-02-10,Net Banking
7501,2670,11,2025-02-05,Credit Card
7502,4875,5,2023-11-21,UPI
7503,2712,7,2023-11-01,Debit Card
7504,1957,12,2024-04-18,UPI
7505,2012,13,2025-02-12,Net Banking
7506,4841,9,2025-07-03,Debit Card
7507,3673,8,2025-04-21,UPI
7508,3527,1,2023-08-18,Credit Card
7509,1208,14,2024-01-11,Cash
7510,2881,4,2025-02-27,Cash
7511,1869,5,2024-12-26,Net Banking
7512,1248,7,2025-02-20,Credit Card
7513,4515,11,2023-01-20,Cash
7514,2011,8,2023-05-06,Credit Card
7515,1466,8,2023-03-22,Debit Card
7516,4685,4,2023-01-20,Credit Card
7517,1034,14,2023-09-07,Debit Card
7518,3808,11,2023-05-21,Credit Card
7519,3343,7,2025-08-19,UPI
7520,4624,12,2025-09-08,UPI
7521,4199,11,2024-06-21,Net Banking
7522,3611,2,2023-04-16,Credit Card
7523,1636,9,2024-11-17,Net Banking
7524,2550,6,2024-08-04,Debit Card
7525,4737,4,2025-04-01,UPI
7526,119,6,2025-07-02,UPI
7527,4038,15,2025-05-12,Debit Card
7528,1302,7,2023-01-16,UPI
7529,966,10,2023-10-09,UPI
7530,1209,8,2025-03-13,UPI
7531,313,4,2024-02-02,Credit Card
7532,4961,9,2025-10-29,UPI
7533,4393,6,2023-05-07,UPI
7534,2680,1,2024-04-18,Debit Card
7535,3654,3,2024-11-28,Net Banking
7536,2863,14,2024-08-17,Net Banking
7537,4109,1,2023-09-28,Cash
7538,4268,6,2024-04-28,UPI
7539,1211,6,2023-08-01,UPI
7540,2396,7,2024-12-10,UPI
7541,3250,1,2023-07-17,Debit Card
7542,4895,1,2025-07-18,Cash
7543,3504,5,2024-10-15,Credit Card
7544,4525,5,2023-09-24,UPI
7545,4274,1,2023-09-08,Cash
7546,2987,7,2025-07-01,Credit Card
7547,4507,14,2024-03-26,UPI
7548,1977,7,2024-12-21,Credit Card
7549,1985,6,2024-05-08,UPI
7550,3970,13,2023-04-30,UPI
7551,700,7,2023-06-25,Debit Card
7552,1586,12,2024-05-17,Debit Card
7553,3121,6,2023-10-16,UPI
7554,2186,10,2025-05-02,Credit Card
7555,4721,2,2023-06-15,Debit Card
7556,4808,5,2024-08-02,Cash
7557,2585,7,2024-01-19,Credit Card
7558,2775,2,2023-03-28,UPI
7559,3696,5,2024-07-12,UPI
7560,2385,3,2025-05-07,Cash
7561,991,14,2023-08-13,UPI
7562,3819,9,2024-03-15,Cash
7563,3770,10,2023-04-07,Credit Card
7564,1271,1,2024-06-02,Credit Card
7565,4204,7,2024-06-21,Credit Card
7566,3138,10,2023-05-23,UPI
7567,1225,4,2024-03-26,Debit Card
7568,3338,12,2025-02-18,UPI
7569,1212,5,2025-05-30,Credit Card
7570,1371,1,2024-01-29,UPI
7571,4281,5,2023-08-17,UPI
7572,4673,11,2024-03-28,UPI
7573,1331,8,2025-01-13,UPI
7574,4665,13,2025-11-14,UPI
7575,1240,14,2024-03-18,UPI
7576,600,15,2025-11-23,Cash
7577,305,6,2023-04-18,UPI
7578,1255,13,2025-04-03,Cash
7579,2021,13,2024-07-05,Cash
7580,4660,2,2024-02-28,Credit Card
7581,1255,2,2023-02-14,Credit Card
7582,1915,11,2025-03-19,Debit Card
7583,3744,9,2023-12-22,Debit Card
7584,1563,12,2024-08-22,Credit Card
7585,3510,15,2024-05-22,Credit Card
7586,2246,1,2025-10-26,Credit Card
7587,1026,12,2023-01-16,Cash
7588,3744,2,2025-04-25,Debit Card
7589,144,8,2025-03-06,UPI
7590,1516,15,2025-06-09,UPI
7591,1866,13,2024-04-09,Credit Card
7592,2387,6,2023-09-03,UPI
7593,3491,3,2024-12-04,Net Banking
7594,2395,15,2025-09-08,Credit Card
7595,3050,3,2023-07-05,Debit Card
7596,3057,14,2024-03-23,UPI
7597,1956,11,2025-12-23,Debit Card
7598,4695,9,2024-09-06,Credit Card
7599,4792,2,2024-12-29,Cash
7600,2986,15,2025-06-15,Net Banking
7601,378,10,2023-10-26,Debit Card
7602,2532,5,2024-07-03,UPI
7603,962,7,2024-09-04,Credit Card
7604,2504,6,2023-12-25,UPI
7605,982,14,2025-09-03,Credit Card
7606,3602,1,2025-06-13,Credit Card
7607,415,13,2023-11-16,Credit Card
7608,4777,12,2024-03-18,UPI
7609,1017,10,2024-02-23,Credit Card
7610,3382,3,2025-04-25,UPI
7611,4609,15,2023-01-06,UPI
7612,1282,14,2025-09-20,Cash
7613,4695,5,2024-12-18,Cash
7614,2038,12,2025-09-04,Credit Card
7615,4816,3,2025-04-28,Cash
7616,4855,3,2025-04-30,Credit Card
7617,981,5,2024-12-31,UPI
7618,4190,13,2024-07-05,UPI
7619,1009,13,2023-05-29,Credit Card
7620,1178,8,2024-01-21,Cash
7621,435,10,2023-06-10,UPI
7622,814,8,2024-07-05,UPI
7623,3231,14,2025-07-09,Credit Card
7624,2348,8,2024-12-16,UPI
7625,4019,6,2023-12-12,Credit Card
7626,1723,9,2024-03-04,UPI
7627,4845,14,2023-01-16,UPI
7628,260,5,2023-01-01,Net Banking
7629,329,14,2024-10-15,Debit Card
7630,3598,10,2024-09-06,UPI
7631,4480,7,2025-04-13,Credit Card
7632,4044,1,2025-09-09,UPI
7633,2525,15,2023-02-05,Debit Card
7634,1395,4,2025-08-17,Cash
7635,63,1,2024-07-04,Credit Card
7636,2619,10,2023-06-02,Credit Card
7637,2471,2,2023-12-29,UPI
7638,1798,6,2023-08-26,UPI
7639,2970,1,2024-09-13,Credit Card
7640,3719,9,2023-11-01,Credit Card
7641,3596,6,2025-01-29,UPI
7642,1362,8,2025-09-25,Credit Card
7643,3003,15,2023-06-20,Credit Card
7644,780,10,2025-04-17,UPI
7645,628,10,2023-04-23,Debit Card
7646,3993,8,2023-08-01,UPI
7647,3552,12,2024-12-12,Credit Card
7648,3926,2,2024-07-28,Credit Card
7649,799,2,2024-12-28,Cash
7650,4592,3,2025-11-18,Credit Card
7651,695,11,2023-07-13,UPI
7652,4394,8,2024-08-21,UPI
7653,1844,11,2025-10-11,UPI
7654,543,8,2023-04-15,Debit Card
7655,1487,5,2024-07-25,Cash
7656,944,14,2023-08-16,Debit Card
7657,2529,13,2024-09-19,Net Banking
7658,4760,2,2023-06-07,Credit Card
7659,1697,11,2023-09-16,Credit Card
7660,3137,14,2024-06-23,Cash
7661,4498,4,2023-07-12,UPI
7662,3216,4,2024-08-25,UPI
7663,1896,7,2023-10-25,Cash
7664,4953,4,2024-10-03,Credit Card
7665,976,10,2024-08-17,Debit Card
7666,2687,6,2025-11-23,Debit Card
7667,4050,11,2023-05-18,Debit Card
7668,2,2,2023-06-09,Credit Card
7669,3601,15,2025-11-22,Debit Card
7670,1377,15,2023-10-14,UPI
7671,885,2,2024-05-22,UPI
7672,1421,12,2023-08-09,Credit Card
7673,4841,11,2023-01-26,Debit Card
7674,4498,5,2025-02-08,UPI
7675,1113,1,2025-06-23,Cash
7676,599,2,2024-07-10,UPI
7677,1908,3,2023-11-04,Cash
7678,3039,9,2025-03-04,Debit Card
7679,4378,9,2024-02-08,UPI
7680,4839,7,2025-03-12,UPI
7681,3841,13,2024-08-20,Cash
7682,3075,5,2025-09-11,UPI
7683,748,2,2024-08-07,UPI
7684,391,2,2025-07-10,Cash
7685,3058,8,2023-04-30,UPI
7686,2775,3,2024-07-24,Credit Card
7687,4274,7,2023-10-26,UPI
7688,1667,13,2024-02-21,Credit Card
7689,203,6,2023-09-09,Debit Card
7690,2214,15,2023-07-02,Credit Card
7691,4846,13,2024-07-22,Cash
7692,4044,6,2024-12-31,Debit Card
7693,176,3,2024-12-19,Credit Card
7694,4413,6,2024-03-09,Debit Card
7695,2448,13,2023-06-19,UPI
7696,1912,4,2024-12-05,UPI
7697,1815,1,2025-04-27,Debit Card
7698,3055,12,2023-03-21,Debit Card
7699,2725,8,2025-11-11,UPI
7700,3362,9,2025-04-11,Cash
7701,2945,14,2023-02-19,Debit Card
7702,754,3,2025-07-12,UPI
7703,1332,11,2023-09-24,UPI
7704,4244,1,2023-04-14,Debit Card
7705,3399,1,2023-03-24,Debit Card
7706,2347,1,2025-04-17,Net Banking
7707,953,9,2025-08-07,UPI
7708,31,10,2024-07-19,Credit Card
7709,1614,13,2023-02-24,Net Banking
7710,287,5,2023-03-24,Cash
7711,2504,3,2025-03-29,Credit Card
7712,4147,10,2024-12-11,Credit Card
7713,1479,9,2025-12-09,Cash
7714,4280,10,2024-02-20,UPI
7715,3606,9,2025-01-29,Net Banking
7716,651,6,2024-01-30,Net Banking
7717,3296,5,2023-06-02,Net Banking
7718,794,1,2023-07-30,Net Banking
7719,3354,6,2025-02-05,UPI
7720,751,5,2023-08-02,UPI
7721,2056,9,2025-03-17,UPI
7722,2917,14,2025-06-19,UPI
7723,261,7,2024-12-15,UPI
7724,800,3,2025-02-03,Debit Card
7725,1662,5,2025-11-03,Cash
7726,2405,6,2025-06-25,UPI
7727,4337,11,2025-09-21,Credit Card
7728,976,2,2025-12-21,UPI
7729,1819,7,2025-01-01,Debit Card
7730,2471,9,2024-02-01,UPI
7731,1531,10,2024-09-02,UPI
7732,3200,9,2024-03-15,UPI
7733,1330,5,2024-09-12,UPI
7734,3939,8,2025-06-19,Cash
7735,2600,9,2025-10-08,Credit Card
7736,446,6,2025-04-14,Credit Card
7737,3203,12,2025-10-04,Credit Card
7738,2927,4,2025-06-25,Credit Card
7739,1764,4,2023-09-12,Debit Card
7740,51,3,2023-08-29,Cash
7741,1058,12,2024-12-02,Cash
7742,2119,9,2025-02-22,Credit Card
7743,1052,10,2025-02-01,Cash
7744,2965,11,2024-05-30,Cash
7745,3639,13,2025-12-18,Cash
7746,4329,15,2024-12-09,UPI
7747,3308,11,2025-05-17,Debit Card
7748,3536,6,2025-01-29,UPI
7749,3121,8,2025-07-31,Cash
7750,4924,14,2025-07-26,UPI
7751,1350,2,2024-09-29,Cash
7752,1376,15,2025-08-25,Debit Card
7753,659,4,2024-06-25,Debit Card
7754,2517,15,2025-09-04,Cash
7755,498,2,2024-12-11,Net Banking
7756,1398,11,2024-02-25,UPI
7757,2504,11,2023-10-04,UPI
7758,4804,3,2024-02-25,Debit Card
7759,4833,2,2023-05-30,UPI
7760,3805,9,2023-08-01,Credit Card
7761,2042,9,2023-12-15,UPI
7762,4371,6,2025-11-05,Credit Card
7763,4418,12,2024-07-06,UPI
7764,4576,7,2025-07-25,Debit Card
7765,3274,14,2025-01-14,Credit Card
7766,1063,5,2024-06-20,Net Banking
7767,471,10,2025-08-16,UPI
7768,4593,1,2023-01-23,Credit Card
7769,290,4,2024-04-18,UPI
7770,1532,13,2024-01-03,Debit Card
7771,2521,4,2025-05-11,UPI
7772,110,12,2023-04-07,Net Banking
7773,4563,14,2024-08-21,Cash
7774,1488,14,2025-09-19,Debit Card
7775,151,8,2023-12-08,UPI
7776,4969,5,2025-03-09,UPI
7777,1611,15,2025-01-31,UPI
7778,4422,3,2023-12-08,UPI
7779,2361,1,2025-08-23,UPI
7780,3398,15,2025-10-06,Credit Card
7781,1248,1,2023-03-12,Credit Card
7782,2586,5,2025-12-26,Cash
7783,1335,8,2023-07-18,Credit Card
7784,4766,9,2023-05-28,Net Banking
7785,320,10,2023-08-31,UPI
7786,1423,10,2023-09-09,UPI
7787,4507,2,2024-07-14,Credit Card
7788,2490,5,2024-09-29,Cash
7789,3079,14,2024-03-20,UPI
7790,3338,4,2025-01-08,UPI
7791,373,12,2024-05-25,UPI
7792,89,3,2025-07-04,Debit Card
7793,4713,11,2025-11-12,UPI
7794,1408,8,2024-09-04,Credit Card
7795,1992,2,2025-11-16,Cash
7796,3503,2,2023-02-25,UPI
7797,1225,5,2024-04-11,Net Banking
7798,3739,10,2025-08-06,Credit Card
7799,2388,10,2024-04-16,UPI
7800,4331,10,2025-05-20,UPI
7801,1447,1,2025-04-02,Credit Card
7802,1071,12,2024-04-11,Net Banking
7803,4196,7,2025-05-13,Credit Card
7804,1687,9,2025-10-01,Credit Card
7805,2151,14,2025-05-25,UPI
7806,4034,2,2023-10-15,UPI
7807,3253,15,2024-11-10,UPI
7808,2302,10,2025-01-14,UPI
7809,1293,1,2024-10-20,Credit Card
7810,3910,9,2025-08-28,UPI
7811,938,13,2023-03-10,Credit Card
7812,4666,13,2024-02-29,Credit Card
7813,789,2,2023-04-04,UPI
7814,4081,9,2024-06-21,Cash
7815,2216,14,2024-06-09,Net Banking
7816,972,13,2024-12-20,UPI
7817,2105,8,2025-06-13,UPI
7818,1155,7,2023-06-04,UPI
7819,709,11,2024-02-22,Debit Card
7820,1241,1,2023-09-13,Debit Card
7821,4379,4,2024-10-24,Debit Card
7822,545,15,2023-11-24,Credit Card
7823,4861,11,2023-04-12,Credit Card
7824,20,11,2025-07-30,Cash
7825,3368,7,2025-08-10,Net Banking
7826,4331,6,2023-04-17,Credit Card
7827,4695,1,2025-08-31,UPI
7828,754,7,2024-12-24,Credit Card
7829,3581,14,2023-10-19,Debit Card
7830,550,15,2025-08-11,Cash
7831,1845,2,2023-04-03,Debit Card
7832,3737,12,2024-03-24,Cash
7833,1813,13,2024-07-22,Net Banking
7834,1629,14,2024-03-30,Credit Card
7835,595,13,2024-12-30,Credit Card
7836,351,8,2023-07-01,UPI
7837,591,2,2025-06-26,Debit Card
7838,4418,4,2025-07-15,Credit Card
7839,51,6,2023-01-01,UPI
7840,3549,8,2023-09-18,Debit Card
7841,3927,12,2023-10-06,Cash
7842,2920,11,2024-01-19,UPI
7843,3731,3,2024-09-05,UPI
7844,3339,12,2025-11-30,Debit Card
7845,2371,6,2024-05-31,UPI
7846,2009,14,2025-03-04,Cash
7847,4725,6,2023-07-07,Debit Card
7848,4859,1,2024-02-06,UPI
7849,3334,6,2023-12-25,Debit Card
7850,1034,1,2024-05-17,Credit Card
7851,2344,9,2023-10-18,Credit Card
7852,2555,4,2025-03-06,UPI
7853,3870,5,2024-05-28,UPI
7854,3423,1,2025-05-13,Credit Card
7855,2643,13,2023-09-25,UPI
7856,3493,1,2024-05-13,Cash
7857,126,12,2023-08-08,Cash
7858,3956,9,2025-11-04,Debit Card
7859,1099,6,2024-05-01,Debit Card
7860,3361,13,2024-04-20,UPI
7861,585,10,2025-02-07,Debit Card
7862,586,14,2024-06-14,UPI
7863,187,13,2025-04-06,UPI
7864,4576,10,2025-05-22,UPI
7865,3100,6,2024-10-15,Cash
7866,1895,5,2024-01-08,Cash
7867,4006,6,2023-05-17,Credit Card
7868,3201,14,2023-04-04,Credit Card
7869,3173,8,2023-12-27,Net Banking
7870,2521,7,2023-09-05,Debit Card
7871,32,7,2024-04-11,Debit Card
7872,1340,9,2024-01-22,UPI
7873,559,9,2023-04-18,UPI
7874,3393,13,2025-02-21,UPI
7875,1285,9,2025-07-20,UPI
7876,2350,1,2024-11-27,Cash
7877,1851,12,2023-05-03,Cash
7878,752,11,2023-12-18,UPI
7879,4807,11,2024-01-19,UPI
7880,4695,6,2025-12-30,UPI
7881,437,15,2023-10-01,Net Banking
7882,4178,5,2025-04-21,UPI
7883,2523,8,2024-11-28,Cash
7884,3945,11,2024-01-10,Cash
7885,792,10,2023-06-04,Net Banking
7886,692,13,2023-07-11,Credit Card
7887,4495,8,2025-04-14,Net Banking
7888,4528,8,2023-02-05,Debit Card
7889,2427,5,2023-04-23,Cash
7890,4395,10,2023-09-17,Debit Card
7891,3421,11,2023-05-24,Credit Card
7892,966,10,2025-11-02,Cash
7893,1704,1,2023-05-29,Cash
7894,710,13,2024-10-16,Debit Card
7895,3946,4,2024-03-03,Credit Card
7896,4923,7,2025-05-24,UPI
7897,2815,2,2025-04-12,Cash
7898,3360,7,2024-10-14,Credit Card
7899,3813,5,2024-03-19,UPI
7900,1168,6,2023-03-25,UPI
7901,1749,6,2024-01-10,Credit Card
7902,2156,15,2025-05-06,Cash
7903,3052,5,2025-04-11,UPI
7904,4299,10,2025-10-22,Net Banking
7905,1314,7,2025-03-03,Credit Card
7906,2445,4,2024-01-03,Net Banking
7907,3841,13,2025-07-17,Debit Card
7908,450,1,2023-05-18,UPI
7909,2630,9,2025-07-11,Net Banking
7910,756,7,2023-08-07,Credit Card
7911,2776,9,2024-01-31,Debit Card
7912,3925,12,2024-02-03,Credit Card
7913,1229,11,2025-12-25,UPI
7914,4291,9,2023-05-14,Net Banking
7915,1740,7,2023-09-28,UPI
7916,994,15,2024-11-04,Cash
7917,2422,2,2023-07-06,Cash
7918,4421,11,2023-08-21,UPI
7919,364,2,2024-08-15,UPI
7920,1695,4,2025-05-17,Debit Card
7921,3344,9,2024-07-01,UPI
7922,1874,13,2023-10-04,Credit Card
7923,373,7,2023-10-10,Credit Card
7924,1723,9,2024-03-09,UPI
7925,4141,4,2023-08-10,Debit Card
7926,4842,9,2024-10-15,Credit Card
7927,205,7,2025-01-24,Credit Card
7928,2927,8,2025-01-23,UPI
7929,543,1,2024-05-30,Cash
7930,3493,9,2024-01-16,UPI
7931,32,12,2025-04-19,UPI
7932,69,8,2024-02-01,Net Banking
7933,3956,1,2024-02-23,UPI
7934,392,14,2025-08-02,UPI
7935,1584,13,2025-11-18,Cash
7936,4805,8,2023-11-14,Debit Card
7937,4923,15,2023-07-09,Debit Card
7938,837,15,2023-08-08,Credit Card
7939,2882,5,2025-04-24,UPI
7940,2879,3,2024-11-09,UPI
7941,2357,8,2024-03-24,Debit Card
7942,4645,11,2025-11-10,Credit Card
7943,3851,11,2025-09-06,Debit Card
7944,3912,3,2023-04-13,UPI
7945,1395,8,2023-11-13,Debit Card
7946,2254,5,2023-12-29,Credit Card
7947,2521,8,2023-03-07,Net Banking
7948,1548,3,2025-09-02,Cash
7949,491,10,2024-11-24,Debit Card
7950,659,6,2025-12-19,Credit Card
7951,939,12,2025-03-06,UPI
7952,1071,6,2025-12-08,Net Banking
7953,1257,4,2023-04-14,Debit Card
7954,1323,5,2024-12-29,Credit Card
7955,2373,12,2024-11-16,Cash
7956,2619,12,2024-10-24,Debit Card
7957,1599,7,2024-06-23,Credit Card
7958,4564,1,2024-02-18,Credit Card
7959,2843,8,2025-01-28,Net Banking
7960,4005,11,2025-05-16,Cash
7961,4642,15,2025-08-19,Credit Card
7962,848,3,2025-01-12,Debit Card
7963,2231,7,2025-03-12,UPI
7964,2249,15,2024-07-08,Net Banking
7965,1859,9,2023-08-17,Debit Card
7966,40,13,2024-11-08,Net Banking
7967,4118,2,2024-12-28,UPI
7968,572,13,2023-12-25,UPI
7969,4979,10,2024-10-24,Cash
7970,3943,10,2025-03-07,UPI
7971,2978,7,2025-08-01,UPI
7972,804,1,2024-09-05,Cash
7973,2645,5,2025-10-31,Credit Card
7974,1350,11,2024-02-08,UPI
7975,1306,7,2025-07-09,Credit Card
7976,4186,14,2024-02-04,Debit Card
7977,1994,5,2024-09-28,UPI
7978,2354,5,2024-06-22,Net Banking
7979,4255,6,2025-09-05,Credit Card
7980,453,10,2024-11-17,Debit Card
7981,3052,10,2024-09-04,Debit Card
7982,2970,11,2023-10-20,Debit Card
7983,2220,14,2023-06-28,Credit Card
7984,4187,14,2023-08-05,UPI
7985,4732,11,2025-10-27,Debit Card
7986,2422,6,2024-12-29,Net Banking
7987,2376,10,2024-03-02,Credit Card
7988,2584,13,2023-06-18,Net Banking
7989,3688,2,2025-12-13,Credit Card
7990,3425,12,2023-01-31,UPI
7991,1162,12,2024-06-19,UPI
7992,336,10,2024-09-07,Cash
7993,4758,11,2024-11-30,Debit Card
7994,1350,10,2025-03-14,Credit Card
7995,3271,13,2025-03-22,Cash
7996,4183,12,2025-07-14,Debit Card
7997,1554,9,2024-05-02,Cash
7998,3253,3,2024-10-06,Net Banking
7999,552,1,2024-01-17,Debit Card
8000,4848,11,2025-09-06,Net Banking
8001,304,1,2025-02-08,Credit Card
8002,2279,9,2024-08-02,Cash
8003,2761,6,2023-08-14,Cash
8004,4016,7,2024-10-27,UPI
8005,627,2,2025-01-29,Cash
8006,2298,11,2023-08-23,Credit Card
8007,1551,14,2023-09-18,Credit Card
8008,1615,12,2024-12-30,Cash
8009,3960,1,2025-08-23,UPI
8010,22,2,2025-03-21,UPI
8011,3830,13,2023-01-24,UPI
8012,4102,3,2024-08-02,Debit Card
8013,4545,3,2023-06-11,Net Banking
8014,3203,8,2024-06-06,Credit Card
8015,1732,4,2025-11-27,Cash
8016,2231,1,2025-02-16,UPI
8017,4847,2,2023-01-07,Cash
8018,4441,9,2023-02-16,Debit Card
8019,2411,2,2024-02-08,Credit Card
8020,4732,12,2023-06-15,Cash
8021,4151,9,2023-07-07,UPI
8022,4545,5,2024-05-20,Cash
8023,3506,4,2025-06-28,UPI
8024,4337,4,2025-06-01,Cash
8025,4498,3,2025-06-16,UPI
8026,477,2,2024-08-04,UPI
8027,4839,8,2023-04-20,UPI
8028,1734,6,2025-04-10,UPI
8029,2290,9,2025-02-09,Debit Card
8030,4024,2,2023-05-12,Credit Card
8031,3410,12,2024-09-22,UPI
8032,4506,1,2023-01-10,Cash
8033,2097,8,2023-12-28,UPI
8034,1956,8,2023-10-03,UPI
8035,164,5,2024-01-26,Debit Card
8036,2408,2,2025-12-09,Credit Card
8037,3693,10,2024-09-26,UPI
8038,1559,5,2025-10-01,Credit Card
8039,2408,8,2023-01-06,UPI
8040,1142,14,2024-02-05,Debit Card
8041,3941,14,2024-05-06,Cash
8042,317,4,2023-04-29,UPI
8043,3611,14,2023-09-28,Cash
8044,1983,2,2025-09-19,UPI
8045,220,3,2024-01-28,UPI
8046,4314,3,2024-12-25,Debit Card
8047,2522,9,2023-10-18,UPI
8048,3078,13,2025-01-12,UPI
8049,3737,12,2023-04-01,Credit Card
8050,3354,3,2025-10-08,UPI
8051,3731,1,2025-09-10,Credit Card
8052,3900,7,2023-01-06,Debit Card
8053,3023,1,2023-08-02,UPI
8054,1916,6,2024-05-02,Cash
8055,1262,10,2025-03-15,UPI
8056,4550,4,2024-09-17,UPI
8057,4848,7,2023-12-30,Cash
8058,1874,7,2025-05-20,Debit Card
8059,578,15,2025-01-09,Credit Card
8060,1161,7,2025-09-23,UPI
8061,3443,14,2025-02-24,Debit Card
8062,903,6,2024-11-25,Credit Card
8063,3968,7,2025-01-31,UPI
8064,4639,8,2023-04-06,Cash
8065,4832,3,2023-01-01,Cash
8066,43,5,2025-03-18,Net Banking
8067,4805,14,2025-10-20,Net Banking
8068,3783,10,2025-09-17,UPI
8069,434,11,2025-11-16,UPI
8070,2166,9,2023-05-20,UPI
8071,3589,8,2023-12-11,UPI
8072,4800,6,2024-03-14,Cash
8073,855,13,2025-04-09,Net Banking
8074,668,9,2023-10-14,Net Banking
8075,2453,14,2025-04-28,Debit Card
8076,4842,10,2024-03-27,Credit Card
8077,4855,13,2024-10-16,Debit Card
8078,1190,5,2025-05-24,Cash
8079,1660,2,2023-12-16,UPI
8080,4565,15,2024-08-13,Credit Card
8081,3750,9,2025-03-15,Credit Card
8082,4860,14,2025-05-06,Net Banking
8083,4507,5,2024-08-23,UPI
8084,1118,8,2023-07-30,Debit Card
8085,3884,8,2024-04-05,Net Banking
8086,254,4,2024-04-22,Debit Card
8087,4127,4,2025-12-14,UPI
8088,3087,14,2024-04-19,Debit Card
8089,4794,1,2023-04-02,UPI
8090,4814,5,2023-10-12,Debit Card
8091,264,15,2025-12-01,Credit Card
8092,835,9,2025-06-02,Net Banking
8093,2510,12,2025-01-27,UPI
8094,4434,5,2024-06-05,UPI
8095,4118,5,2025-03-13,Debit Card
8096,4838,14,2023-09-18,UPI
8097,3160,6,2024-01-05,Debit Card
8098,1329,6,2025-05-12,Net Banking
8099,133,8,2024-01-30,Credit Card
8100,1163,14,2023-03-27,UPI
8101,3476,1,2025-09-24,Credit Card
8102,4653,15,2024-11-06,UPI
8103,1663,5,2023-06-05,Cash
8104,4419,9,2024-10-20,Credit Card
8105,2066,15,2025-09-15,Cash
8106,1596,3,2024-09-02,Cash
8107,2617,15,2024-07-18,Cash
8108,2305,11,2025-12-04,UPI
8109,4588,7,2024-07-03,Cash
8110,2434,7,2025-05-07,Cash
8111,1439,12,2024-02-28,Debit Card
8112,4252,12,2023-07-27,Cash
8113,4998,10,2023-03-05,UPI
8114,3316,3,2025-04-09,Cash
8115,1295,15,2025-09-24,UPI
8116,1240,7,2025-02-06,UPI
8117,302,3,2024-09-07,Debit Card
8118,405,15,2025-12-25,UPI
8119,4596,6,2024-01-11,UPI
8120,498,8,2023-04-29,UPI
8121,2510,8,2025-09-04,Credit Card
8122,3580,6,2023-02-05,UPI
8123,4298,2,2024-11-19,Cash
8124,893,1,2024-12-07,Debit Card
8125,2275,3,2024-05-01,Credit Card
8126,1301,14,2025-03-03,UPI
8127,1324,3,2023-10-11,UPI
8128,1575,7,2023-08-05,UPI
8129,3013,4,2023-09-05,UPI
8130,82,2,2024-02-16,Debit Card
8131,2135,2,2025-08-07,Credit Card
8132,975,12,2023-08-17,Credit Card
8133,4841,7,2024-04-27,UPI
8134,2989,8,2025-11-21,Credit Card
8135,4384,11,2025-09-17,Credit Card
8136,1019,5,2024-11-28,UPI
8137,4100,2,2023-07-21,Credit Card
8138,2163,3,2025-06-01,UPI
8139,923,1,2024-06-25,Net Banking
8140,3891,15,2024-09-23,Debit Card
8141,3897,10,2024-08-02,UPI
8142,4980,4,2023-04-29,UPI
8143,3970,7,2023-04-21,Net Banking
8144,762,10,2024-06-22,UPI
8145,1667,12,2024-12-16,UPI
8146,2357,9,2024-07-16,Credit Card
8147,660,3,2025-03-04,UPI
8148,4007,4,2023-06-18,Net Banking
8149,2706,12,2024-10-30,Credit Card
8150,4737,6,2023-06-20,Net Banking
8151,3023,1,2025-08-28,UPI
8152,2685,5,2024-09-27,UPI
8153,378,10,2025-04-09,UPI
8154,783,15,2025-04-18,Debit Card
8155,4291,14,2023-07-03,Debit Card
8156,4952,5,2024-10-04,Credit Card
8157,2166,10,2025-07-19,UPI
8158,4101,9,2024-12-18,UPI
8159,3204,9,2024-08-06,UPI
8160,4812,13,2025-05-23,Cash
8161,1237,1,2025-07-12,Cash
8162,2808,3,2023-02-12,UPI
8163,2135,13,2023-01-06,UPI
8164,2790,4,2023-12-24,UPI
8165,1393,12,2025-08-12,UPI
8166,2564,1,2024-12-04,Net Banking
8167,3195,9,2024-05-27,Cash
8168,416,2,2025-02-03,UPI
8169,3802,15,2025-11-06,UPI
8170,3617,5,2024-05-14,Debit Card
8171,4438,14,2023-09-30,UPI
8172,2224,13,2025-07-31,UPI
8173,322,3,2024-02-08,Credit Card
8174,2401,15,2023-08-20,UPI
8175,721,4,2024-07-10,Credit Card
8176,3311,15,2024-05-22,UPI
8177,248,4,2024-03-30,UPI
8178,1960,11,2024-11-04,UPI
8179,426,2,2023-07-22,UPI
8180,11,11,2025-08-04,UPI
8181,4816,2,2023-03-19,Credit Card
8182,4983,8,2023-08-02,Credit Card
8183,2858,2,2024-06-27,Debit Card
8184,1240,15,2023-07-13,UPI
8185,4578,14,2025-07-26,Net Banking
8186,4639,10,2023-10-24,UPI
8187,4320,7,2023-11-13,Cash
8188,2803,1,2025-10-17,UPI
8189,393,1,2025-09-05,Credit Card
8190,456,10,2025-01-18,UPI
8191,4520,3,2024-08-12,UPI
8192,4420,3,2024-11-07,Credit Card
8193,2256,11,2023-01-24,UPI
8194,1698,9,2023-09-07,Credit Card
8195,3294,14,2024-01-15,UPI
8196,4093,15,2023-06-18,Net Banking
8197,3737,2,2023-05-25,UPI
8198,3145,4,2025-07-19,Debit Card
8199,1206,3,2024-08-06,Credit Card
8200,1360,7,2025-04-11,UPI
8201,3693,15,2025-05-03,UPI
8202,4071,6,2024-10-18,Net Banking
8203,595,9,2025-01-21,Cash
8204,976,13,2024-04-09,UPI
8205,3493,8,2025-09-10,UPI
8206,2041,2,2023-05-16,UPI
8207,2898,3,2023-06-23,Credit Card
8208,3145,1,2025-06-19,Debit Card
8209,3954,8,2025-10-20,UPI
8210,4088,13,2023-12-22,UPI
8211,1456,2,2025-10-15,UPI
8212,2787,4,2023-07-19,Credit Card
8213,641,2,2023-10-13,UPI
8214,4247,2,2025-06-03,UPI
8215,4271,15,2024-12-15,Cash
8216,1551,3,2023-11-28,Credit Card
8217,835,14,2023-07-11,Cash
8218,370,10,2025-09-11,UPI
8219,2952,13,2025-08-10,Cash
8220,473,5,2023-12-11,Net Banking
8221,3494,8,2023-04-15,Credit Card
8222,3486,10,2023-09-26,UPI
8223,3139,2,2024-02-20,UPI
8224,4422,14,2025-12-16,UPI
8225,1982,13,2023-10-20,UPI
8226,4549,5,2023-07-12,Net Banking
8227,194,11,2024-03-18,Cash
8228,581,12,2025-08-24,UPI
8229,2155,13,2025-10-14,Cash
8230,3048,4,2024-01-04,Debit Card
8231,166,12,2024-10-13,UPI
8232,2920,13,2023-07-23,UPI
8233,1590,14,2024-12-09,UPI
8234,4478,14,2024-06-01,UPI
8235,2739,3,2023-07-26,UPI
8236,3017,10,2024-07-27,UPI
8237,4742,6,2024-03-25,UPI
8238,3910,9,2025-08-08,UPI
8239,2279,8,2024-04-22,UPI
8240,2478,2,2023-04-01,UPI
8241,3314,1,2025-06-15,Debit Card
8242,1054,8,2025-10-26,Credit Card
8243,457,5,2025-12-25,Debit Card
8244,1611,2,2024-08-17,Net Banking
8245,3959,10,2025-06-15,UPI
8246,1333,1,2023-07-30,Net Banking
8247,683,11,2025-11-16,UPI
8248,1140,8,2023-03-23,UPI
8249,3487,8,2025-07-08,Debit Card
8250,3139,6,2024-03-21,UPI
8251,3531,5,2023-02-25,UPI
8252,1666,5,2025-04-26,Debit Card
8253,4544,6,2023-05-10,UPI
8254,2357,5,2025-03-19,Net Banking
8255,2637,2,2025-02-28,Net Banking
8256,4757,7,2024-12-12,UPI
8257,4897,4,2025-12-12,Debit Card
8258,3389,7,2023-03-09,Net Banking
8259,4739,1,2024-09-16,Net Banking
8260,2789,6,2024-03-23,Credit Card
8261,1590,2,2024-12-19,UPI
8262,1637,3,2024-03-07,UPI
8263,2878,3,2023-07-23,Cash
8264,3101,10,2024-04-22,UPI
8265,2288,1,2025-12-13,Credit Card
8266,4454,14,2023-02-05,UPI
8267,2229,5,2023-09-11,UPI
8268,1417,13,2024-06-09,UPI
8269,32,8,2025-09-20,UPI
8270,4851,12,2024-06-07,UPI
8271,4158,14,2023-02-03,Cash
8272,3145,8,2024-08-08,Credit Card
8273,4189,10,2024-10-30,Credit Card
8274,4102,12,2023-02-04,Debit Card
8275,4686,11,2024-02-14,Credit Card
8276,2025,7,2024-08-22,UPI
8277,2852,7,2023-01-15,Cash
8278,511,8,2023-11-13,Credit Card
8279,4839,13,2025-05-27,Debit Card
8280,4923,8,2023-08-20,Cash
8281,4007,15,2025-11-17,UPI
8282,2363,14,2025-03-21,Credit Card
8283,2555,5,2023-06-21,Debit Card
8284,2260,7,2024-05-01,Credit Card
8285,1519,12,2024-09-03,Cash
8286,2711,2,2023-07-01,Net Banking
8287,281,4,2024-12-06,UPI
8288,4959,6,2024-03-12,UPI
8289,2216,11,2025-05-08,UPI
8290,4657,14,2024-02-03,Credit Card
8291,3693,10,2025-02-17,Credit Card
8292,1504,14,2025-10-10,UPI
8293,1157,3,2025-04-14,Credit Card
8294,4979,2,2025-02-10,Credit Card
8295,3939,12,2025-10-12,Credit Card
8296,1290,1,2024-07-02,UPI
8297,356,4,2025-02-14,Credit Card
8298,3573,2,2024-08-22,UPI
8299,1569,14,2023-01-31,Debit Card
8300,1154,3,2024-11-04,Debit Card
8301,3750,12,2023-06-16,UPI
8302,3489,10,2024-04-18,UPI
8303,2496,11,2025-05-01,Cash
8304,4730,15,2025-02-14,Debit Card
8305,3490,11,2025-09-05,Net Banking
8306,4507,11,2023-10-31,Credit Card
8307,993,6,2025-04-07,UPI
8308,1536,10,2025-06-23,UPI
8309,539,3,2024-07-26,UPI
8310,1581,3,2024-11-01,UPI
8311,4857,4,2024-10-01,UPI
8312,4827,3,2023-07-03,Cash
8313,3887,15,2025-03-31,UPI
8314,2680,6,2025-07-02,Credit Card
8315,3970,9,2024-04-28,UPI
8316,2843,8,2024-08-15,UPI
8317,12,2,2025-09-19,UPI
8318,2582,3,2025-07-17,Cash
8319,3075,15,2024-10-09,UPI
8320,1373,15,2023-06-03,Cash
8321,1069,8,2023-03-25,UPI
8322,1420,3,2025-02-01,UPI
8323,3188,5,2024-02-24,UPI
8324,766,12,2023-11-06,UPI
8325,3682,11,2024-02-29,UPI
8326,2209,12,2025-01-12,UPI
8327,1850,12,2023-11-16,UPI
8328,4094,9,2023-03-05,UPI
8329,2603,2,2025-01-13,UPI
8330,1982,9,2023-04-08,Credit Card
8331,4426,10,2024-12-05,UPI
8332,1931,5,2024-02-28,UPI
8333,4337,15,2023-05-23,UPI
8334,2596,9,2023-05-03,Net Banking
8335,1084,4,2025-09-08,Credit Card
8336,3138,8,2023-03-01,Cash
8337,1479,8,2025-05-29,UPI
8338,770,3,2023-08-31,UPI
8339,448,5,2025-10-20,Cash
8340,1252,10,2024-04-10,Credit Card
8341,3760,1,2025-12-07,UPI
8342,4226,13,2024-11-08,UPI
8343,4351,6,2025-12-27,UPI
8344,1398,9,2023-11-19,Cash
8345,3383,12,2025-08-31,UPI
8346,1199,14,2024-07-20,Credit Card
8347,3186,1,2023-01-20,UPI
8348,4478,2,2024-05-24,UPI
8349,214,14,2024-07-10,Debit Card
8350,4923,7,2025-04-25,Cash
8351,4175,6,2025-09-10,UPI
8352,3894,10,2023-02-20,UPI
8353,3544,11,2023-05-23,UPI
8354,3932,3,2025-09-27,Credit Card
8355,4974,2,2023-12-12,UPI
8356,3931,7,2025-05-09,Credit Card
8357,1842,10,2025-10-26,Net Banking
8358,3139,10,2024-02-19,Credit Card
8359,1756,5,2023-11-15,Cash
8360,4850,6,2023-05-15,Cash
8361,4542,15,2025-01-31,Credit Card
8362,2920,9,2023-06-13,Debit Card
8363,3971,13,2025-03-05,UPI
8364,4572,7,2025-03-27,UPI
8365,1264,4,2023-12-03,UPI
8366,2974,11,2023-08-13,UPI
8367,2500,9,2023-03-25,Debit Card
8368,3938,3,2025-02-04,Cash
8369,1984,15,2024-03-22,Net Banking
8370,3629,4,2024-08-21,Credit Card
8371,2108,10,2025-10-10,UPI
8372,570,3,2025-08-02,UPI
8373,549,10,2023-09-16,Net Banking
8374,614,11,2023-11-13,Cash
8375,167,15,2025-06-16,Credit Card
8376,2738,12,2023-06-22,UPI
8377,3453,3,2024-06-02,Credit Card
8378,661,12,2024-03-20,Cash
8379,3137,15,2024-03-10,Credit Card
8380,3063,1,2025-04-15,Net Banking
8381,769,5,2025-03-13,UPI
8382,2112,4,2023-05-27,Net Banking
8383,3856,11,2023-09-14,Credit Card
8384,82,9,2025-01-09,Credit Card
8385,769,15,2023-03-11,UPI
8386,4979,4,2024-10-10,UPI
8387,3743,3,2024-09-13,Debit Card
8388,2413,6,2024-05-13,UPI
8389,3214,12,2023-11-22,UPI
8390,4274,12,2024-06-14,Credit Card
8391,4249,10,2023-04-10,UPI
8392,1678,11,2023-08-23,UPI
8393,2533,5,2025-10-24,UPI
8394,3265,4,2025-07-29,Debit Card
8395,380,1,2025-01-24,UPI
8396,4742,11,2024-06-09,Credit Card
8397,2248,13,2024-10-08,UPI
8398,1942,3,2025-06-11,UPI
8399,4563,14,2024-11-30,UPI
8400,608,13,2023-11-24,UPI
8401,203,13,2023-01-24,UPI
8402,3514,4,2024-04-16,Credit Card
8403,2018,10,2023-09-21,Cash
8404,3911,11,2024-12-06,Cash
8405,363,8,2025-12-10,Net Banking
8406,2013,9,2025-05-11,UPI
8407,1222,14,2023-06-01,Credit Card
8408,3780,8,2023-10-07,UPI
8409,1186,9,2025-03-10,UPI
8410,2387,10,2023-01-09,UPI
8411,4131,1,2024-04-16,UPI
8412,4598,11,2024-01-01,Net Banking
8413,3687,1,2025-05-18,Cash
8414,2232,14,2025-03-16,Credit Card
8415,2939,3,2023-12-21,UPI
8416,3538,13,2025-12-22,Credit Card
8417,4415,4,2025-08-10,UPI
8418,4486,2,2025-05-06,Net Banking
8419,4681,10,2024-10-16,UPI
8420,4103,7,2023-11-06,UPI
8421,769,9,2024-11-23,Credit Card
8422,3824,11,2023-01-02,Debit Card
8423,4118,6,2023-05-09,Net Banking
8424,4425,4,2024-05-15,Debit Card
8425,4646,6,2025-04-18,UPI
8426,2617,1,2024-08-07,Credit Card
8427,3354,6,2024-10-04,UPI
8428,44,4,2023-06-22,UPI
8429,2943,3,2025-02-25,Credit Card
8430,2457,6,2025-04-27,Cash
8431,4822,9,2025-04-18,Credit Card
8432,4548,8,2023-10-23,Cash
8433,4053,8,2025-08-07,Debit Card
8434,298,9,2025-12-20,Debit Card
8435,2103,6,2023-08-26,Credit Card
8436,3569,8,2024-05-06,UPI
8437,154,7,2024-09-10,Cash
8438,1224,12,2025-06-11,Debit Card
8439,4480,1,2024-05-11,UPI
8440,679,6,2024-08-13,UPI
8441,270,12,2025-03-21,Debit Card
8442,2979,14,2024-10-20,Credit Card
8443,4745,14,2025-06-09,UPI
8444,4209,11,2024-07-12,UPI
8445,4874,4,2024-02-08,Credit Card
8446,3849,3,2023-09-25,Debit Card
8447,2272,3,2024-07-15,UPI
8448,4746,13,2024-06-12,Debit Card
8449,2228,12,2023-09-19,UPI
8450,1836,10,2024-12-19,Debit Card
8451,2347,15,2023-10-17,Cash
8452,4118,13,2025-04-24,Credit Card
8453,4613,13,2023-11-02,Debit Card
8454,1874,12,2024-02-26,UPI
8455,2404,13,2025-11-04,Net Banking
8456,4531,13,2023-12-21,Credit Card
8457,248,8,2024-05-08,Credit Card
8458,3984,15,2024-03-05,UPI
8459,2364,1,2024-07-08,UPI
8460,1974,15,2024-02-14,UPI
8461,2338,7,2024-04-19,Credit Card
8462,2182,11,2025-08-26,UPI
8463,3864,10,2024-12-16,Credit Card
8464,4663,4,2023-10-29,Credit Card
8465,2534,15,2024-03-28,Credit Card
8466,4203,1,2024-03-17,Credit Card
8467,3737,14,2023-02-04,UPI
8468,1714,14,2023-01-02,UPI
8469,3014,2,2023-01-08,Cash
8470,3419,15,2023-11-09,UPI
8471,123,7,2023-11-24,UPI
8472,2070,10,2023-02-19,Net Banking
8473,4967,1,2024-08-27,UPI
8474,3261,6,2023-05-30,UPI
8475,1739,4,2024-09-04,UPI
8476,1293,3,2025-08-21,UPI
8477,1091,7,2025-10-12,Debit Card
8478,2102,9,2025-12-27,UPI
8479,1008,5,2024-10-10,Debit Card
8480,706,6,2023-09-21,UPI
8481,1907,7,2024-10-11,Debit Card
8482,3113,10,2025-06-10,Net Banking
8483,768,13,2023-02-04,Credit Card
8484,232,12,2023-07-16,UPI
8485,181,6,2025-02-19,UPI
8486,1384,6,2025-08-17,Credit Card
8487,991,3,2023-06-30,UPI
8488,2776,11,2023-06-28,Cash
8489,2373,3,2025-06-25,UPI
8490,1678,14,2023-06-22,Debit Card
8491,4207,15,2023-10-19,UPI
8492,2598,15,2024-09-26,UPI
8493,473,5,2024-07-29,Cash
8494,1531,7,2024-07-30,Credit Card
8495,4867,12,2024-05-15,UPI
8496,4889,13,2025-08-01,UPI
8497,1318,6,2023-07-05,Cash
8498,869,2,2024-09-15,Credit Card
8499,2550,3,2025-04-09,Cash
8500,2497,12,2024-01-03,UPI
8501,2141,5,2023-05-09,Net Banking
8502,2719,15,2023-03-12,Credit Card
8503,1209,13,2023-06-11,UPI
8504,590,7,2023-09-04,Credit Card
8505,2933,13,2025-03-16,Debit Card
8506,4690,13,2023-10-17,Cash
8507,723,6,2023-08-14,UPI
8508,3607,13,2025-10-19,Credit Card
8509,2277,10,2023-02-15,Credit Card
8510,1521,3,2024-10-31,UPI
8511,4311,7,2025-05-10,Credit Card
8512,2380,5,2025-12-30,UPI
8513,2994,10,2024-02-27,UPI
8514,2310,14,2023-10-06,Credit Card
8515,416,15,2024-12-05,UPI
8516,3054,4,2025-12-29,Credit Card
8517,2182,12,2025-11-08,UPI
8518,448,6,2025-11-25,Credit Card
8519,3057,2,2025-10-28,Net Banking
8520,45,7,2025-09-01,Debit Card
8521,1086,2,2025-01-22,Cash
8522,3971,7,2025-10-07,UPI
8523,198,8,2023-07-12,Debit Card
8524,3307,2,2024-07-14,Credit Card
8525,4760,8,2023-07-02,Credit Card
8526,892,12,2024-08-17,Credit Card
8527,2173,13,2023-10-27,UPI
8528,2957,7,2025-06-12,Net Banking
8529,2352,15,2023-08-23,Debit Card
8530,3173,3,2024-11-02,Debit Card
8531,2112,13,2023-07-12,Credit Card
8532,777,7,2024-07-03,Debit Card
8533,460,1,2023-09-19,Credit Card
8534,3806,2,2024-12-18,UPI
8535,1240,5,2024-07-18,UPI
8536,4280,11,2023-01-07,Credit Card
8537,3802,13,2025-02-10,Credit Card
8538,257,9,2024-02-04,UPI
8539,1059,1,2024-10-30,Credit Card
8540,1514,5,2024-11-06,Debit Card
8541,3051,6,2024-06-20,Cash
8542,4099,14,2024-09-21,UPI
8543,316,14,2023-06-14,Debit Card
8544,1290,3,2023-09-15,Cash
8545,1973,5,2023-02-20,UPI
8546,956,2,2024-11-17,Debit Card
8547,2810,11,2024-03-30,Cash
8548,2485,8,2025-04-02,Debit Card
8549,1648,12,2024-07-17,UPI
8550,2651,3,2023-09-17,UPI
8551,1865,5,2024-10-14,UPI
8552,1788,13,2023-08-02,Cash
8553,1372,12,2024-01-12,Net Banking
8554,2784,1,2024-01-28,Credit Card
8555,2316,5,2023-09-22,Cash
8556,1025,1,2024-02-28,UPI
8557,59,9,2024-04-03,UPI
8558,791,2,2023-01-23,Credit Card
8559,225,6,2025-11-15,Net Banking
8560,2245,9,2023-06-18,Credit Card
8561,1172,3,2023-04-27,Net Banking
8562,2186,6,2024-05-11,Credit Card
8563,1708,1,2024-01-20,Credit Card
8564,2765,14,2023-03-04,Net Banking
8565,3692,15,2023-01-12,UPI
8566,2487,7,2024-06-22,UPI
8567,323,2,2023-03-15,Credit Card
8568,89,5,2023-12-18,UPI
8569,1111,5,2023-11-17,Credit Card
8570,2218,12,2025-12-11,UPI
8571,235,1,2023-12-16,Credit Card
8572,1696,11,2024-02-25,Debit Card
8573,4477,15,2023-04-13,UPI
8574,461,7,2025-12-06,Net Banking
8575,4756,4,2025-04-01,Credit Card
8576,4332,4,2023-02-13,Cash
8577,4196,7,2025-02-04,UPI
8578,4361,10,2023-07-04,UPI
8579,414,13,2025-08-07,Cash
8580,792,1,2023-01-12,UPI
8581,700,14,2025-11-02,UPI
8582,570,6,2024-09-18,Debit Card
8583,1696,1,2025-10-11,Credit Card
8584,4188,13,2023-01-16,Debit Card
8585,1303,6,2024-03-27,Credit Card
8586,1268,10,2025-08-12,UPI
8587,3479,15,2023-09-30,Debit Card
8588,502,2,2023-11-06,UPI
8589,1886,10,2023-06-01,Credit Card
8590,1527,11,2024-05-10,Credit Card
8591,4280,1,2025-03-19,UPI
8592,2641,8,2025-08-26,UPI
8593,3307,7,2024-05-27,UPI
8594,674,2,2025-11-01,Cash
8595,4672,2,2023-05-02,Credit Card
8596,1667,5,2025-11-24,Debit Card
8597,3618,4,2024-01-20,UPI
8598,4785,12,2023-10-10,UPI
8599,2614,4,2023-03-12,Credit Card
8600,2608,9,2024-12-10,Cash
8601,600,11,2024-08-04,UPI
8602,2050,1,2024-01-22,Net Banking
8603,4307,14,2023-05-23,Cash
8604,705,13,2023-10-26,Cash
8605,4611,10,2025-08-27,UPI
8606,3421,9,2024-07-20,Credit Card
8607,2191,12,2023-02-02,Cash
8608,2816,3,2023-05-15,Debit Card
8609,791,8,2024-05-27,UPI
8610,1133,5,2025-01-19,Cash
8611,1485,10,2023-08-15,Debit Card
8612,2018,15,2025-07-20,Net Banking
8613,4598,3,2024-04-20,UPI
8614,1926,9,2024-10-26,Debit Card
8615,2691,9,2023-12-02,Credit Card
8616,842,8,2023-02-18,Debit Card
8617,3755,3,2024-09-11,UPI
8618,2881,3,2024-03-08,Credit Card
8619,2291,10,2024-10-30,Net Banking
8620,4751,15,2025-02-24,UPI
8621,4495,12,2025-09-02,Debit Card
8622,3377,15,2024-12-29,Cash
8623,4629,15,2023-02-10,Credit Card
8624,2907,11,2023-05-07,Debit Card
8625,4174,10,2025-09-15,Debit Card
8626,2137,3,2023-05-19,Credit Card
8627,448,14,2025-02-24,UPI
8628,4972,11,2024-02-02,Cash
8629,862,6,2023-10-03,Credit Card
8630,1301,12,2025-04-26,UPI
8631,848,2,2023-12-17,Cash
8632,1758,9,2023-02-17,UPI
8633,1501,2,2023-05-23,Credit Card
8634,3085,10,2023-02-13,UPI
8635,4986,8,2024-09-16,Credit Card
8636,278,10,2024-06-18,UPI
8637,3959,4,2024-06-01,Credit Card
8638,669,4,2024-11-04,Credit Card
8639,101,5,2023-09-14,Cash
8640,3271,14,2024-09-01,Credit Card
8641,4411,1,2024-01-26,Credit Card
8642,916,4,2024-07-29,Credit Card
8643,1780,6,2023-02-01,Debit Card
8644,880,12,2025-02-01,Cash
8645,4562,10,2025-09-16,UPI
8646,1399,2,2025-10-22,Net Banking
8647,2322,14,2024-09-28,UPI
8648,4513,11,2023-08-22,UPI
8649,2839,3,2024-04-11,UPI
8650,4691,11,2025-01-06,Credit Card
8651,4653,14,2025-12-08,UPI
8652,2402,4,2025-07-12,UPI
8653,2989,3,2023-10-20,UPI
8654,1198,9,2023-06-29,Net Banking
8655,4951,6,2025-04-26,Cash
8656,1446,11,2024-08-07,Cash
8657,3982,5,2025-09-01,Credit Card
8658,1624,5,2023-01-15,Net Banking
8659,1625,2,2023-10-14,UPI
8660,534,12,2023-11-23,UPI
8661,2881,14,2023-09-30,UPI
8662,1270,13,2025-09-20,Debit Card
8663,777,9,2023-09-10,UPI
8664,1180,2,2024-04-27,UPI
8665,1298,5,2023-08-11,UPI
8666,2596,7,2025-03-18,Cash
8667,2025,3,2023-05-29,Cash
8668,397,13,2024-11-05,Cash
8669,2756,8,2025-05-20,UPI
8670,4006,5,2024-05-03,UPI
8671,2950,10,2023-03-27,Debit Card
8672,4873,12,2024-08-13,UPI
8673,515,3,2024-10-06,Debit Card
8674,4141,3,2023-06-05,Cash
8675,2601,15,2025-03-29,UPI
8676,2681,3,2025-10-11,Credit Card
8677,2666,11,2025-08-25,UPI
8678,1680,12,2024-12-26,Net Banking
8679,1677,3,2025-10-01,UPI
8680,3230,4,2025-11-20,Credit Card
8681,235,10,2024-01-25,UPI
8682,3021,1,2025-09-12,Cash
8683,3695,12,2023-04-23,UPI
8684,1866,3,2025-11-05,Credit Card
8685,1133,10,2024-05-03,Debit Card
8686,1111,10,2025-09-26,Credit Card
8687,421,5,2025-01-07,UPI
8688,461,13,2025-07-07,Cash
8689,867,8,2024-01-22,UPI
8690,95,8,2023-11-07,Credit Card
8691,1376,9,2025-01-15,Cash
8692,1589,9,2025-08-01,Debit Card
8693,4976,13,2025-06-02,UPI
8694,4959,6,2025-03-28,Credit Card
8695,976,13,2024-12-20,UPI
8696,1109,10,2025-10-05,Credit Card
8697,2535,15,2025-09-19,Credit Card
8698,780,7,2025-10-18,Debit Card
8699,2595,12,2024-12-10,Cash
8700,2091,13,2024-09-24,Cash
8701,1678,11,2023-05-16,Cash
8702,4150,12,2023-02-05,Net Banking
8703,4181,14,2023-02-22,Debit Card
8704,4937,4,2023-01-13,Debit Card
8705,1165,3,2025-12-21,UPI
8706,4484,15,2024-06-23,Credit Card
8707,2765,11,2023-06-21,Credit Card
8708,3036,3,2024-01-06,Debit Card
8709,4518,2,2025-03-01,UPI
8710,4730,8,2024-08-30,Cash
8711,3709,7,2023-03-09,UPI
8712,1823,8,2025-11-01,Credit Card
8713,2525,13,2025-10-30,Net Banking
8714,3145,6,2023-08-02,UPI
8715,4183,13,2025-10-09,Debit Card
8716,3368,10,2023-09-23,UPI
8717,1915,15,2024-03-07,Credit Card
8718,2175,12,2024-11-13,Debit Card
8719,261,10,2024-05-19,Cash
8720,4642,5,2024-11-28,Cash
8721,455,1,2024-07-30,UPI
8722,2978,8,2023-08-03,Cash
8723,4400,2,2023-02-17,UPI
8724,2190,1,2023-09-28,UPI
8725,4062,9,2023-10-05,Net Banking
8726,4078,14,2023-09-27,UPI
8727,313,11,2025-09-27,UPI
8728,2154,11,2023-02-03,UPI
8729,3543,8,2023-01-11,Cash
8730,2205,11,2024-10-30,UPI
8731,2809,9,2023-07-10,Cash
8732,3051,5,2025-08-18,UPI
8733,792,3,2024-02-04,Debit Card
8734,2153,14,2024-08-04,Net Banking
8735,151,11,2025-04-05,UPI
8736,784,8,2023-09-18,Cash
8737,2630,4,2024-01-15,UPI
8738,2945,14,2023-05-23,Credit Card
8739,767,1,2025-02-25,UPI
8740,3858,9,2023-05-09,Credit Card
8741,1955,11,2024-03-13,Debit Card
8742,4625,4,2023-06-25,Cash
8743,2036,12,2023-09-17,Credit Card
8744,785,2,2025-08-03,Cash
8745,3870,10,2025-03-16,UPI
8746,2920,3,2025-08-08,UPI
8747,2029,6,2025-11-25,Credit Card
8748,1865,9,2024-03-14,UPI
8749,791,6,2024-01-19,Credit Card
8750,1776,12,2023-06-15,UPI
8751,154,12,2023-05-24,UPI
8752,2585,4,2025-09-19,Cash
8753,4520,1,2023-12-10,Debit Card
8754,4043,15,2025-02-03,UPI
8755,151,2,2023-07-18,UPI
8756,4441,7,2023-07-09,UPI
8757,2357,3,2025-09-23,Credit Card
8758,996,2,2024-06-15,UPI
8759,3845,12,2025-08-01,Cash
8760,1667,6,2025-04-04,Credit Card
8761,1311,14,2024-02-01,Cash
8762,836,4,2025-05-04,Net Banking
8763,2521,1,2023-02-27,UPI
8764,483,15,2023-01-11,Credit Card
8765,3992,9,2024-09-13,Debit Card
8766,2444,15,2025-03-07,Credit Card
8767,2338,15,2025-01-30,UPI
8768,5,9,2024-11-28,Cash
8769,4127,11,2023-07-17,Cash
8770,2539,5,2025-08-07,UPI
8771,2290,8,2023-06-09,UPI
8772,3891,6,2024-08-20,Credit Card
8773,328,7,2025-06-17,Cash
8774,1920,13,2025-02-23,Credit Card
8775,2958,6,2024-04-25,UPI
8776,2398,15,2024-11-16,UPI
8777,944,15,2023-12-08,Credit Card
8778,1549,7,2025-12-07,Debit Card
8779,1553,3,2025-09-24,Debit Card
8780,4961,14,2023-07-12,Debit Card
8781,1687,11,2023-04-08,UPI
8782,1077,3,2025-01-30,Debit Card
8783,4150,10,2024-11-28,Credit Card
8784,2193,14,2024-01-30,UPI
8785,2314,3,2025-11-05,Cash
8786,2824,10,2024-05-05,UPI
8787,3057,6,2023-03-26,UPI
8788,3029,1,2025-04-20,Debit Card
8789,180,14,2024-07-18,UPI
8790,4131,12,2023-07-01,UPI
8791,1013,13,2024-10-30,Credit Card
8792,1516,12,2025-04-18,UPI
8793,904,13,2024-02-03,UPI
8794,3921,9,2023-08-07,Debit Card
8795,2996,13,2023-12-09,Credit Card
8796,3856,9,2024-04-23,Cash
8797,3345,14,2025-03-31,UPI
8798,536,4,2024-09-02,Cash
8799,1560,2,2024-03-11,UPI
8800,2606,14,2025-01-12,Debit Card
8801,1582,7,2024-05-02,UPI
8802,1082,14,2025-04-21,Cash
8803,4393,13,2024-11-05,UPI
8804,3825,7,2023-01-22,Credit Card
8805,1806,15,2024-06-12,UPI
8806,3914,6,2023-06-07,Debit Card
8807,3204,8,2023-07-05,UPI
8808,12,3,2023-06-07,Debit Card
8809,1991,2,2024-04-20,Cash
8810,1505,10,2024-05-03,Cash
8811,1136,1,2024-12-02,UPI
8812,1301,12,2025-07-13,Credit Card
8813,4729,3,2024-02-28,Debit Card
8814,2517,8,2025-10-16,Cash
8815,4280,12,2023-10-25,Cash
8816,1114,8,2023-02-16,Cash
8817,912,15,2023-05-03,Cash
8818,4486,7,2023-07-19,Debit Card
8819,2550,12,2024-11-12,UPI
8820,4513,2,2025-07-23,Cash
8821,329,3,2025-10-20,Credit Card
8822,4605,13,2023-02-14,UPI
8823,2167,7,2025-04-11,Debit Card
8824,807,11,2024-02-19,Debit Card
8825,3507,8,2024-07-17,Credit Card
8826,4050,9,2023-01-16,Credit Card
8827,249,6,2025-12-07,Credit Card
8828,4934,10,2023-10-31,UPI
8829,3574,3,2023-02-05,UPI
8830,1664,9,2024-12-29,Cash
8831,792,5,2024-02-29,UPI
8832,2056,12,2023-11-20,Credit Card
8833,1149,4,2024-09-18,UPI
8834,2545,9,2023-10-03,UPI
8835,3974,10,2025-04-22,UPI
8836,3380,12,2025-12-09,UPI
8837,2262,2,2024-07-15,Cash
8838,613,10,2024-11-01,Cash
8839,4802,4,2023-07-21,UPI
8840,1399,13,2025-02-09,Cash
8841,1442,6,2024-09-06,UPI
8842,3303,11,2024-06-04,UPI
8843,3932,6,2024-08-23,Debit Card
8844,4920,12,2024-05-12,Credit Card
8845,4846,11,2023-11-17,Credit Card
8846,4588,10,2024-05-16,UPI
8847,2260,15,2024-07-16,Net Banking
8848,867,5,2025-09-04,Cash
8849,3000,10,2024-07-28,Net Banking
8850,86,7,2025-02-19,UPI
8851,1024,5,2023-08-06,Debit Card
8852,9,15,2025-09-07,Debit Card
8853,938,6,2024-05-24,Cash
8854,2466,14,2023-04-26,Cash
8855,2057,14,2024-05-04,Credit Card
8856,1938,1,2025-09-22,UPI
8857,4190,8,2024-02-01,Net Banking
8858,3476,14,2025-09-24,UPI
8859,4703,5,2025-02-13,UPI
8860,2328,5,2024-08-30,Cash
8861,1412,14,2024-01-19,UPI
8862,636,10,2025-09-28,UPI
8863,3455,6,2024-02-21,UPI
8864,4246,6,2023-06-28,UPI
8865,957,8,2023-04-02,Debit Card
8866,4428,4,2024-12-28,UPI
8867,2706,15,2023-12-12,UPI
8868,754,4,2023-07-07,UPI
8869,3288,15,2025-08-01,Debit Card
8870,2671,3,2024-07-23,Credit Card
8871,151,9,2024-06-01,Credit Card
8872,2090,8,2023-02-21,UPI
8873,3988,5,2024-06-05,Credit Card
8874,2858,11,2023-04-17,Credit Card
8875,1462,8,2023-01-13,Credit Card
8876,4669,6,2024-10-26,Credit Card
8877,1233,5,2023-07-27,UPI
8878,1309,13,2025-08-03,Net Banking
8879,1859,9,2025-12-07,UPI
8880,4510,9,2025-07-25,Debit Card
8881,2609,15,2023-07-04,UPI
8882,3503,11,2025-06-27,UPI
8883,4885,8,2024-12-25,Debit Card
8884,3982,12,2024-06-08,Credit Card
8885,902,13,2024-02-21,Debit Card
8886,4007,10,2025-05-06,UPI
8887,3827,3,2025-07-30,UPI
8888,1211,13,2023-05-20,UPI
8889,1680,15,2025-01-28,UPI
8890,3632,9,2025-05-08,UPI
8891,1239,6,2023-12-25,UPI
8892,1085,9,2024-03-31,Cash
8893,3601,1,2023-03-12,UPI
8894,4440,1,2025-02-07,Credit Card
8895,394,6,2023-12-27,Credit Card
8896,2331,12,2025-09-23,Debit Card
8897,3115,4,2023-04-10,Debit Card
8898,3480,5,2025-01-11,UPI
8899,4983,5,2024-05-23,UPI
8900,3504,3,2023-07-02,UPI
8901,3173,9,2024-03-30,UPI
8902,4950,15,2023-01-04,Credit Card
8903,317,1,2024-12-20,Debit Card
8904,392,6,2023-06-29,Net Banking
8905,2882,2,2025-01-27,UPI
8906,1879,2,2025-09-18,UPI
8907,500,9,2024-07-15,Credit Card
8908,1589,10,2023-02-06,UPI
8909,3471,2,2025-10-04,UPI
8910,4440,9,2024-10-03,Credit Card
8911,487,12,2025-06-21,Net Banking
8912,2782,12,2023-06-27,UPI
8913,1533,8,2025-05-25,UPI
8914,3421,7,2025-11-17,Credit Card
8915,2826,8,2024-10-07,Net Banking
8916,4653,13,2025-04-13,Debit Card
8917,197,12,2024-07-08,UPI
8918,2441,9,2024-04-13,UPI
8919,1004,15,2024-11-07,Credit Card
8920,2761,10,2024-08-14,Credit Card
8921,4315,9,2025-12-02,Debit Card
8922,4579,3,2025-08-20,Credit Card
8923,2087,15,2023-11-10,UPI
8924,4110,10,2024-08-27,UPI
8925,1457,1,2023-11-11,UPI
8926,24,15,2024-10-29,Debit Card
8927,4325,8,2025-08-02,Net Banking
8928,616,13,2024-06-18,Credit Card
8929,89,13,2023-10-29,UPI
8930,1853,10,2024-09-19,Debit Card
8931,1986,4,2024-11-16,Debit Card
8932,404,5,2024-09-24,Debit Card
8933,4118,14,2024-11-18,Debit Card
8934,2119,11,2024-11-28,Debit Card
8935,2526,6,2023-04-03,Debit Card
8936,1370,6,2024-03-20,Cash
8937,2625,7,2023-06-11,Cash
8938,3919,14,2025-11-12,UPI
8939,4562,10,2025-05-13,Debit Card
8940,4851,3,2023-04-30,Net Banking
8941,2229,2,2025-09-28,Debit Card
8942,4951,12,2024-01-17,UPI
8943,1523,9,2024-09-15,Debit Card
8944,26,14,2024-09-03,UPI
8945,3924,2,2023-11-26,UPI
8946,926,9,2023-10-10,UPI
8947,278,10,2023-01-09,Net Banking
8948,4641,15,2023-11-05,Debit Card
8949,4024,4,2024-09-05,Net Banking
8950,527,11,2024-07-16,Cash
8951,3956,1,2023-02-08,Net Banking
8952,4263,3,2023-11-21,Credit Card
8953,4559,10,2023-07-27,UPI
8954,2798,15,2025-03-25,Debit Card
8955,3601,14,2025-01-18,UPI
8956,3899,2,2023-10-16,Debit Card
8957,3533,4,2024-12-09,Net Banking
8958,3307,2,2023-12-27,Cash
8959,2819,12,2023-12-03,UPI
8960,2487,10,2024-12-02,UPI
8961,4983,6,2025-10-23,Cash
8962,1758,11,2025-03-16,UPI
8963,456,10,2025-06-11,Net Banking
8964,3914,1,2025-12-29,Credit Card
8965,1113,5,2023-12-12,Net Banking
8966,2736,9,2023-08-12,Cash
8967,496,15,2024-07-22,Debit Card
8968,3168,1,2024-12-08,UPI
8969,4736,4,2024-08-01,UPI
8970,3687,2,2023-08-04,Debit Card
8971,1117,11,2023-08-11,UPI
8972,4854,15,2024-08-06,Cash
8973,1590,2,2023-09-05,UPI
8974,2269,5,2025-01-18,Credit Card
8975,2566,2,2024-07-22,Credit Card
8976,4953,13,2025-12-19,Net Banking
8977,364,5,2025-02-14,Cash
8978,3572,1,2025-07-14,Debit Card
8979,1895,5,2024-01-25,Debit Card
8980,409,13,2024-05-26,Debit Card
8981,4701,14,2025-08-16,Debit Card
8982,3024,15,2024-02-09,Net Banking
8983,3849,15,2024-07-01,Debit Card
8984,1248,3,2024-09-21,Net Banking
8985,3893,14,2023-08-04,Credit Card
8986,4183,12,2024-10-08,Net Banking
8987,2241,2,2024-09-24,Debit Card
8988,2939,11,2024-10-17,Cash
8989,4858,4,2025-01-11,UPI
8990,4276,1,2023-02-06,Debit Card
8991,2323,3,2023-04-21,Net Banking
8992,3408,11,2025-05-23,UPI
8993,3987,1,2024-04-01,Net Banking
8994,127,8,2025-03-27,UPI
8995,3020,5,2023-07-04,Net Banking
8996,4922,1,2023-05-10,UPI
8997,4751,2,2025-09-24,Cash
8998,4201,9,2024-12-27,UPI
8999,546,7,2025-08-01,UPI
9000,4972,3,2024-06-02,Debit Card
9001,3128,15,2024-07-11,UPI
9002,1163,15,2023-08-02,Debit Card
9003,3470,1,2023-05-05,Debit Card
9004,4331,2,2024-01-03,Net Banking
9005,578,7,2023-09-07,Credit Card
9006,4605,8,2025-08-09,Debit Card
9007,4622,5,2023-04-13,UPI
9008,63,13,2024-07-30,UPI
9009,4543,12,2024-01-21,Credit Card
9010,4748,14,2023-06-15,Net Banking
9011,197,4,2025-02-13,UPI
9012,1522,10,2025-11-25,UPI
9013,1956,4,2023-12-24,UPI
9014,1827,5,2025-06-01,Debit Card
9015,3877,15,2023-04-06,Cash
9016,1877,7,2024-01-18,Cash
9017,4799,14,2023-12-18,UPI
9018,4975,13,2023-08-14,Debit Card
9019,1651,7,2025-12-21,UPI
9020,2616,4,2024-11-16,Net Banking
9021,2872,1,2024-10-10,UPI
9022,2973,5,2024-01-29,Debit Card
9023,1961,7,2024-01-21,Credit Card
9024,864,12,2025-03-05,UPI
9025,285,4,2025-11-25,Debit Card
9026,546,7,2025-12-20,UPI
9027,4545,8,2024-09-15,Credit Card
9028,1457,15,2023-04-20,UPI
9029,401,2,2025-08-12,Credit Card
9030,3188,2,2024-05-20,Credit Card
9031,395,5,2023-06-17,Cash
9032,370,3,2025-03-19,Net Banking
9033,3178,4,2023-03-22,Debit Card
9034,3035,15,2023-10-19,UPI
9035,219,1,2023-10-06,Credit Card
9036,2397,11,2024-04-15,UPI
9037,2262,4,2024-03-12,Debit Card
9038,2818,11,2024-06-01,UPI
9039,3770,4,2025-09-18,Cash
9040,1466,4,2023-09-14,UPI
9041,2248,3,2024-03-04,UPI
9042,4028,2,2025-10-29,UPI
9043,4633,4,2024-07-21,Debit Card
9044,4496,13,2025-01-23,UPI
9045,2483,8,2025-11-11,UPI
9046,2680,3,2025-11-18,UPI
9047,2718,6,2023-07-14,Net Banking
9048,4387,2,2023-02-22,UPI
9049,4234,1,2023-08-05,Debit Card
9050,1611,7,2025-08-04,Credit Card
9051,847,12,2023-02-24,Credit Card
9052,1983,14,2024-10-29,Credit Card
9053,1493,12,2023-07-29,Credit Card
9054,4765,6,2023-01-22,Debit Card
9055,1374,13,2025-12-26,Credit Card
9056,942,10,2023-02-05,UPI
9057,4537,4,2025-12-17,UPI
9058,448,7,2023-10-27,Credit Card
9059,1350,6,2023-04-14,Credit Card
9060,2284,2,2024-11-19,UPI
9061,3055,15,2025-11-08,Cash
9062,1696,4,2024-12-28,Net Banking
9063,2554,14,2024-03-23,UPI
9064,1045,9,2023-07-04,Debit Card
9065,2950,8,2024-01-13,UPI
9066,2130,6,2024-11-19,Credit Card
9067,4289,13,2023-10-28,Credit Card
9068,2168,1,2025-04-27,UPI
9069,2314,7,2025-11-19,UPI
9070,3038,1,2024-11-11,UPI
9071,638,14,2025-11-13,UPI
9072,816,8,2023-07-07,Credit Card
9073,4013,3,2023-04-04,Cash
9074,1417,9,2025-01-18,Debit Card
9075,3511,13,2024-01-17,Credit Card
9076,504,5,2023-03-03,Credit Card
9077,4148,6,2023-08-26,Credit Card
9078,4940,4,2024-01-21,UPI
9079,1957,6,2024-02-26,Net Banking
9080,2601,9,2023-04-22,UPI
9081,2307,7,2024-12-27,Cash
9082,4508,2,2025-04-21,Debit Card
9083,45,11,2025-01-19,Credit Card
9084,3345,6,2023-03-05,Credit Card
9085,3341,11,2024-12-04,UPI
9086,2007,11,2024-10-15,Debit Card
9087,1142,13,2023-05-17,Net Banking
9088,1245,13,2024-02-21,Cash
9089,4064,12,2024-06-28,Credit Card
9090,349,9,2024-09-07,Credit Card
9091,2901,8,2025-06-18,Credit Card
9092,1590,13,2023-03-19,UPI
9093,1371,11,2024-08-05,Cash
9094,2602,13,2023-08-27,Debit Card
9095,4528,14,2025-06-14,Credit Card
9096,3160,1,2024-05-27,Credit Card
9097,4007,5,2023-12-22,UPI
9098,3084,6,2024-02-15,Debit Card
9099,3578,9,2023-07-11,UPI
9100,2246,4,2024-07-30,UPI
9101,4651,13,2024-11-29,UPI
9102,2584,1,2024-06-11,Debit Card
9103,2836,14,2023-10-19,UPI
9104,2697,6,2025-01-11,UPI
9105,1644,9,2025-10-07,UPI
9106,1204,6,2025-08-13,Credit Card
9107,390,7,2023-05-14,Cash
9108,3669,10,2024-12-10,UPI
9109,1501,4,2024-11-23,Debit Card
9110,2042,13,2023-04-12,Cash
9111,4621,2,2025-06-24,Credit Card
9112,2916,13,2025-04-09,UPI
9113,503,3,2024-07-06,Cash
9114,4062,11,2023-09-12,Cash
9115,1326,1,2025-07-21,UPI
9116,2838,2,2023-05-28,UPI
9117,2620,7,2024-11-28,UPI
9118,1237,9,2024-04-08,UPI
9119,594,9,2025-03-30,Credit Card
9120,1099,15,2023-06-24,UPI
9121,504,9,2025-09-21,UPI
9122,1429,11,2025-06-08,Credit Card
9123,4990,15,2024-10-06,Debit Card
9124,2103,14,2023-03-01,Cash
9125,4362,1,2023-03-20,Cash
9126,2826,15,2024-04-26,UPI
9127,3418,7,2024-05-12,Net Banking
9128,812,14,2023-01-25,UPI
9129,1423,7,2024-12-09,UPI
9130,2624,14,2023-05-23,UPI
9131,4441,15,2024-06-20,Net Banking
9132,225,9,2023-02-05,Credit Card
9133,2605,9,2024-05-09,Credit Card
9134,266,1,2024-06-09,UPI
9135,2382,10,2024-01-01,UPI
9136,3210,5,2025-08-13,Debit Card
9137,3806,2,2024-08-21,Credit Card
9138,727,12,2024-01-26,Credit Card
9139,867,6,2025-01-26,Debit Card
9140,2441,2,2023-02-12,UPI
9141,4995,15,2024-03-22,Net Banking
9142,1865,6,2023-11-17,UPI
9143,2231,7,2023-06-13,UPI
9144,2247,14,2024-03-08,Debit Card
9145,416,6,2023-12-09,Credit Card
9146,3946,12,2025-05-08,UPI
9147,1310,11,2025-07-09,Debit Card
9148,3602,15,2023-11-24,Net Banking
9149,2468,13,2023-09-03,Credit Card
9150,3136,1,2025-04-16,UPI
9151,283,4,2024-11-06,UPI
9152,4492,3,2025-01-28,UPI
9153,1265,5,2025-03-14,UPI
9154,3441,7,2025-03-03,UPI
9155,4056,12,2023-09-03,Debit Card
9156,2781,3,2024-07-14,UPI
9157,1758,1,2024-12-27,Credit Card
9158,4895,11,2025-02-03,UPI
9159,1447,11,2024-10-24,Cash
9160,4757,9,2023-12-23,UPI
9161,811,6,2024-07-14,Credit Card
9162,2042,6,2024-09-02,UPI
9163,727,4,2024-12-17,Cash
9164,8,11,2023-08-15,Debit Card
9165,1350,1,2024-10-05,Cash
9166,449,12,2024-08-18,Credit Card
9167,4929,9,2023-07-15,Cash
9168,3894,10,2023-01-27,UPI
9169,12,7,2025-05-27,Debit Card
9170,1165,12,2023-02-16,UPI
9171,3441,10,2024-11-04,Credit Card
9172,2088,14,2024-04-11,Net Banking
9173,4196,7,2025-10-02,UPI
9174,2598,11,2024-08-03,UPI
9175,3347,7,2023-05-30,UPI
9176,3063,7,2025-06-20,Credit Card
9177,3267,8,2023-10-10,Credit Card
9178,1197,11,2023-12-18,UPI
9179,1956,8,2023-10-27,UPI
9180,262,3,2024-05-12,UPI
9181,3016,8,2025-12-03,Credit Card
9182,2395,4,2023-10-10,Credit Card
9183,3889,7,2023-02-18,Debit Card
9184,1078,5,2024-09-08,Credit Card
9185,2270,12,2023-03-27,UPI
9186,939,4,2025-12-06,Net Banking
9187,3139,13,2024-04-23,Debit Card
9188,4281,4,2023-02-26,UPI
9189,3916,6,2024-10-28,Net Banking
9190,4737,2,2024-03-28,Net Banking
9191,4857,13,2024-10-27,UPI
9192,3938,5,2024-12-12,Credit Card
9193,1487,15,2023-11-23,UPI
9194,1141,8,2025-01-14,Credit Card
9195,2341,2,2025-12-19,Cash
9196,4970,5,2024-01-31,Cash
9197,2158,7,2024-06-19,Credit Card
9198,1048,5,2024-01-09,UPI
9199,4737,10,2025-11-29,Credit Card
9200,2025,9,2023-07-13,UPI
9201,3542,9,2025-03-20,Cash
9202,4007,8,2023-01-17,Credit Card
9203,4257,14,2024-08-26,Net Banking
9204,4142,9,2024-02-23,Credit Card
9205,4218,2,2025-06-14,Debit Card
9206,3422,3,2024-01-19,UPI
9207,2111,4,2023-05-15,UPI
9208,3420,15,2025-07-26,Debit Card
9209,4220,5,2024-09-22,Debit Card
9210,1838,15,2025-04-13,Cash
9211,1535,10,2023-01-14,Net Banking
9212,1793,12,2024-02-04,Net Banking
9213,2834,2,2023-03-17,Net Banking
9214,278,13,2025-12-03,Cash
9215,3962,11,2023-10-06,UPI
9216,727,10,2024-12-02,Credit Card
9217,694,4,2025-04-05,UPI
9218,1036,14,2025-11-21,Debit Card
9219,2963,4,2024-03-05,Credit Card
9220,1479,5,2024-08-26,Debit Card
9221,1930,15,2023-08-11,Debit Card
9222,4685,6,2023-10-07,UPI
9223,4279,1,2024-06-19,Credit Card
9224,4306,13,2024-08-03,UPI
9225,2967,14,2023-12-30,UPI
9226,4375,6,2025-04-24,Credit Card
9227,3959,13,2023-04-10,Credit Card
9228,4777,15,2023-08-17,UPI
9229,337,9,2023-11-14,UPI
9230,151,3,2023-10-23,Debit Card
9231,913,2,2025-11-26,Debit Card
9232,4673,12,2024-10-09,UPI
9233,3106,8,2024-05-14,UPI
9234,2225,2,2023-06-27,Debit Card
9235,2630,8,2023-04-30,UPI
9236,4186,10,2024-06-01,UPI
9237,4673,4,2023-01-31,UPI
9238,3725,9,2023-01-14,UPI
9239,3885,4,2024-06-16,Debit Card
9240,1662,15,2023-05-04,UPI
9241,2429,1,2025-12-06,Debit Card
9242,4468,8,2024-05-30,Credit Card
9243,3995,1,2025-02-17,UPI
9244,3510,5,2025-05-19,Debit Card
9245,344,7,2025-11-20,Cash
9246,203,3,2024-01-16,Credit Card
9247,680,6,2023-07-11,UPI
9248,2983,13,2025-12-08,Credit Card
9249,2757,11,2023-02-02,Credit Card
9250,4730,1,2024-11-28,Net Banking
9251,3560,6,2023-08-24,Credit Card
9252,1521,14,2025-10-31,UPI
9253,837,5,2023-04-10,UPI
9254,4291,2,2024-08-15,Credit Card
9255,2396,4,2025-02-17,Cash
9256,3345,12,2023-11-22,UPI
9257,2909,12,2025-04-09,Credit Card
9258,551,11,2024-09-07,Credit Card
9259,298,12,2025-04-13,UPI
9260,1974,11,2025-04-12,UPI
9261,1893,11,2025-10-26,Cash
9262,3469,7,2025-07-30,Debit Card
9263,3231,6,2023-07-01,Net Banking
9264,4845,11,2023-10-06,UPI
9265,4337,10,2025-03-26,Credit Card
9266,2555,6,2025-09-19,UPI
9267,2575,9,2023-11-14,UPI
9268,3469,2,2023-05-12,Cash
9269,585,1,2025-09-26,UPI
9270,5000,2,2024-04-28,UPI
9271,2664,3,2025-08-10,Credit Card
9272,4574,9,2025-05-26,Debit Card
9273,4841,14,2025-07-14,Debit Card
9274,2985,12,2023-07-10,UPI
9275,530,10,2024-03-15,Net Banking
9276,2944,9,2023-06-04,UPI
9277,3063,12,2023-01-26,Net Banking
9278,4009,5,2024-08-27,Credit Card
9279,253,7,2024-01-04,UPI
9280,2428,3,2024-10-14,UPI
9281,4635,10,2025-11-13,Credit Card
9282,4957,2,2024-12-26,Net Banking
9283,1000,6,2025-08-17,Cash
9284,4397,6,2025-06-18,Net Banking
9285,767,5,2023-07-30,Credit Card
9286,4244,1,2024-04-04,Debit Card
9287,1439,10,2023-02-09,Credit Card
9288,4813,2,2025-03-24,UPI
9289,3566,7,2023-07-02,UPI
9290,2090,10,2025-07-29,UPI
9291,1457,15,2025-02-20,UPI
9292,1221,15,2023-06-17,Debit Card
9293,3496,2,2024-03-13,Debit Card
9294,4516,5,2023-09-06,Credit Card
9295,3854,15,2025-05-13,UPI
9296,4210,11,2023-03-21,UPI
9297,3972,10,2025-12-16,UPI
9298,4897,13,2023-09-12,Credit Card
9299,3869,4,2024-04-07,UPI
9300,1094,15,2024-07-25,Credit Card
9301,4022,10,2024-04-02,Cash
9302,1666,1,2024-03-11,Debit Card
9303,4979,5,2024-08-24,Debit Card
9304,1974,1,2023-02-05,UPI
9305,1517,3,2023-12-13,UPI
9306,1241,12,2025-06-07,UPI
9307,3370,9,2024-02-04,Debit Card
9308,560,7,2025-02-20,Credit Card
9309,4779,2,2024-10-06,UPI
9310,1522,5,2023-03-06,Net Banking
9311,1527,15,2025-10-28,Credit Card
9312,241,4,2023-03-07,UPI
9313,1273,13,2025-09-27,Net Banking
9314,2182,7,2023-04-14,UPI
9315,1939,14,2024-02-12,Credit Card
9316,1413,15,2025-10-03,Debit Card
9317,212,4,2023-04-05,Net Banking
9318,1555,14,2023-07-01,Cash
9319,3959,9,2024-11-03,UPI
9320,2281,3,2023-12-19,UPI
9321,1507,6,2023-05-24,UPI
9322,1581,5,2025-01-03,UPI
9323,2850,10,2023-01-04,Debit Card
9324,1564,8,2024-11-12,UPI
9325,3222,13,2025-05-25,Credit Card
9326,4949,14,2024-05-18,Debit Card
9327,216,11,2023-07-19,Debit Card
9328,880,14,2023-01-20,Cash
9329,932,1,2024-04-21,UPI
9330,2339,10,2024-07-06,Credit Card
9331,218,2,2024-03-07,Cash
9332,2482,7,2023-09-07,UPI
9333,4672,1,2023-08-23,UPI
9334,52,5,2025-05-30,UPI
9335,1912,8,2024-07-28,Net Banking
9336,3890,10,2023-03-25,UPI
9337,803,5,2025-10-23,Cash
9338,405,5,2023-02-11,UPI
9339,3221,9,2025-08-01,UPI
9340,45,11,2023-02-01,UPI
9341,4069,15,2023-05-22,UPI
9342,352,11,2023-12-03,Credit Card
9343,2691,5,2025-05-08,Cash
9344,3783,15,2023-02-05,UPI
9345,1255,1,2025-11-22,Debit Card
9346,531,3,2024-06-08,UPI
9347,914,14,2024-06-17,Cash
9348,4322,5,2024-06-22,Cash
9349,3611,8,2025-09-03,UPI
9350,1038,10,2025-09-11,Cash
9351,3659,2,2025-08-22,Debit Card
9352,3626,14,2025-08-19,Credit Card
9353,4994,4,2025-01-07,Cash
9354,2053,12,2025-01-13,Cash
9355,4368,4,2025-11-08,Credit Card
9356,2334,3,2025-08-07,Credit Card
9357,4526,15,2023-06-16,Debit Card
9358,473,6,2025-11-21,UPI
9359,913,10,2023-07-25,UPI
9360,4293,2,2023-08-29,Credit Card
9361,4137,3,2024-06-30,UPI
9362,1585,2,2023-06-28,UPI
9363,3063,10,2024-12-02,UPI
9364,2009,13,2025-04-08,UPI
9365,48,8,2025-03-25,UPI
9366,141,2,2024-04-19,Credit Card
9367,284,5,2024-08-28,Net Banking
9368,3049,4,2025-10-08,Credit Card
9369,1452,1,2024-02-26,Cash
9370,754,13,2024-09-12,Credit Card
9371,4724,7,2023-06-17,UPI
9372,627,6,2025-02-05,Cash
9373,3469,10,2024-07-12,UPI
9374,4507,12,2024-01-10,Credit Card
9375,852,1,2023-08-16,UPI
9376,1117,9,2025-06-22,Credit Card
9377,2946,12,2024-01-09,Cash
9378,2612,4,2024-09-08,UPI
9379,2680,1,2023-02-20,UPI
9380,2852,8,2023-10-07,Cash
9381,4761,1,2024-07-27,Credit Card
9382,282,2,2025-01-29,UPI
9383,3887,14,2024-02-08,Credit Card
9384,1211,5,2024-12-24,Credit Card
9385,1957,13,2023-08-23,Debit Card
9386,461,1,2025-10-23,Debit Card
9387,2330,1,2024-07-18,Credit Card
9388,4078,15,2023-09-03,UPI
9389,513,6,2023-07-29,UPI
9390,1429,14,2024-02-17,Credit Card
9391,1956,11,2024-06-06,Credit Card
9392,534,1,2024-08-23,Debit Card
9393,3900,5,2023-06-24,Cash
9394,4003,10,2024-12-03,Credit Card
9395,4216,11,2025-09-29,Debit Card
9396,2997,5,2025-05-28,UPI
9397,2606,2,2024-03-28,Debit Card
9398,1360,14,2024-03-01,Credit Card
9399,3354,14,2025-10-22,Debit Card
9400,2322,11,2024-07-06,Cash
9401,4851,3,2025-05-24,UPI
9402,4842,3,2025-10-05,Debit Card
9403,4559,3,2025-11-29,UPI
9404,1884,3,2025-07-03,UPI
9405,1929,11,2024-08-06,UPI
9406,4308,4,2025-10-31,UPI
9407,3721,14,2024-06-15,Credit Card
9408,3605,10,2024-03-15,Cash
9409,1453,13,2023-09-03,UPI
9410,4206,1,2024-03-19,UPI
9411,2973,13,2025-06-26,UPI
9412,2338,4,2025-12-06,Credit Card
9413,4372,4,2023-05-09,Debit Card
9414,2061,15,2024-06-26,Cash
9415,3349,8,2024-06-25,UPI
9416,2427,11,2025-04-18,Credit Card
9417,3040,4,2024-07-27,Debit Card
9418,209,5,2024-01-24,UPI
9419,2401,4,2024-10-18,Net Banking
9420,2863,5,2024-12-19,UPI
9421,2539,3,2025-06-09,UPI
9422,4280,3,2023-03-30,UPI
9423,1611,8,2025-01-21,UPI
9424,4458,12,2023-08-16,Debit Card
9425,2109,14,2024-09-24,Credit Card
9426,3559,1,2023-03-16,Credit Card
9427,448,3,2024-07-03,UPI
9428,1053,2,2023-08-10,Credit Card
9429,3891,10,2024-12-20,Cash
9430,56,15,2025-08-20,UPI
9431,4845,11,2023-08-11,Credit Card
9432,993,6,2023-06-06,Net Banking
9433,4545,8,2023-07-16,Debit Card
9434,2648,6,2025-11-06,UPI
9435,2906,4,2024-07-07,UPI
9436,435,3,2023-10-28,Net Banking
9437,1914,4,2023-06-24,Cash
9438,811,13,2024-07-01,Cash
9439,2702,8,2025-04-23,Net Banking
9440,2832,9,2024-10-24,Debit Card
9441,3631,8,2025-06-06,Cash
9442,4426,9,2024-11-14,Debit Card
9443,2434,8,2023-11-06,Credit Card
9444,1212,13,2023-04-27,Credit Card
9445,1733,5,2024-01-16,UPI
9446,4278,5,2024-06-12,UPI
9447,766,1,2025-08-20,UPI
9448,3203,8,2023-07-21,Credit Card
9449,61,11,2023-12-11,Debit Card
9450,1273,2,2023-01-19,Net Banking
9451,3035,6,2025-05-19,UPI
9452,2378,6,2024-05-03,Credit Card
9453,2543,12,2025-12-18,Debit Card
9454,3382,10,2023-03-19,Debit Card
9455,1217,4,2025-07-07,Debit Card
9456,1457,9,2025-11-15,Cash
9457,3510,3,2024-11-10,Cash
9458,2769,8,2023-11-06,UPI
9459,69,2,2023-08-19,Net Banking
9460,3442,5,2023-06-09,Cash
9461,3173,13,2024-08-06,Cash
9462,410,13,2025-10-22,UPI
9463,3823,15,2025-06-01,Net Banking
9464,2684,15,2024-02-24,UPI
9465,1075,15,2023-02-25,Cash
9466,2880,6,2023-11-13,Debit Card
9467,3057,2,2024-12-28,UPI
9468,4622,7,2023-04-05,Cash
9469,3795,15,2023-08-27,Cash
9470,1562,11,2023-05-28,Credit Card
9471,607,11,2023-06-07,Debit Card
9472,4312,5,2024-01-04,UPI
9473,4274,10,2023-11-25,Credit Card
9474,913,13,2025-07-15,UPI
9475,324,4,2025-06-09,Credit Card
9476,3639,4,2023-07-13,Credit Card
9477,3687,2,2025-09-13,UPI
9478,919,12,2025-03-08,Credit Card
9479,3426,9,2023-05-07,Credit Card
9480,1450,1,2025-06-25,Debit Card
9481,1350,1,2023-02-27,UPI
9482,1677,4,2025-01-24,Debit Card
9483,2675,3,2025-11-27,Credit Card
9484,4078,9,2025-08-31,UPI
9485,2566,13,2024-10-02,Debit Card
9486,1543,7,2024-09-03,Credit Card
9487,4457,11,2023-05-21,Credit Card
9488,288,2,2023-01-15,Net Banking
9489,4050,4,2025-04-15,Cash
9490,3987,5,2023-04-21,UPI
9491,1312,10,2025-01-04,Credit Card
9492,1040,12,2025-10-23,Debit Card
9493,4413,14,2025-04-16,Credit Card
9494,2878,4,2025-12-04,Credit Card
9495,240,13,2024-10-08,Net Banking
9496,4495,14,2023-04-27,UPI
9497,1828,4,2024-12-23,UPI
9498,1782,4,2023-05-30,Credit Card
9499,3289,8,2025-11-23,UPI
9500,3387,7,2023-08-24,Credit Card
9501,1850,4,2023-05-03,Credit Card
9502,752,11,2023-06-10,UPI
9503,2837,1,2023-01-17,Net Banking
9504,3196,6,2024-09-10,Credit Card
9505,4340,5,2024-01-02,Credit Card
9506,2511,11,2024-08-30,Cash
9507,3303,5,2024-07-04,UPI
9508,284,11,2023-03-11,Debit Card
9509,4509,15,2024-11-05,Credit Card
9510,1693,12,2025-11-12,UPI
9511,3231,15,2023-03-22,UPI
9512,4602,6,2024-08-14,UPI
9513,4102,12,2024-05-27,Cash
9514,3263,8,2024-09-07,Credit Card
9515,3602,6,2023-11-13,Net Banking
9516,4625,14,2023-04-11,Cash
9517,4110,6,2025-10-15,Net Banking
9518,3129,7,2025-06-01,UPI
9519,3371,11,2024-04-13,Debit Card
9520,772,8,2023-07-26,Net Banking
9521,2443,4,2025-12-11,Debit Card
9522,1557,7,2025-06-30,UPI
9523,2245,8,2023-08-31,UPI
9524,3392,6,2023-07-25,Debit Card
9525,783,9,2025-06-14,Debit Card
9526,88,13,2025-05-19,UPI
9527,2079,6,2023-08-20,Cash
9528,1666,4,2025-10-10,Debit Card
9529,2186,14,2023-02-16,Credit Card
9530,4682,6,2023-02-25,Credit Card
9531,3619,2,2023-04-18,UPI
9532,1694,11,2025-05-07,Credit Card
9533,932,8,2023-03-05,Credit Card
9534,3164,14,2023-01-15,Net Banking
9535,3366,11,2024-01-06,Credit Card
9536,2506,6,2023-11-30,Debit Card
9537,1108,4,2025-08-15,Debit Card
9538,151,7,2023-09-08,UPI
9539,1373,15,2024-09-16,UPI
9540,2384,8,2025-12-10,Debit Card
9541,4007,3,2025-04-15,Cash
9542,4316,10,2024-05-08,Cash
9543,2158,3,2023-02-24,Debit Card
9544,4047,10,2023-12-31,Credit Card
9545,4967,3,2025-09-10,Credit Card
9546,3662,3,2024-09-11,Debit Card
9547,3718,2,2025-11-30,UPI
9548,4571,5,2025-10-23,Credit Card
9549,1762,6,2025-02-13,UPI
9550,51,1,2023-06-15,UPI
9551,4932,6,2025-11-29,UPI
9552,2528,7,2024-05-27,Debit Card
9553,3992,2,2023-03-13,Net Banking
9554,4113,1,2024-04-14,UPI
9555,2081,7,2024-07-21,Credit Card
9556,2787,6,2024-07-27,Credit Card
9557,2780,14,2025-08-14,UPI
9558,1147,3,2023-11-26,Debit Card
9559,604,13,2023-05-13,UPI
9560,2798,2,2024-11-11,UPI
9561,622,13,2023-01-01,UPI
9562,1813,2,2023-02-02,Credit Card
9563,973,14,2024-05-08,UPI
9564,3619,12,2023-10-01,Credit Card
9565,4402,2,2024-09-07,UPI
9566,2969,8,2025-09-27,Cash
9567,2141,1,2023-04-23,UPI
9568,4987,12,2025-07-19,UPI
9569,108,3,2024-06-30,Net Banking
9570,1578,8,2023-10-17,UPI
9571,1448,6,2024-10-22,Cash
9572,1866,7,2025-11-21,UPI
9573,1200,2,2023-05-04,Credit Card
9574,1369,14,2025-02-23,UPI
9575,1336,9,2024-12-02,Credit Card
9576,2602,7,2025-08-06,Net Banking
9577,2052,3,2023-02-26,Debit Card
9578,3274,9,2024-12-02,UPI
9579,2640,3,2023-12-09,Cash
9580,956,14,2023-09-02,Debit Card
9581,4101,10,2024-08-06,Net Banking
9582,2451,8,2024-05-13,UPI
9583,800,15,2024-01-14,UPI
9584,867,7,2025-08-28,Debit Card
9585,4050,15,2023-03-17,Cash
9586,3601,13,2025-02-22,Debit Card
9587,2603,3,2025-01-07,Credit Card
9588,1587,15,2023-08-17,Credit Card
9589,2398,14,2023-12-17,UPI
9590,3257,5,2024-06-11,Cash
9591,4432,7,2024-11-11,Cash
9592,2860,3,2024-01-08,UPI
9593,1435,13,2024-04-18,UPI
9594,224,2,2025-12-27,Debit Card
9595,913,9,2024-12-06,Credit Card
9596,3327,2,2023-04-10,Debit Card
9597,835,3,2023-06-11,UPI
9598,2498,15,2025-01-29,Cash
9599,3584,12,2023-12-09,Credit Card
9600,1596,1,2025-06-13,Cash
9601,3432,15,2024-07-23,Debit Card
9602,2981,13,2023-08-09,Credit Card
9603,2282,1,2025-04-25,Debit Card
9604,4524,1,2024-11-08,UPI
9605,3546,15,2024-12-24,Credit Card
9606,1889,10,2025-07-31,Credit Card
9607,4078,3,2023-04-21,Credit Card
9608,3771,14,2025-07-20,UPI
9609,4023,6,2023-12-29,Credit Card
9610,3282,10,2023-10-14,Debit Card
9611,1986,3,2023-04-01,UPI
9612,1825,4,2025-05-27,Cash
9613,3350,2,2023-10-22,Credit Card
9614,684,7,2025-02-11,Debit Card
9615,4139,4,2024-08-07,Cash
9616,1942,11,2023-09-27,Credit Card
9617,3217,1,2024-09-28,Cash
9618,2571,4,2023-11-20,UPI
9619,2667,4,2025-08-24,Debit Card
9620,3770,15,2025-01-17,Cash
9621,3202,11,2024-04-12,Cash
9622,1295,3,2024-07-13,UPI
9623,392,8,2024-10-12,UPI
9624,4237,7,2023-09-06,UPI
9625,4465,10,2024-05-28,Credit Card
9626,857,10,2025-01-17,UPI
9627,1603,3,2024-04-13,Credit Card
9628,1462,4,2025-05-15,Cash
9629,4711,8,2024-01-23,UPI
9630,1075,15,2024-05-18,UPI
9631,866,13,2024-07-24,Cash
9632,947,10,2024-05-02,Debit Card
9633,3726,3,2025-10-29,UPI
9634,4484,5,2023-02-24,Debit Card
9635,2057,5,2023-09-03,Debit Card
9636,710,15,2024-05-22,Credit Card
9637,3004,5,2023-01-04,UPI
9638,1092,5,2024-03-13,Net Banking
9639,337,9,2023-06-27,Debit Card
9640,4473,10,2025-05-01,UPI
9641,4397,13,2025-05-05,UPI
9642,4880,5,2024-05-08,UPI
9643,2461,15,2024-08-19,Cash
9644,1522,11,2024-09-03,Credit Card
9645,3929,14,2023-12-28,UPI
9646,938,11,2023-08-09,UPI
9647,1262,14,2025-12-16,Net Banking
9648,1324,9,2023-07-29,Debit Card
9649,4771,13,2025-11-29,UPI
9650,3726,9,2025-07-09,Cash
9651,695,15,2023-01-03,UPI
9652,482,14,2025-10-10,UPI
9653,4253,15,2024-09-05,UPI
9654,4070,11,2023-02-07,UPI
9655,3446,14,2024-01-03,Credit Card
9656,1023,10,2023-01-23,UPI
9657,2490,12,2025-07-16,UPI
9658,3094,4,2024-02-05,UPI
9659,4688,14,2025-09-27,Cash
9660,884,9,2023-10-16,UPI
9661,2646,11,2024-10-22,Credit Card
9662,822,15,2024-03-07,Credit Card
9663,2314,12,2025-11-14,Cash
9664,1052,13,2024-09-10,Net Banking
9665,4218,2,2023-05-25,Cash
9666,1318,3,2024-09-26,Debit Card
9667,2173,1,2023-11-24,Credit Card
9668,2129,15,2024-01-02,UPI
9669,4374,11,2023-05-10,Cash
9670,3869,7,2023-06-11,Debit Card
9671,302,10,2023-01-26,UPI
9672,354,14,2023-11-20,UPI
9673,2834,11,2023-06-11,Debit Card
9674,2231,14,2025-03-12,Cash
9675,1429,9,2024-07-23,UPI
9676,4027,13,2024-04-21,Credit Card
9677,672,3,2024-09-29,Net Banking
9678,4871,8,2025-08-02,Net Banking
9679,126,1,2025-04-19,Debit Card
9680,608,6,2025-05-22,Credit Card
9681,1611,6,2025-03-07,UPI
9682,2617,5,2025-11-05,Credit Card
9683,1127,4,2023-11-21,Credit Card
9684,3758,3,2024-09-21,Debit Card
9685,1874,13,2025-08-31,Credit Card
9686,201,14,2023-07-27,UPI
9687,4425,4,2024-07-28,Debit Card
9688,4735,7,2025-10-02,Credit Card
9689,3164,14,2024-12-22,Credit Card
9690,4091,7,2024-10-15,Debit Card
9691,627,3,2024-10-12,Credit Card
9692,1393,11,2023-04-22,Net Banking
9693,1680,10,2024-12-22,Credit Card
9694,4816,3,2023-10-12,Debit Card
9695,2630,3,2024-12-12,Debit Card
9696,30,5,2024-09-18,UPI
9697,1991,1,2023-01-21,UPI
9698,32,10,2024-01-02,Net Banking
9699,1234,11,2023-02-23,UPI
9700,2368,13,2023-05-29,UPI
9701,1671,14,2025-03-11,Credit Card
9702,170,15,2024-03-14,Cash
9703,597,14,2024-08-08,UPI
9704,2833,7,2025-11-16,Credit Card
9705,3567,13,2025-05-28,UPI
9706,2117,8,2024-02-28,UPI
9707,3736,7,2023-12-24,UPI
9708,849,8,2025-02-16,Cash
9709,631,9,2024-12-09,Net Banking
9710,4228,4,2024-10-20,UPI
9711,1766,3,2023-03-03,Cash
9712,2246,7,2024-06-19,Debit Card
9713,4753,12,2023-01-29,Debit Card
9714,2216,9,2024-11-02,Credit Card
9715,12,13,2025-05-29,UPI
9716,4714,12,2025-09-13,Credit Card
9717,67,9,2025-10-22,Debit Card
9718,3393,12,2025-07-29,Net Banking
9719,1667,8,2023-12-14,UPI
9720,2443,14,2025-09-18,Net Banking
9721,2819,13,2023-08-27,UPI
9722,2134,3,2025-10-07,Cash
9723,3946,6,2023-05-27,Debit Card
9724,4678,14,2024-01-01,Debit Card
9725,447,2,2024-04-20,Cash
9726,4062,6,2025-05-06,UPI
9727,672,5,2024-08-26,Debit Card
9728,415,15,2024-05-28,Net Banking
9729,4791,4,2025-07-18,Credit Card
9730,2525,3,2024-03-05,Credit Card
9731,799,8,2023-05-03,UPI
9732,2931,10,2025-06-21,UPI
9733,1362,6,2024-03-04,Debit Card
9734,2414,9,2024-03-18,UPI
9735,3195,3,2023-08-19,UPI
9736,4390,5,2023-11-07,UPI
9737,10,4,2023-03-14,Cash
9738,1114,6,2024-05-06,Credit Card
9739,498,2,2023-05-29,Credit Card
9740,503,6,2024-10-03,UPI
9741,4742,3,2025-02-08,UPI
9742,4703,8,2023-03-21,Credit Card
9743,3832,15,2025-11-16,Cash
9744,3289,10,2024-05-10,UPI
9745,4281,15,2025-01-02,UPI
9746,305,10,2025-01-04,Credit Card
9747,616,11,2025-08-22,Cash
9748,1653,15,2024-11-06,Credit Card
9749,4201,6,2024-06-25,UPI
9750,2451,12,2025-09-24,Cash
9751,2593,8,2023-11-13,Credit Card
9752,1193,7,2024-01-30,Debit Card
9753,3317,6,2023-03-26,UPI
9754,4483,9,2025-01-15,Cash
9755,1709,11,2025-08-06,UPI
9756,3168,9,2025-08-03,Net Banking
9757,1723,10,2025-06-12,Cash
9758,4028,10,2024-03-02,UPI
9759,2467,15,2024-07-31,UPI
9760,1767,4,2024-01-19,Cash
9761,2185,15,2024-03-29,UPI
9762,472,8,2025-06-22,Cash
9763,4373,3,2024-07-01,UPI
9764,4805,14,2023-05-19,Debit Card
9765,2481,11,2025-08-02,UPI
9766,1154,5,2024-08-04,Cash
9767,3409,12,2024-06-13,UPI
9768,2357,3,2024-04-20,Credit Card
9769,1306,10,2025-04-03,UPI
9770,200,4,2024-05-15,Debit Card
9771,4491,5,2024-02-23,Credit Card
9772,4050,13,2023-09-11,UPI
9773,4184,15,2025-04-23,Debit Card
9774,2290,8,2023-04-09,UPI
9775,3847,14,2023-11-30,Credit Card
9776,2981,10,2024-11-16,Credit Card
9777,1962,15,2023-04-12,UPI
9778,4252,8,2025-02-11,UPI
9779,4998,14,2024-05-05,UPI
9780,4537,3,2025-12-24,Credit Card
9781,3954,8,2024-03-25,Net Banking
9782,3823,10,2024-09-19,Debit Card
9783,3328,13,2024-08-12,Net Banking
9784,4315,4,2024-11-23,UPI
9785,2541,11,2025-10-20,UPI
9786,946,2,2024-03-11,UPI
9787,3926,14,2023-08-15,Cash
9788,4619,3,2023-11-30,Cash
9789,1778,8,2023-07-14,Credit Card
9790,3982,12,2024-01-13,Credit Card
9791,1419,5,2025-11-15,Credit Card
9792,4730,2,2024-03-09,Net Banking
9793,3507,7,2024-01-14,UPI
9794,2927,5,2024-03-06,Debit Card
9795,3966,6,2024-02-22,UPI
9796,4115,14,2024-05-11,UPI
9797,4500,2,2023-07-19,Credit Card
9798,4545,11,2024-10-28,Credit Card
9799,279,7,2024-12-20,Credit Card
9800,637,15,2024-12-01,UPI
9801,4166,1,2023-03-15,Debit Card
9802,4744,10,2025-08-17,Debit Card
9803,1593,10,2025-03-21,Debit Card
9804,37,5,2025-04-19,UPI
9805,1667,9,2024-05-08,UPI
9806,2009,7,2024-06-10,Cash
9807,3891,14,2025-06-01,Credit Card
9808,250,9,2023-05-24,Credit Card
9809,1106,9,2024-03-10,Cash
9810,4507,1,2023-07-05,UPI
9811,804,8,2023-01-20,Cash
9812,3880,12,2025-08-27,Credit Card
9813,1891,7,2023-03-13,Debit Card
9814,3396,11,2024-04-11,UPI
9815,390,2,2024-12-02,Cash
9816,1486,3,2023-03-10,UPI
9817,2218,6,2023-06-11,UPI
9818,4334,11,2025-10-26,UPI
9819,2899,11,2023-01-01,UPI
9820,236,3,2025-02-18,Credit Card
9821,4070,8,2024-01-21,UPI
9822,284,4,2025-02-12,UPI
9823,4696,13,2025-02-01,Credit Card
9824,1099,7,2025-07-21,Credit Card
9825,2522,4,2025-08-31,UPI
9826,381,2,2025-12-28,UPI
9827,2888,7,2025-01-25,UPI
9828,2559,8,2025-08-27,Cash
9829,2141,1,2025-08-16,Credit Card
9830,187,5,2024-01-17,Net Banking
9831,4430,10,2023-05-16,UPI
9832,4071,14,2024-09-15,Debit Card
9833,3236,8,2025-06-18,Credit Card
9834,2940,1,2025-07-13,UPI
9835,3561,12,2025-01-25,Credit Card
9836,754,3,2024-04-12,Credit Card
9837,4690,2,2023-11-26,Credit Card
9838,1474,14,2024-05-08,UPI
9839,3361,3,2024-08-18,UPI
9840,3112,3,2025-09-01,Credit Card
9841,3257,3,2025-01-16,Net Banking
9842,4430,13,2024-05-24,Credit Card
9843,1532,1,2024-03-23,Credit Card
9844,3830,3,2025-03-10,UPI
9845,3072,14,2023-01-17,Net Banking
9846,398,2,2024-08-23,Debit Card
9847,2162,13,2025-10-08,Net Banking
9848,4226,9,2023-12-16,UPI
9849,1639,10,2023-09-20,Credit Card
9850,2504,8,2024-12-15,UPI
9851,2523,13,2024-05-04,UPI
9852,3159,13,2025-05-02,UPI
9853,4457,6,2025-02-10,Credit Card
9854,906,7,2025-08-06,Debit Card
9855,2597,14,2024-11-06,UPI
9856,2216,1,2024-11-25,Cash
9857,1532,7,2025-08-10,UPI
9858,4619,8,2023-04-24,UPI
9859,34,15,2024-12-24,UPI
9860,631,8,2024-09-15,Credit Card
9861,3743,6,2024-02-08,UPI
9862,1363,7,2024-07-26,Cash
9863,3688,11,2024-05-21,Debit Card
9864,4201,2,2024-11-22,Credit Card
9865,1318,4,2023-10-29,Credit Card
9866,1002,8,2024-12-02,Credit Card
9867,762,11,2024-05-28,Debit Card
9868,1052,15,2024-04-26,Net Banking
9869,1382,4,2023-08-16,Credit Card
9870,4387,8,2023-01-29,Credit Card
9871,3930,10,2024-09-13,Credit Card
9872,5,14,2025-11-12,Cash
9873,4411,12,2024-10-07,Debit Card
9874,410,4,2024-10-01,Cash
9875,3355,9,2023-02-20,Credit Card
9876,793,1,2024-07-05,Debit Card
9877,326,6,2024-04-12,Debit Card
9878,3884,1,2024-02-25,Credit Card
9879,2430,12,2023-02-10,UPI
9880,3076,6,2024-01-05,Credit Card
9881,2220,4,2024-10-18,Cash
9882,354,8,2023-02-27,Debit Card
9883,3780,13,2025-11-13,Net Banking
9884,4139,8,2024-03-10,UPI
9885,218,13,2025-08-20,Credit Card
9886,1972,15,2023-03-14,Debit Card
9887,2871,9,2023-03-01,UPI
9888,3104,7,2023-04-09,UPI
9889,2970,13,2023-11-15,Debit Card
9890,3549,11,2024-05-06,Debit Card
9891,4841,13,2023-11-18,Credit Card
9892,2052,8,2024-10-28,UPI
9893,2864,13,2024-10-15,Debit Card
9894,3585,11,2024-10-12,Debit Card
9895,3039,3,2023-06-08,UPI
9896,2030,10,2024-11-11,UPI
9897,3192,4,2025-04-24,Credit Card
9898,3326,4,2025-09-10,Credit Card
9899,3000,6,2023-12-23,UPI
9900,1076,7,2024-05-28,Credit Card
9901,2603,9,2025-08-18,Debit Card
9902,4459,14,2024-04-11,Net Banking
9903,4386,10,2023-05-01,Debit Card
9904,3839,6,2024-02-01,Cash
9905,3575,2,2025-05-24,UPI
9906,800,10,2025-04-08,Credit Card
9907,2396,15,2025-08-08,UPI
9908,570,10,2023-07-18,UPI
9909,4126,7,2025-08-05,Credit Card
9910,1509,15,2023-05-09,UPI
9911,3919,13,2025-05-30,UPI
9912,4118,10,2023-01-22,Debit Card
9913,4500,14,2025-12-30,UPI
9914,3850,9,2025-12-12,Debit Card
9915,2907,8,2024-08-28,Cash
9916,3068,4,2023-04-22,Debit Card
9917,1663,2,2025-06-05,UPI
9918,918,8,2024-04-11,Debit Card
9919,683,6,2025-05-25,Credit Card
9920,948,12,2023-10-30,Debit Card
9921,4695,15,2024-03-19,Credit Card
9922,856,8,2023-08-02,UPI
9923,3692,11,2024-11-14,UPI
9924,964,9,2025-12-08,Debit Card
9925,4877,3,2024-05-14,Credit Card
9926,1919,8,2024-06-11,UPI
9927,2154,14,2025-02-14,Debit Card
9928,2116,10,2025-07-21,Cash
9929,4121,8,2023-01-09,Credit Card
9930,1137,5,2025-07-18,Debit Card
9931,4190,6,2025-11-06,UPI
9932,3363,5,2023-05-12,Debit Card
9933,1147,6,2025-07-15,Debit Card
9934,345,1,2025-08-02,UPI
9935,3951,10,2024-04-20,Debit Card
9936,1140,10,2023-06-26,Debit Card
9937,4489,10,2024-11-27,Debit Card
9938,679,2,2024-01-16,UPI
9939,3149,8,2025-11-27,Credit Card
9940,3547,14,2024-10-14,Credit Card
9941,3366,1,2024-08-17,UPI
9942,1644,9,2023-10-29,UPI
9943,4418,7,2025-03-31,UPI
9944,3929,1,2023-02-09,Cash
9945,2622,14,2024-02-23,Debit Card
9946,3096,5,2023-01-24,Credit Card
9947,2916,2,2025-06-25,Debit Card
9948,4747,14,2025-04-04,UPI
9949,4519,11,2024-02-05,UPI
9950,1222,12,2023-01-14,UPI
9951,1361,1,2023-11-06,Cash
9952,4904,1,2025-01-24,Net Banking
9953,1226,14,2024-01-16,UPI
9954,4779,13,2024-11-16,Credit Card
9955,3324,5,2025-12-24,UPI
9956,260,4,2024-07-04,Cash
9957,1746,5,2025-04-30,UPI
9958,2474,6,2023-08-26,Credit Card
9959,4205,1,2025-04-13,Credit Card
9960,1702,2,2023-04-02,Credit Card
9961,1607,2,2025-10-26,UPI
9962,4623,5,2023-04-18,Debit Card
9963,411,12,2025-02-15,Cash
9964,2835,15,2024-11-01,UPI
9965,2596,10,2024-06-15,Debit Card
9966,299,9,2025-11-10,Cash
9967,453,7,2023-12-12,UPI
9968,2004,10,2023-09-06,Net Banking
9969,698,4,2025-10-22,UPI
9970,2485,15,2025-10-22,UPI
9971,3123,5,2023-11-06,Credit Card
9972,3545,11,2023-05-09,Cash
9973,2816,7,2025-01-21,Credit Card
9974,1988,14,2024-06-16,Credit Card
9975,679,10,2024-10-18,Debit Card
9976,1281,9,2024-10-23,Cash
9977,2184,12,2024-06-16,Debit Card
9978,4641,10,2025-12-02,UPI
9979,1065,7,2023-03-25,Debit Card
9980,2160,11,2023-08-12,UPI
9981,3737,13,2023-10-12,Credit Card
9982,3611,2,2024-07-14,Cash
9983,4839,4,2023-08-22,UPI
9984,996,10,2023-10-29,UPI
9985,82,13,2023-12-17,Credit Card
9986,1667,4,2024-09-22,Cash
9987,784,14,2024-11-07,Debit Card
9988,2824,11,2023-05-16,Credit Card
9989,4532,9,2023-04-21,Credit Card
9990,3530,8,2023-05-20,Cash
9991,708,6,2025-03-23,Cash
9992,595,8,2024-06-19,Credit Card
9993,4580,7,2025-09-18,UPI
9994,2521,8,2024-10-18,Credit Card
9995,4641,13,2024-04-12,Net Banking
9996,3758,15,2024-06-01,Debit Card
9997,4967,7,2024-04-10,Debit Card
9998,4398,2,2023-02-25,UPI
9999,2163,11,2023-06-10,Debit Card
10000,3872,12,2025-02-10,Credit Card
10001,2446,6,2023-07-12,Credit Card
10002,1212,4,2024-05-22,Debit Card
10003,1248,4,2025-07-04,Cash
10004,2080,15,2025-01-13,Net Banking
10005,571,10,2023-03-31,UPI
10006,923,6,2024-02-10,Credit Card
10007,2578,8,2024-09-06,UPI
10008,4782,5,2023-06-25,Credit Card
10009,2967,14,2023-01-24,Credit Card
10010,2134,3,2023-05-18,Cash
10011,1260,12,2024-07-19,Cash
10012,1021,1,2023-01-26,Credit Card
10013,3369,5,2023-05-02,Net Banking
10014,4283,3,2024-01-27,Credit Card
10015,2090,3,2024-08-19,Cash
10016,2832,4,2023-02-15,UPI
10017,3618,9,2023-10-16,UPI
10018,305,4,2024-08-17,UPI
10019,1839,5,2023-11-30,Cash
10020,3725,10,2024-03-22,UPI
10021,3511,5,2023-04-30,Debit Card
10022,281,15,2023-05-05,Credit Card
10023,1235,1,2023-07-24,Cash
10024,3492,7,2024-11-26,UPI
10025,1408,15,2024-03-21,UPI
10026,4118,2,2024-05-31,UPI
10027,154,6,2025-07-14,UPI
10028,993,14,2023-01-31,UPI
10029,1459,15,2023-07-12,UPI
10030,4649,11,2023-04-13,UPI
10031,4048,4,2024-11-27,Debit Card
10032,4459,15,2023-06-11,Debit Card
10033,2296,14,2023-10-07,Credit Card
10034,4149,5,2024-12-04,Debit Card
10035,4314,12,2025-08-19,UPI
10036,2095,5,2024-04-19,Debit Card
10037,4974,4,2024-04-15,UPI
10038,4301,14,2023-04-09,Cash
10039,4871,2,2025-06-02,Debit Card
10040,4375,12,2025-05-03,Cash
10041,3954,8,2025-01-15,UPI
10042,4735,15,2024-02-13,Cash
10043,2185,15,2025-04-26,UPI
10044,3982,15,2023-07-26,Debit Card
10045,1109,1,2024-09-02,UPI
10046,3739,9,2024-03-08,UPI
10047,3990,6,2024-12-13,UPI
10048,3662,4,2024-04-01,Credit Card
10049,4292,6,2025-12-08,UPI
10050,2160,11,2024-06-03,UPI
10051,2808,9,2024-01-05,Net Banking
10052,50,13,2023-05-16,UPI
10053,766,14,2025-10-04,UPI
10054,3294,12,2025-10-15,UPI
10055,2892,12,2023-05-03,UPI
10056,1034,9,2023-07-02,UPI
10057,1262,3,2024-06-25,Cash
10058,1796,13,2024-07-18,Net Banking
10059,3661,15,2024-09-06,Credit Card
10060,3129,15,2025-02-12,Credit Card
10061,369,15,2023-02-12,Net Banking
10062,3885,15,2025-02-12,Cash
10063,1360,8,2025-06-13,Credit Card
10064,3452,1,2024-12-30,Debit Card
10065,639,9,2025-08-16,UPI
10066,4995,7,2023-08-21,UPI
10067,415,14,2025-09-26,UPI
10068,3794,10,2024-10-21,Credit Card
10069,2788,15,2023-04-23,Credit Card
10070,444,7,2024-09-03,UPI
10071,144,6,2025-09-30,Cash
10072,1897,1,2023-05-21,Credit Card
10073,4070,13,2023-06-26,Credit Card
10074,216,2,2024-10-25,Credit Card
10075,3605,11,2024-02-19,UPI
10076,3356,3,2024-12-19,Cash
10077,1373,1,2025-11-05,UPI
10078,405,5,2023-03-14,UPI
10079,4598,11,2024-01-28,Credit Card
10080,1554,5,2023-10-26,UPI
10081,571,6,2024-04-14,UPI
10082,3499,14,2025-05-30,Cash
10083,1129,13,2024-09-07,Credit Card
10084,2471,7,2024-01-18,Net Banking
10085,261,10,2023-08-02,Net Banking
10086,4967,9,2025-06-16,Net Banking
10087,2341,13,2024-04-27,UPI
10088,4998,7,2023-01-21,Cash
10089,2023,13,2023-12-15,UPI
10090,1823,6,2023-11-10,Debit Card
10091,4592,13,2025-12-28,Cash
10092,1708,15,2024-06-20,UPI
10093,2246,9,2023-06-09,UPI
10094,409,2,2023-10-08,Debit Card
10095,4789,6,2023-07-25,UPI
10096,439,5,2023-06-02,Debit Card
10097,3935,12,2024-12-14,UPI
10098,2771,15,2025-02-24,Net Banking
10099,322,6,2025-09-19,Credit Card
10100,5,15,2024-10-26,Cash
10101,4702,15,2025-01-18,Debit Card
10102,3795,10,2023-10-20,Net Banking
10103,3523,1,2024-11-18,Credit Card
10104,2280,11,2023-11-17,UPI
10105,1240,5,2025-11-23,Debit Card
10106,3491,12,2024-08-04,Net Banking
10107,3120,8,2023-11-10,Cash
10108,3706,3,2025-05-29,Credit Card
10109,1916,14,2023-11-21,Cash
10110,4932,3,2024-04-22,Debit Card
10111,353,13,2023-04-22,Net Banking
10112,414,13,2025-07-12,UPI
10113,4609,11,2025-07-06,UPI
10114,3312,7,2023-05-29,UPI
10115,1687,7,2024-09-06,Debit Card
10116,3896,12,2023-01-23,Debit Card
10117,2357,2,2023-08-08,Debit Card
10118,108,13,2023-10-11,Debit Card
10119,3333,8,2023-04-21,Credit Card
10120,1262,15,2023-06-10,UPI
10121,591,5,2023-04-27,Cash
10122,1172,9,2025-01-31,UPI
10123,2474,13,2025-02-09,Net Banking
10124,260,1,2024-01-16,UPI
10125,4451,11,2023-03-11,UPI
10126,2881,4,2023-11-26,UPI
10127,1517,8,2025-05-12,UPI
10128,3526,9,2024-09-21,Net Banking
10129,4078,9,2025-01-20,Credit Card
10130,3139,10,2024-02-24,UPI
10131,1064,11,2024-09-01,Net Banking
10132,568,1,2023-05-04,Cash
10133,4339,1,2025-08-20,Net Banking
10134,1218,7,2024-02-17,UPI
10135,102,11,2025-05-27,UPI
10136,3288,13,2024-11-07,Credit Card
10137,800,12,2024-06-02,UPI
10138,4953,6,2023-01-10,UPI
10139,4393,14,2024-10-21,Cash
10140,3121,7,2024-08-23,Net Banking
10141,4209,8,2023-07-08,Net Banking
10142,2443,11,2025-03-07,Credit Card
10143,4007,6,2023-08-08,UPI
10144,3307,10,2025-08-20,UPI
10145,151,14,2023-10-10,Credit Card
10146,4757,10,2024-04-13,Credit Card
10147,4345,12,2025-04-04,Debit Card
10148,4778,10,2025-01-26,Credit Card
10149,3735,7,2024-07-28,Cash
10150,2154,11,2023-02-21,Cash
10151,1081,7,2023-08-27,Cash
10152,934,7,2025-04-20,UPI
10153,760,13,2024-01-13,Net Banking
10154,1149,14,2025-12-12,Net Banking
10155,2832,2,2024-01-22,Credit Card
10156,3509,3,2024-09-11,Credit Card
10157,1633,10,2024-10-12,UPI
10158,2824,9,2023-01-26,Net Banking
10159,1778,1,2024-01-06,UPI
10160,3571,13,2025-09-06,Credit Card
10161,4943,8,2025-07-30,Debit Card
10162,3536,7,2023-08-17,Cash
10163,309,6,2023-02-14,Credit Card
10164,2479,1,2024-04-10,Debit Card
10165,3932,9,2023-10-15,Debit Card
10166,2793,2,2025-11-27,UPI
10167,4766,10,2025-03-07,Net Banking
10168,286,12,2025-05-12,UPI
10169,1509,5,2023-10-29,UPI
10170,1150,9,2025-08-22,Credit Card
10171,3924,12,2023-04-14,Debit Card
10172,2690,8,2025-01-18,Cash
10173,727,10,2024-08-12,Debit Card
10174,1479,15,2025-09-21,Credit Card
10175,2685,14,2025-10-25,Debit Card
10176,4983,4,2025-02-22,Credit Card
10177,1908,15,2025-07-22,Net Banking
10178,816,8,2024-11-15,Net Banking
10179,2558,9,2025-10-20,UPI
10180,1604,12,2025-04-04,Credit Card
10181,2914,15,2023-10-06,Credit Card
10182,2429,11,2024-08-03,Debit Card
10183,3538,5,2024-05-09,Credit Card
10184,4590,1,2025-09-22,Credit Card
10185,1056,11,2024-02-04,Credit Card
10186,4141,6,2024-03-12,Credit Card
10187,4758,4,2023-01-26,UPI
10188,1957,6,2024-02-08,Debit Card
10189,585,1,2024-10-25,Credit Card
10190,4148,4,2024-11-21,Net Banking
10191,3597,5,2025-10-13,UPI
10192,1107,6,2025-04-08,UPI
10193,2326,14,2025-09-19,Credit Card
10194,2969,5,2024-04-03,Debit Card
10195,887,2,2025-03-08,Credit Card
10196,3653,3,2024-04-26,UPI
10197,3538,5,2023-10-21,Credit Card
10198,4478,11,2023-11-02,Credit Card
10199,2920,15,2023-11-22,Net Banking
10200,2950,7,2023-06-11,UPI
10201,3169,4,2025-10-17,Credit Card
10202,1420,11,2023-05-07,UPI
10203,3876,6,2024-07-16,UPI
10204,3393,9,2025-12-02,Credit Card
10205,4228,10,2025-11-28,Debit Card
10206,3927,7,2023-06-02,UPI
10207,3270,3,2025-09-06,Debit Card
10208,836,15,2023-08-11,Credit Card
10209,4617,11,2025-05-22,Net Banking
10210,1924,5,2023-07-16,Debit Card
10211,4838,9,2024-09-01,Credit Card
10212,2103,5,2023-04-11,Net Banking
10213,766,3,2023-03-16,Debit Card
10214,4465,8,2023-01-24,Cash
10215,4041,7,2025-06-30,Net Banking
10216,3997,12,2023-08-26,Cash
10217,461,5,2024-03-31,UPI
10218,4432,5,2024-12-27,UPI
10219,3061,1,2025-07-18,Debit Card
10220,2443,8,2023-05-29,UPI
10221,4585,6,2025-06-29,Credit Card
10222,3412,15,2023-04-20,Credit Card
10223,695,5,2023-08-13,Credit Card
10224,2667,13,2024-04-15,Cash
10225,3257,7,2024-05-29,Credit Card
10226,4531,2,2025-11-28,Cash
10227,1454,3,2024-03-13,Debit Card
10228,4037,9,2025-07-03,Debit Card
10229,4062,5,2023-08-10,Credit Card
10230,669,6,2024-07-16,UPI
10231,86,8,2023-12-09,Debit Card
10232,2983,14,2025-08-09,Cash
10233,4009,3,2025-11-06,Credit Card
10234,2850,1,2025-07-09,UPI
10235,4115,14,2024-11-15,Debit Card
10236,3185,13,2025-01-01,Cash
10237,3345,4,2025-04-26,Credit Card
10238,151,14,2025-04-10,Debit Card
10239,457,2,2023-05-04,Debit Card
10240,3700,9,2023-12-09,UPI
10241,3903,4,2023-12-08,UPI
10242,2793,9,2024-08-19,Debit Card
10243,3027,7,2025-03-12,Credit Card
10244,3142,15,2023-11-20,Credit Card
10245,541,7,2023-06-14,Net Banking
10246,3424,1,2023-05-01,Cash
10247,2485,2,2023-05-18,UPI
10248,3093,7,2023-02-16,Credit Card
10249,2897,12,2025-05-12,Cash
10250,3903,5,2024-09-11,UPI
10251,1657,7,2025-10-20,UPI
10252,1957,15,2024-03-13,UPI
10253,2054,3,2023-10-11,Credit Card
10254,3901,8,2024-08-14,UPI
10255,2242,4,2023-06-09,Debit Card
10256,918,8,2023-10-02,Credit Card
10257,4914,6,2023-01-15,Credit Card
10258,2542,9,2025-04-23,UPI
10259,560,6,2024-07-18,Cash
10260,3442,4,2023-01-12,UPI
10261,3777,3,2023-12-29,Cash
10262,2577,15,2024-09-16,UPI
10263,3307,14,2023-11-15,UPI
10264,902,4,2023-12-21,Debit Card
10265,1929,11,2024-12-24,Credit Card
10266,842,7,2025-07-20,UPI
10267,2034,8,2024-11-04,Debit Card
10268,2895,2,2024-07-10,UPI
10269,2306,9,2025-09-20,UPI
10270,3044,7,2024-01-26,UPI
10271,2583,7,2025-04-13,Credit Card
10272,1656,13,2024-07-18,Credit Card
10273,752,12,2025-08-28,Credit Card
10274,1309,10,2025-10-12,UPI
10275,1058,14,2024-01-12,Cash
10276,3621,15,2023-01-12,UPI
10277,4139,4,2025-09-27,Net Banking
10278,3682,7,2024-07-30,UPI
10279,3291,2,2024-04-29,Cash
10280,1594,11,2024-05-14,UPI
10281,3635,10,2024-05-30,Debit Card
10282,3102,14,2023-03-17,UPI
10283,246,14,2025-08-09,Debit Card
10284,4565,3,2023-05-28,Credit Card
10285,414,2,2025-04-16,Credit Card
10286,2585,12,2025-09-30,Debit Card
10287,2632,5,2023-05-18,UPI
10288,4220,1,2024-05-16,UPI
10289,4585,14,2024-02-15,Cash
10290,4717,13,2025-04-18,Cash
10291,2929,2,2025-12-01,Net Banking
10292,3487,15,2024-09-17,UPI
10293,456,15,2023-08-24,UPI
10294,2522,11,2024-01-11,UPI
10295,4528,6,2025-10-21,Debit Card
10296,2373,6,2025-11-06,UPI
10297,369,12,2023-12-24,UPI
10298,1057,8,2023-08-12,UPI
10299,2234,9,2023-09-04,Cash
10300,1230,9,2025-02-13,Credit Card
10301,2056,7,2023-07-06,UPI
10302,1727,12,2023-11-25,Credit Card
10303,1658,10,2023-07-09,UPI
10304,472,1,2024-11-22,UPI
10305,4446,4,2024-07-25,Debit Card
10306,3548,7,2023-01-11,Debit Card
10307,3187,2,2025-09-01,Credit Card
10308,3111,12,2024-02-09,UPI
10309,2075,9,2024-10-07,UPI
10310,4153,13,2023-10-21,Credit Card
10311,4675,1,2024-03-14,Credit Card
10312,23,9,2023-06-29,Cash
10313,413,15,2024-01-11,UPI
10314,3476,7,2025-09-18,Debit Card
10315,1225,13,2024-02-27,UPI
10316,4580,10,2023-09-23,Credit Card
10317,3421,6,2024-08-26,Credit Card
10318,1931,14,2025-10-12,UPI
10319,2167,12,2024-01-22,Cash
10320,3542,7,2024-02-24,UPI
10321,739,2,2024-06-09,UPI
10322,4452,10,2023-06-04,Debit Card
10323,19,12,2025-10-21,UPI
10324,4897,2,2024-11-04,UPI
10325,869,14,2025-03-15,Net Banking
10326,3795,3,2023-07-10,UPI
10327,205,6,2023-08-26,UPI
10328,2244,1,2025-04-25,UPI
10329,3217,11,2023-03-10,UPI
10330,370,4,2023-02-02,Net Banking
10331,2312,8,2023-10-01,UPI
10332,1570,8,2024-07-03,Cash
10333,2566,14,2023-10-12,Cash
10334,2597,5,2023-12-05,Credit Card
10335,3989,7,2023-05-26,Net Banking
10336,641,5,2024-11-03,UPI
10337,424,4,2025-07-14,Credit Card
10338,2103,6,2024-10-15,UPI
10339,4480,14,2024-10-25,Debit Card
10340,4325,8,2023-12-08,UPI
10341,2881,12,2023-10-18,Cash
10342,4486,10,2025-04-01,Credit Card
10343,4082,1,2023-12-28,UPI
10344,1442,3,2025-07-13,UPI
10345,887,4,2023-04-24,Debit Card
10346,1558,5,2024-02-19,Net Banking
10347,1185,1,2025-05-11,Net Banking
10348,3186,9,2024-05-05,Cash
10349,3000,8,2024-07-16,Credit Card
10350,3072,2,2024-11-21,Cash
10351,988,5,2024-11-09,Debit Card
10352,4024,9,2023-10-14,UPI
10353,2252,13,2024-12-15,UPI
10354,2453,3,2024-03-25,Credit Card
10355,4989,5,2025-11-06,UPI
10356,1462,9,2023-07-15,UPI
10357,2061,6,2024-02-13,Debit Card
10358,3482,13,2023-04-04,UPI
10359,4438,5,2024-02-04,Debit Card
10360,661,8,2025-01-29,UPI
10361,3751,14,2024-07-05,Cash
10362,4616,5,2023-01-10,UPI
10363,2210,9,2024-12-14,Net Banking
10364,1486,15,2023-12-01,UPI
10365,3486,11,2025-12-15,Credit Card
10366,1273,13,2024-03-16,Cash
10367,2016,3,2023-02-24,UPI
10368,4520,1,2023-06-26,Cash
10369,3028,4,2025-06-20,Net Banking
10370,491,7,2025-04-17,UPI
10371,1710,13,2024-11-13,Credit Card
10372,3203,3,2024-12-15,UPI
10373,2497,13,2025-08-20,Debit Card
10374,3381,10,2024-07-02,UPI
10375,3891,8,2025-01-31,Debit Card
10376,2490,2,2025-12-28,Debit Card
10377,4932,9,2025-07-29,Debit Card
10378,4592,15,2023-11-01,Credit Card
10379,314,14,2023-02-07,Credit Card
10380,1377,3,2024-05-24,UPI
10381,1555,11,2025-03-11,UPI
10382,961,14,2024-01-12,Cash
10383,1615,6,2024-02-08,Credit Card
10384,2218,7,2025-01-30,Credit Card
10385,270,5,2025-04-20,UPI
10386,666,10,2025-08-24,Cash
10387,498,13,2023-06-11,Debit Card
10388,242,5,2024-11-14,UPI
10389,2497,14,2024-08-07,UPI
10390,1736,1,2023-07-27,UPI
10391,4701,4,2023-07-28,Debit Card
10392,527,1,2023-03-08,UPI
10393,4652,9,2023-11-15,Net Banking
10394,448,9,2025-03-09,Credit Card
10395,3168,15,2023-03-29,Cash
10396,1282,5,2023-03-16,Debit Card
10397,4173,5,2024-04-11,UPI
10398,322,13,2024-08-10,Credit Card
10399,4776,5,2024-03-14,UPI
10400,249,15,2025-05-09,Net Banking
10401,1248,7,2024-02-01,UPI
10402,2413,15,2023-07-12,Debit Card
10403,3861,6,2024-07-06,Credit Card
10404,4767,2,2023-03-25,Debit Card
10405,2231,11,2023-01-25,UPI
10406,3867,10,2024-02-06,Net Banking
10407,3712,3,2024-02-22,Net Banking
10408,2937,5,2025-12-14,Credit Card
10409,3543,7,2024-05-22,UPI
10410,199,15,2025-04-07,Cash
10411,2301,2,2024-04-29,Debit Card
10412,3993,11,2025-12-01,Debit Card
10413,2463,4,2025-06-18,Cash
10414,4411,1,2024-12-24,Debit Card
10415,4207,7,2023-08-25,Cash
10416,4360,15,2023-03-26,Net Banking
10417,680,15,2023-08-22,UPI
10418,1268,11,2024-08-06,UPI
10419,154,14,2023-01-23,Credit Card
10420,4912,2,2024-09-09,Net Banking
10421,1225,8,2024-04-28,UPI
10422,1923,10,2025-05-21,Credit Card
10423,1424,12,2025-08-01,UPI
10424,205,11,2024-11-29,Cash
10425,1352,1,2023-04-06,Debit Card
10426,509,2,2025-06-26,Credit Card
10427,2062,8,2023-09-01,Debit Card
10428,4841,5,2023-04-05,UPI
10429,3581,14,2024-12-07,Cash
10430,3618,5,2023-07-02,UPI
10431,2358,11,2025-02-02,UPI
10432,4107,7,2023-06-18,UPI
10433,4565,14,2025-03-18,UPI
10434,4817,4,2023-08-10,Debit Card
10435,514,9,2023-03-10,Debit Card
10436,4436,3,2024-12-13,UPI
10437,1172,8,2025-02-17,Debit Card
10438,2080,3,2024-03-05,Credit Card
10439,1808,15,2023-02-26,Net Banking
10440,3476,8,2025-12-06,Debit Card
10441,3064,14,2023-09-21,Credit Card
10442,559,1,2023-12-29,UPI
10443,3980,10,2024-02-29,Credit Card
10444,2288,13,2024-03-11,UPI
10445,8,10,2025-06-01,Debit Card
10446,2163,7,2025-11-25,Credit Card
10447,2650,12,2023-10-04,UPI
10448,364,1,2025-04-05,UPI
10449,792,2,2023-05-31,Net Banking
10450,4968,11,2025-06-03,UPI
10451,4398,11,2024-01-17,Credit Card
10452,695,12,2023-10-26,Cash
10453,2978,12,2023-03-04,Debit Card
10454,1985,1,2024-09-16,Credit Card
10455,2798,10,2025-11-08,Debit Card
10456,2443,3,2025-07-05,UPI
10457,253,9,2025-08-01,Credit Card
10458,1639,1,2023-03-31,UPI
10459,653,3,2024-03-19,UPI
10460,2525,2,2023-11-01,UPI
10461,4564,5,2024-03-24,Cash
10462,4979,12,2025-06-29,Debit Card
10463,4737,15,2024-04-25,UPI
10464,4925,7,2025-02-10,Credit Card
10465,74,15,2024-08-31,UPI
10466,3723,6,2025-08-10,Cash
10467,1413,10,2025-06-27,Credit Card
10468,4373,5,2024-03-03,UPI
10469,4117,13,2024-01-05,Debit Card
10470,2214,3,2025-11-03,Net Banking
10471,2457,13,2023-08-02,Credit Card
10472,1371,7,2023-03-14,Debit Card
10473,1497,12,2025-12-08,UPI
10474,4904,9,2025-12-12,Debit Card
10475,4487,2,2023-12-07,Net Banking
10476,1002,6,2024-02-08,Debit Card
10477,1429,15,2024-12-31,UPI
10478,558,12,2023-10-07,Debit Card
10479,4947,5,2025-08-29,Cash
10480,4564,9,2023-02-17,Credit Card
10481,2837,8,2023-05-20,Debit Card
10482,3549,9,2024-10-31,UPI
10483,3825,7,2025-12-28,Credit Card
10484,1071,5,2025-10-11,UPI
10485,4697,4,2024-09-26,Cash
10486,2706,14,2023-10-03,UPI
10487,479,13,2023-04-02,UPI
10488,2079,8,2024-01-28,Credit Card
10489,3087,2,2024-07-02,Credit Card
10490,1845,1,2024-01-10,Cash
10491,3586,3,2025-06-30,UPI
10492,4443,7,2024-11-06,Debit Card
10493,3938,1,2025-05-05,Debit Card
10494,3285,5,2024-11-20,Debit Card
10495,2629,14,2024-04-25,UPI
10496,1316,15,2023-04-07,Credit Card
10497,2368,5,2025-09-30,UPI
10498,1517,3,2024-04-28,Debit Card
10499,4695,11,2024-04-30,Credit Card
10500,4564,1,2023-07-19,Net Banking
10501,809,5,2024-10-27,UPI
10502,4150,8,2024-10-11,Credit Card
10503,3601,9,2023-12-25,Debit Card
10504,4877,12,2025-07-26,UPI
10505,2410,13,2023-08-20,Net Banking
10506,3687,6,2025-07-02,Cash
10507,2657,1,2023-04-30,Cash
10508,368,14,2023-09-14,Debit Card
10509,244,13,2023-04-17,Credit Card
10510,631,15,2023-05-25,UPI
10511,1534,5,2025-06-19,UPI
10512,1345,2,2025-06-24,Net Banking
10513,3716,1,2025-03-05,UPI
10514,3658,13,2025-06-19,Cash
10515,4855,3,2025-10-28,UPI
10516,1604,11,2025-04-20,Credit Card
10517,4714,10,2023-11-29,Credit Card
10518,3138,5,2024-06-10,UPI
10519,2549,9,2025-11-17,UPI
10520,3423,7,2023-11-05,UPI
10521,3601,6,2023-07-31,Net Banking
10522,897,9,2025-05-23,Cash
10523,3841,14,2023-03-27,UPI
10524,3701,14,2025-11-14,UPI
10525,4992,6,2025-05-27,Credit Card
10526,4582,11,2024-03-14,UPI
10527,3511,4,2023-06-08,UPI
10528,3639,7,2023-08-20,Cash
10529,4744,13,2024-11-05,UPI
10530,4841,2,2024-11-10,Net Banking
10531,4174,2,2024-04-22,Debit Card
10532,3923,6,2025-03-06,Cash
10533,571,13,2024-08-01,Debit Card
10534,4188,5,2023-12-11,Credit Card
10535,1310,6,2023-09-11,Credit Card
10536,2901,2,2024-10-12,UPI
10537,2119,2,2024-04-15,Debit Card
10538,1809,1,2025-05-05,UPI
10539,1604,2,2024-02-03,UPI
10540,4326,14,2025-09-21,UPI
10541,3928,11,2025-12-10,UPI
10542,2687,10,2025-05-19,Credit Card
10543,3407,7,2024-01-12,Cash
10544,4922,2,2024-06-01,UPI
10545,2081,3,2023-01-25,Credit Card
10546,2834,11,2024-05-23,UPI
10547,2742,13,2023-01-08,Credit Card
10548,4703,6,2024-12-16,UPI
10549,1842,6,2024-09-28,Credit Card
10550,4929,10,2025-06-29,Credit Card
10551,1581,11,2025-04-03,Cash
10552,558,9,2025-01-31,UPI
10553,1000,12,2025-08-22,Cash
10554,2226,11,2024-09-03,Debit Card
10555,3324,12,2023-07-25,Cash
10556,2651,15,2023-11-16,Cash
10557,1973,15,2025-08-09,Debit Card
10558,2890,2,2023-11-30,Net Banking
10559,4227,15,2024-01-25,UPI
10560,4227,7,2025-01-30,UPI
10561,3706,1,2023-04-01,UPI
10562,4776,6,2024-04-08,Cash
10563,3027,9,2024-05-24,UPI
10564,31,8,2023-04-26,Cash
10565,1508,6,2024-05-11,UPI
10566,1699,13,2025-11-24,Cash
10567,2819,6,2023-08-20,Cash
10568,4559,6,2025-09-09,Debit Card
10569,4226,15,2024-07-13,Net Banking
10570,1209,8,2025-03-14,Debit Card
10571,2667,13,2023-12-07,UPI
10572,3375,2,2025-03-28,Net Banking
10573,4935,11,2025-03-19,Debit Card
10574,163,9,2024-11-25,Credit Card
10575,2412,10,2025-08-05,Credit Card
10576,4940,8,2025-09-07,Debit Card
10577,4891,2,2023-12-22,Debit Card
10578,1714,14,2024-08-06,Cash
10579,1,11,2024-10-22,UPI
10580,3010,8,2025-04-26,Net Banking
10581,4376,1,2024-02-15,UPI
10582,1677,6,2025-04-13,Credit Card
10583,4695,6,2024-02-12,UPI
10584,1727,9,2023-09-04,Credit Card
10585,3129,9,2025-06-21,Debit Card
10586,3687,5,2025-04-25,Credit Card
10587,1808,1,2025-01-06,UPI
10588,1843,12,2025-07-21,Credit Card
10589,2441,14,2023-01-26,Credit Card
10590,4213,11,2023-07-14,Cash
10591,521,1,2023-12-04,Credit Card
10592,3226,7,2024-10-20,Credit Card
10593,3486,11,2024-06-01,Cash
10594,2872,11,2024-10-31,Cash
10595,4702,4,2025-11-05,UPI
10596,3090,9,2025-02-10,UPI
10597,3248,3,2025-11-26,Cash
10598,3078,15,2023-11-06,Debit Card
10599,3687,6,2024-11-20,Debit Card
10600,706,9,2023-08-29,UPI
10601,4508,4,2024-02-10,Credit Card
10602,223,5,2024-12-29,Debit Card
10603,3280,5,2024-09-03,Credit Card
10604,3145,13,2025-01-17,Credit Card
10605,1085,5,2024-04-28,Debit Card
10606,211,2,2024-04-25,Credit Card
10607,727,11,2023-10-18,Debit Card
10608,1409,2,2024-02-05,UPI
10609,4443,15,2025-05-17,UPI
10610,4328,1,2025-04-21,UPI
10611,336,14,2024-02-02,Net Banking
10612,1501,13,2025-12-29,Debit Card
10613,4490,1,2023-07-05,UPI
10614,1227,4,2025-12-08,UPI
10615,4981,3,2024-05-05,UPI
10616,1331,4,2023-10-31,Debit Card
10617,3777,11,2025-03-04,Credit Card
10618,2173,12,2024-10-05,Credit Card
10619,712,15,2024-12-31,Debit Card
10620,1321,12,2024-11-13,Debit Card
10621,3476,6,2025-12-24,Debit Card
10622,1757,11,2025-08-25,UPI
10623,3099,1,2025-04-12,Cash
10624,1078,8,2024-10-28,UPI
10625,2347,8,2023-02-10,Debit Card
10626,2630,7,2025-09-10,UPI
10627,2158,12,2023-04-30,Cash
10628,1038,15,2024-12-13,Debit Card
10629,2402,11,2024-02-14,UPI
10630,3549,11,2025-09-06,Credit Card
10631,4839,4,2023-01-30,Debit Card
10632,4009,8,2025-02-06,UPI
10633,837,9,2025-04-09,UPI
10634,1412,15,2023-02-16,UPI
10635,410,5,2025-10-24,Cash
10636,707,6,2024-03-14,UPI
10637,1296,10,2023-05-05,UPI
10638,1050,8,2025-10-13,Cash
10639,1112,5,2023-01-02,UPI
10640,1201,12,2024-05-10,UPI
10641,1555,4,2023-04-14,Debit Card
10642,654,8,2024-11-11,Net Banking
10643,1442,14,2024-01-24,Credit Card
10644,3531,15,2023-08-25,Cash
10645,1225,3,2025-11-10,UPI
10646,897,15,2024-09-17,Debit Card
10647,357,6,2024-11-07,UPI
10648,2575,9,2024-04-12,Debit Card
10649,4247,6,2023-01-09,Credit Card
10650,309,14,2024-05-25,UPI
10651,2793,9,2025-11-29,Credit Card
10652,3330,8,2025-06-11,Debit Card
10653,3039,12,2023-07-16,Cash
10654,4425,9,2023-02-28,Cash
10655,4375,10,2025-11-04,Net Banking
10656,299,14,2023-11-27,Cash
10657,1890,9,2024-10-04,Credit Card
10658,3445,8,2025-10-10,Cash
10659,4776,9,2023-08-30,Debit Card
10660,4080,14,2023-06-13,Debit Card
10661,917,7,2024-05-12,UPI
10662,1452,7,2024-09-11,UPI
10663,3906,11,2024-09-10,UPI
10664,2447,4,2024-03-07,UPI
10665,2819,1,2025-06-29,Credit Card
10666,3124,15,2023-09-14,UPI
10667,530,7,2024-05-23,UPI
10668,4328,8,2024-12-04,Debit Card
10669,4358,12,2024-01-20,Credit Card
10670,2434,9,2023-08-19,UPI
10671,3202,1,2025-08-01,Cash
10672,3380,9,2023-12-07,UPI
10673,989,15,2024-05-29,Credit Card
10674,578,7,2024-03-06,Debit Card
10675,105,7,2024-04-22,UPI
10676,4584,3,2023-10-23,Credit Card
10677,1810,1,2025-12-04,UPI
10678,443,7,2023-09-27,UPI
10679,2427,13,2023-02-07,Debit Card
10680,397,10,2023-05-18,Cash
10681,439,8,2024-01-20,UPI
10682,2524,6,2025-09-27,Net Banking
10683,2617,14,2024-02-06,Credit Card
10684,2978,7,2025-12-16,Net Banking
10685,3361,9,2023-07-01,Credit Card
10686,3426,8,2023-10-26,Debit Card
10687,2248,14,2024-12-09,UPI
10688,3289,5,2023-10-04,Cash
10689,1581,12,2025-01-21,UPI
10690,2300,11,2025-10-26,Net Banking
10691,2057,4,2023-06-27,Credit Card
10692,1705,11,2023-10-04,UPI
10693,1239,4,2023-01-22,Debit Card
10694,409,4,2023-11-17,Cash
10695,2603,2,2024-03-07,Credit Card
10696,2763,10,2025-04-27,UPI
10697,1751,10,2025-03-26,Cash
10698,4880,7,2023-06-12,Credit Card
10699,2869,8,2023-07-30,UPI
10700,4488,12,2025-10-09,Cash
10701,2931,7,2025-12-03,Debit Card
10702,990,14,2023-11-06,Credit Card
10703,4873,15,2023-10-16,Credit Card
10704,4469,11,2023-06-12,Debit Card
10705,2446,10,2025-02-13,UPI
10706,1262,8,2025-06-03,Debit Card
10707,1162,11,2025-03-31,UPI
10708,4089,11,2023-06-16,UPI
10709,364,9,2024-05-10,UPI
10710,3265,8,2025-05-04,Cash
10711,3274,5,2024-11-23,Cash
10712,952,4,2023-02-20,Credit Card
10713,3608,5,2023-01-24,Credit Card
10714,3611,12,2025-05-31,Debit Card
10715,1836,11,2024-08-07,UPI
10716,2504,15,2023-05-15,Debit Card
10717,4203,13,2023-09-03,Debit Card
10718,2686,1,2024-11-27,UPI
10719,3160,5,2024-11-17,UPI
10720,2158,6,2023-12-20,Net Banking
10721,784,13,2023-10-27,UPI
10722,4995,9,2025-07-24,UPI
10723,2731,9,2025-07-26,Cash
10724,1751,10,2024-11-28,Cash
10725,3646,14,2024-08-11,UPI
10726,3175,12,2025-02-21,Cash
10727,1212,3,2023-11-14,Cash
10728,4423,13,2024-03-25,UPI
10729,373,13,2023-03-14,UPI
10730,3106,11,2024-05-24,UPI
10731,2485,8,2025-02-04,Debit Card
10732,1656,8,2023-04-29,Debit Card
10733,4169,9,2025-08-16,UPI
10734,3361,15,2023-10-27,UPI
10735,3882,1,2023-09-23,UPI
10736,2163,5,2025-09-25,Credit Card
10737,4729,5,2025-12-04,Cash
10738,1802,7,2023-09-25,UPI
10739,2730,11,2025-03-28,Cash
10740,4695,8,2023-09-10,Cash
10741,428,11,2023-01-06,UPI
10742,558,7,2025-01-03,Net Banking
10743,4972,15,2024-01-04,Credit Card
10744,4855,6,2023-06-28,Credit Card
10745,3938,4,2024-01-10,Debit Card
10746,2510,15,2023-09-15,Cash
10747,2603,9,2025-12-25,Debit Card
10748,1331,2,2024-09-04,Debit Card
10749,2248,6,2024-07-25,Credit Card
10750,2244,10,2024-08-19,Credit Card
10751,187,6,2024-01-01,UPI
10752,2358,11,2025-08-06,UPI
10753,2490,4,2025-08-31,Debit Card
10754,3411,13,2024-11-03,UPI
10755,2650,3,2024-08-15,Credit Card
10756,4351,11,2023-12-29,Credit Card
10757,1926,14,2024-12-25,UPI
10758,2139,3,2023-05-10,Net Banking
10759,2937,2,2024-02-08,UPI
10760,1065,3,2025-01-25,UPI
10761,2057,4,2025-06-21,Cash
10762,3523,10,2023-01-08,Cash
10763,2151,4,2025-04-02,Credit Card
10764,4563,14,2024-01-23,Net Banking
10765,3145,10,2024-12-28,Net Banking
10766,801,14,2025-08-06,UPI
10767,2521,15,2025-12-01,Credit Card
10768,3914,7,2024-12-19,UPI
10769,3289,4,2025-05-13,UPI
10770,4469,9,2024-11-15,UPI
10771,3835,8,2025-01-22,UPI
10772,322,1,2024-12-16,Cash
10773,578,10,2023-01-02,Cash
10774,3324,1,2024-11-12,Cash
10775,1239,13,2025-08-02,UPI
10776,3017,6,2025-01-31,Credit Card
10777,4025,4,2025-10-23,Debit Card
10778,2963,10,2024-02-19,Debit Card
10779,2167,6,2025-04-19,Credit Card
10780,3306,9,2025-01-21,UPI
10781,752,10,2025-08-04,Debit Card
10782,3689,5,2025-09-30,Cash
10783,3574,8,2024-02-03,UPI
10784,2640,2,2023-08-26,Credit Card
10785,1449,8,2023-12-06,Credit Card
10786,4053,8,2025-08-14,Debit Card
10787,2624,2,2025-10-20,Net Banking
10788,309,7,2025-12-22,Credit Card
10789,4616,8,2024-05-02,Credit Card
10790,3925,7,2025-03-13,UPI
10791,3000,6,2025-05-31,UPI
10792,2270,3,2025-06-21,UPI
10793,4813,11,2024-06-04,Cash
10794,3951,11,2025-03-11,Credit Card
10795,2750,3,2023-08-18,UPI
10796,3344,8,2025-10-30,Credit Card
10797,1457,4,2024-09-19,UPI
10798,1019,13,2024-08-25,Net Banking
10799,1416,15,2024-02-07,Credit Card
10800,1518,10,2025-05-15,UPI
10801,3781,8,2024-01-30,Debit Card
10802,732,15,2025-09-19,Cash
10803,3958,14,2025-02-13,Credit Card
10804,2687,13,2024-08-21,Debit Card
10805,2017,10,2024-09-04,UPI
10806,1554,6,2023-01-12,Credit Card
10807,2633,3,2025-08-25,Cash
10808,1654,12,2025-06-17,UPI
10809,2234,10,2024-06-12,UPI
10810,3776,2,2025-10-08,Debit Card
10811,3201,1,2023-05-18,Credit Card
10812,3825,12,2024-12-15,Debit Card
10813,3644,4,2023-10-26,UPI
10814,4118,8,2023-09-30,Cash
10815,1063,4,2024-05-23,Debit Card
10816,4975,8,2024-10-28,UPI
10817,2471,13,2025-06-13,UPI
10818,3670,8,2024-04-12,Net Banking
10819,3486,11,2023-01-17,Credit Card
10820,2915,1,2025-12-10,UPI
10821,4979,13,2023-04-13,UPI
10822,1133,6,2025-05-02,UPI
10823,2198,11,2025-05-23,Credit Card
10824,668,15,2025-05-28,Cash
10825,947,10,2023-11-23,UPI
10826,3644,8,2025-04-22,UPI
10827,19,8,2024-05-18,Cash
10828,4491,1,2025-03-04,Debit Card
10829,3238,8,2024-03-30,UPI
10830,2298,13,2025-07-29,UPI
10831,1720,9,2024-07-24,UPI
10832,659,11,2025-02-04,UPI
10833,4628,14,2025-10-08,Net Banking
10834,3639,6,2024-06-14,Debit Card
10835,1751,13,2025-10-20,Credit Card
10836,373,7,2023-01-14,Cash
10837,1684,6,2024-08-11,Credit Card
10838,964,5,2025-05-31,Credit Card
10839,3997,1,2023-10-30,UPI
10840,3678,2,2025-10-02,Debit Card
10841,2566,10,2023-12-05,Debit Card
10842,4470,2,2025-07-23,Cash
10843,939,11,2025-05-07,Credit Card
10844,2357,9,2023-07-23,UPI
10845,3634,6,2023-05-04,Credit Card
10846,359,3,2023-03-29,Net Banking
10847,1952,3,2025-05-03,UPI
10848,2937,14,2023-12-09,UPI
10849,1921,10,2023-11-14,UPI
10850,2490,10,2025-09-09,Cash
10851,3118,2,2025-04-02,UPI
10852,1931,7,2023-07-15,UPI
10853,546,14,2024-04-29,Net Banking
10854,729,1,2025-04-10,Debit Card
10855,2707,1,2025-02-24,UPI
10856,912,14,2023-08-20,UPI
10857,4491,10,2024-10-08,Credit Card
10858,4209,3,2025-11-18,UPI
10859,1829,1,2024-04-09,Debit Card
10860,4190,13,2024-12-27,Credit Card
10861,2739,11,2025-04-15,Credit Card
10862,830,14,2025-01-18,Credit Card
10863,3141,3,2023-04-02,UPI
10864,3490,15,2023-05-28,UPI
10865,433,12,2023-04-14,UPI
10866,1635,9,2024-03-17,Debit Card
10867,22,7,2023-02-21,Credit Card
10868,1648,13,2023-03-12,Debit Card
10869,1744,9,2023-12-18,Cash
10870,3217,7,2024-06-27,Net Banking
10871,1047,11,2024-03-09,UPI
10872,158,14,2024-01-04,UPI
10873,1642,9,2024-11-10,Cash
10874,4165,11,2025-06-21,Credit Card
10875,2090,13,2024-04-30,Cash
10876,2166,3,2025-05-19,UPI
10877,2438,7,2025-09-30,UPI
10878,3841,6,2024-03-11,UPI
10879,2490,2,2023-05-27,Net Banking
10880,473,6,2025-03-28,UPI
10881,1078,3,2023-02-26,UPI
10882,980,2,2024-02-17,Credit Card
10883,2611,5,2023-09-23,Cash
10884,156,5,2025-12-01,Cash
10885,1472,11,2023-01-14,UPI
10886,3115,2,2023-07-26,Cash
10887,1859,3,2025-12-04,UPI
10888,3624,8,2023-03-30,UPI
10889,2053,15,2024-01-30,UPI
10890,4897,5,2024-02-26,Debit Card
10891,4839,8,2024-08-16,UPI
10892,4062,10,2025-12-08,Cash
10893,4784,4,2025-11-04,Net Banking
10894,1075,4,2023-02-21,UPI
10895,3839,13,2025-01-31,Cash
10896,1665,6,2024-08-30,Cash
10897,3702,10,2024-10-24,Debit Card
10898,1959,11,2023-02-21,Credit Card
10899,1501,14,2024-05-21,Debit Card
10900,4811,14,2024-02-24,Credit Card
10901,1092,15,2024-05-01,Debit Card
10902,3876,5,2024-12-09,UPI
10903,3474,5,2023-07-15,UPI
10904,1572,9,2023-02-12,Credit Card
10905,2388,6,2023-06-04,UPI
10906,752,14,2024-01-20,UPI
10907,4627,15,2024-01-24,Debit Card
10908,4842,3,2024-04-28,UPI
10909,3738,11,2024-12-31,UPI
10910,4290,4,2025-08-04,UPI
10911,424,9,2025-03-13,UPI
10912,2014,6,2025-08-14,UPI
10913,1716,11,2023-09-13,Cash
10914,2909,14,2023-08-18,Credit Card
10915,956,8,2024-12-12,Credit Card
10916,2899,11,2023-03-05,Credit Card
10917,3353,7,2024-02-20,UPI
10918,693,12,2024-04-07,Net Banking
10919,688,1,2024-08-30,Cash
10920,186,1,2023-10-09,UPI
10921,3890,10,2025-11-22,UPI
10922,1717,14,2024-08-12,Debit Card
10923,1173,7,2025-01-18,Credit Card
10924,3959,13,2023-07-26,UPI
10925,752,2,2023-10-26,UPI
10926,2231,9,2024-05-15,Credit Card
10927,3806,14,2024-04-06,Cash
10928,2946,12,2023-02-05,UPI
10929,2849,10,2023-09-28,Credit Card
10930,820,12,2024-05-05,Credit Card
10931,940,9,2025-12-07,Credit Card
10932,2989,14,2024-06-13,Cash
10933,123,12,2024-03-26,Credit Card
10934,4390,2,2025-12-26,Debit Card
10935,1838,9,2025-04-04,Cash
10936,2171,9,2023-11-14,UPI
10937,1340,10,2023-06-12,UPI
10938,4422,6,2024-05-27,UPI
10939,3285,5,2025-12-20,Debit Card
10940,2349,10,2023-11-20,UPI
10941,3003,2,2025-04-27,UPI
10942,1992,6,2025-05-26,Net Banking
10943,2424,11,2024-04-11,Debit Card
10944,1874,9,2024-07-16,Cash
10945,2143,3,2023-05-15,Net Banking
10946,1637,3,2024-10-24,Net Banking
10947,406,11,2023-06-24,UPI
10948,195,4,2023-01-20,Credit Card
10949,910,15,2024-09-26,Net Banking
10950,1301,10,2025-02-01,UPI
10951,4495,11,2025-05-10,Cash
10952,3135,12,2024-10-19,Cash
10953,4807,4,2023-03-17,Credit Card
10954,1767,15,2023-08-07,Credit Card
10955,2102,1,2024-06-19,UPI
10956,3678,2,2025-04-27,Credit Card
10957,2968,6,2023-02-11,UPI
10958,2711,5,2025-03-11,UPI
10959,2957,10,2023-04-28,Cash
10960,2999,4,2024-09-13,Credit Card
10961,3916,10,2023-12-28,Debit Card
10962,3425,9,2025-07-27,Net Banking
10963,4804,2,2024-03-31,UPI
10964,4754,15,2024-10-06,UPI
10965,2200,12,2025-02-25,Credit Card
10966,187,8,2025-08-22,Net Banking
10967,51,15,2023-07-03,Debit Card
10968,638,12,2023-05-12,Debit Card
10969,394,11,2024-03-11,Debit Card
10970,1957,4,2024-01-08,Credit Card
10971,280,9,2023-11-23,Credit Card
10972,3195,4,2024-12-27,Net Banking
10973,992,2,2023-01-14,Cash
10974,2638,14,2024-06-05,Debit Card
10975,530,14,2025-06-14,Debit Card
10976,4179,6,2023-03-30,Credit Card
10977,3967,13,2024-05-25,UPI
10978,2027,12,2024-03-29,Credit Card
10979,4577,14,2024-07-06,UPI
10980,969,9,2023-09-06,UPI
10981,4118,7,2024-05-02,Credit Card
10982,2813,1,2023-05-22,UPI
10983,1709,14,2024-05-16,Credit Card
10984,435,9,2025-02-15,UPI
10985,894,6,2024-10-13,UPI
10986,4358,9,2023-12-21,UPI
10987,3113,2,2023-09-11,Cash
10988,1230,11,2025-01-20,Debit Card
10989,2551,7,2025-07-16,Cash
10990,552,8,2025-05-04,UPI
10991,513,8,2024-08-14,Cash
10992,4565,5,2023-12-29,Net Banking
10993,2387,7,2023-07-14,UPI
10994,1894,14,2024-11-17,Debit Card
10995,4758,7,2023-08-09,UPI
10996,2090,3,2025-11-02,Credit Card
10997,1751,11,2023-04-20,UPI
10998,1413,11,2024-03-06,Cash
10999,2909,2,2025-07-05,Credit Card
11000,2876,15,2024-04-27,Debit Card
11001,81,15,2024-09-26,Credit Card
11002,3349,5,2023-05-22,UPI
11003,4007,4,2024-08-08,UPI
11004,3146,8,2025-04-09,Credit Card
11005,4393,12,2025-05-03,UPI
11006,1432,14,2024-03-09,UPI
11007,1002,5,2025-02-21,UPI
11008,3575,13,2024-11-18,UPI
11009,982,9,2024-03-24,UPI
11010,471,7,2025-12-20,UPI
11011,500,11,2024-03-31,Debit Card
11012,3927,1,2024-04-22,UPI
11013,151,2,2023-01-21,Credit Card
11014,1501,8,2024-11-12,UPI
11015,674,10,2023-11-04,UPI
11016,3854,13,2023-09-24,UPI
11017,2592,8,2025-02-05,UPI
11018,1078,2,2025-05-26,Credit Card
11019,3837,13,2025-10-08,Credit Card
11020,3836,7,2024-06-12,Credit Card
11021,2685,8,2025-09-07,UPI
11022,1431,4,2023-01-02,Cash
11023,3008,3,2024-08-13,Cash
11024,4695,15,2023-02-02,Debit Card
11025,270,10,2023-12-21,UPI
11026,1380,9,2023-06-30,UPI
11027,1474,2,2025-07-01,Debit Card
11028,3229,14,2025-11-29,Net Banking
11029,3333,3,2023-10-17,Cash
11030,1078,8,2023-02-12,UPI
11031,1126,2,2023-12-16,UPI
11032,4666,5,2023-09-13,Cash
11033,3862,10,2025-07-21,Credit Card
11034,4695,12,2024-05-24,Credit Card
11035,4186,8,2023-09-12,UPI
11036,2103,7,2025-03-24,Cash
11037,630,4,2023-12-22,UPI
11038,3213,10,2023-04-21,Debit Card
11039,1842,9,2024-08-25,Debit Card
11040,2221,2,2023-04-18,Credit Card
11041,2224,13,2025-11-25,Credit Card
11042,4703,13,2023-03-14,Credit Card
11043,364,7,2024-02-06,UPI
11044,1007,7,2025-04-10,UPI
11045,3118,15,2024-10-04,Cash
11046,4454,7,2023-11-08,Debit Card
11047,4613,7,2025-07-18,Debit Card
11048,2877,5,2025-03-06,UPI
11049,181,1,2024-12-05,Credit Card
11050,1899,4,2024-07-09,UPI
11051,4616,5,2023-11-28,Debit Card
11052,2575,13,2023-12-07,UPI
11053,3708,10,2024-11-16,UPI
11054,1394,4,2023-06-28,Credit Card
11055,133,13,2024-11-13,UPI
11056,2971,7,2023-10-05,UPI
11057,4211,13,2023-10-30,Debit Card
11058,4951,2,2025-08-26,Net Banking
11059,4275,2,2025-07-10,UPI
11060,2849,11,2025-01-17,Debit Card
11061,3122,2,2024-05-09,Debit Card
11062,4157,10,2024-04-16,Debit Card
11063,100,3,2023-11-01,Credit Card
11064,4771,5,2025-07-27,Credit Card
11065,2730,14,2025-01-20,Debit Card
11066,4775,10,2024-03-25,Net Banking
11067,3912,9,2023-04-21,Debit Card
11068,797,3,2025-07-09,UPI
11069,859,6,2025-01-31,Debit Card
11070,1852,6,2024-02-16,Cash
11071,1367,11,2025-04-17,Credit Card
11072,2285,6,2024-11-24,UPI
11073,3098,5,2023-02-26,Debit Card
11074,2269,14,2023-10-26,Debit Card
11075,296,14,2024-07-29,UPI
11076,4879,2,2024-11-26,UPI
11077,2219,1,2025-03-02,Debit Card
11078,4301,5,2023-01-04,Net Banking
11079,391,8,2023-11-05,UPI
11080,4101,10,2025-11-05,Debit Card
11081,904,5,2025-07-21,Credit Card
11082,3489,14,2025-07-05,UPI
11083,3389,3,2025-08-13,Cash
11084,4573,3,2024-01-12,Net Banking
11085,1663,2,2023-08-24,UPI
11086,558,7,2024-02-17,Debit Card
11087,4366,13,2025-02-16,Debit Card
11088,1722,14,2024-02-26,Net Banking
11089,1211,2,2023-03-19,UPI
11090,2517,6,2023-07-14,Net Banking
11091,767,12,2025-01-06,UPI
11092,1539,8,2025-04-22,Cash
11093,2021,8,2025-12-11,Cash
11094,1439,2,2023-09-14,Cash
11095,2350,6,2023-03-16,UPI
11096,2017,12,2025-04-13,Debit Card
11097,3946,3,2025-08-03,UPI
11098,4616,9,2023-05-12,UPI
11099,522,3,2025-05-28,Cash
11100,4153,1,2023-08-07,Credit Card
11101,4685,13,2023-03-25,UPI
11102,3523,9,2023-08-28,Debit Card
11103,4985,13,2025-09-27,Cash
11104,1741,8,2025-09-13,Credit Card
11105,4188,12,2025-11-29,UPI
11106,3469,13,2024-06-19,Credit Card
11107,1671,2,2024-11-11,Credit Card
11108,3606,10,2024-11-16,Debit Card
11109,2620,14,2024-02-12,Cash
11110,987,10,2025-06-09,Net Banking
11111,907,3,2025-09-17,UPI
11112,3644,7,2023-07-28,UPI
11113,3639,6,2023-05-28,Cash
11114,2728,8,2023-07-20,Credit Card
11115,2582,10,2024-11-26,Debit Card
11116,934,13,2024-04-16,Credit Card
11117,2232,5,2025-04-08,Cash
11118,4399,5,2024-07-31,Credit Card
11119,4322,2,2023-11-11,Net Banking
11120,3383,6,2024-05-12,Credit Card
11121,4991,12,2024-11-29,UPI
11122,4507,12,2025-06-19,UPI
11123,761,11,2023-10-27,Cash
11124,2090,13,2023-07-29,Net Banking
11125,690,13,2023-09-08,Cash
11126,2427,11,2023-03-06,Debit Card
11127,3955,5,2024-09-05,Credit Card
11128,809,9,2023-08-08,UPI
11129,4438,14,2023-08-19,UPI
11130,2926,3,2025-06-11,Debit Card
11131,3830,15,2025-04-20,UPI
11132,236,5,2024-08-24,Cash
11133,485,3,2023-07-03,Net Banking
11134,3175,9,2024-08-03,UPI
11135,4226,9,2024-05-06,UPI
11136,4411,14,2023-10-14,UPI
11137,3531,10,2024-05-08,UPI
11138,1059,13,2023-07-02,Debit Card
11139,1014,7,2025-03-20,Credit Card
11140,4441,15,2024-12-16,Credit Card
11141,584,14,2023-08-05,Credit Card
11142,3523,1,2023-03-27,UPI
11143,2742,9,2024-07-18,UPI
11144,2194,14,2024-02-03,UPI
11145,2294,9,2023-08-02,Credit Card
11146,4740,10,2025-05-26,Cash
11147,4350,5,2025-12-26,Net Banking
11148,4369,11,2025-04-24,Debit Card
11149,2121,2,2024-05-26,UPI
11150,548,13,2025-06-06,Credit Card
11151,4995,1,2025-03-24,UPI
11152,762,2,2024-02-10,UPI
11153,2647,4,2024-07-30,Net Banking
11154,1370,4,2025-09-09,UPI
11155,2624,1,2024-10-02,Credit Card
11156,1582,13,2025-05-06,Cash
11157,4520,13,2025-11-15,Net Banking
11158,4844,8,2024-05-11,UPI
11159,2141,10,2024-04-15,UPI
11160,370,12,2025-07-05,Credit Card
11161,3399,15,2025-12-27,Credit Card
11162,1974,8,2025-09-03,UPI
11163,4927,8,2025-12-04,UPI
11164,461,5,2023-11-04,UPI
11165,614,10,2023-06-03,UPI
11166,3588,2,2023-06-25,UPI
11167,3876,4,2023-09-23,UPI
11168,2446,1,2025-01-04,UPI
11169,1439,10,2025-09-24,Cash
11170,1604,1,2024-10-21,Credit Card
11171,1762,12,2025-08-11,Credit Card
11172,1172,10,2025-01-25,UPI
11173,4301,3,2023-01-07,Debit Card
11174,343,4,2024-08-10,UPI
11175,2125,12,2025-11-13,Net Banking
11176,3824,11,2024-03-02,Cash
11177,12,12,2023-10-10,Credit Card
11178,4426,11,2024-04-06,Debit Card
11179,3616,3,2024-06-20,UPI
11180,389,12,2023-10-22,Credit Card
11181,4513,11,2023-10-29,Cash
11182,2521,3,2024-02-07,UPI
11183,3339,8,2024-06-24,UPI
11184,4443,4,2023-10-26,Debit Card
11185,4441,3,2023-10-22,Credit Card
11186,2134,9,2024-11-03,Debit Card
11187,1233,12,2025-12-29,Cash
11188,1333,12,2024-01-09,UPI
11189,3916,1,2025-08-08,Credit Card
11190,4673,8,2025-07-10,Credit Card
11191,380,5,2023-05-05,Debit Card
11192,72,14,2024-05-10,Cash
11193,4151,8,2023-10-18,Credit Card
11194,2027,10,2025-05-24,UPI
11195,1432,3,2025-05-31,Cash
11196,982,15,2025-09-10,Cash
11197,1813,6,2025-07-14,UPI
11198,4856,11,2024-04-14,Debit Card
11199,4890,14,2023-08-02,UPI
11200,1721,7,2024-08-13,UPI
11201,4832,8,2024-02-18,UPI
11202,1553,7,2024-09-11,Credit Card
11203,4320,7,2024-05-29,UPI
11204,1103,2,2025-02-14,UPI
11205,4170,3,2023-03-18,Debit Card
11206,1852,6,2023-12-29,Debit Card
11207,1019,3,2023-05-29,UPI
11208,4698,9,2023-12-31,Credit Card
11209,1114,9,2025-08-08,Credit Card
11210,4959,6,2025-04-07,Credit Card
11211,557,1,2023-05-03,Net Banking
11212,46,1,2023-12-19,Credit Card
11213,4397,15,2025-09-16,Credit Card
11214,3010,15,2023-02-08,UPI
11215,2197,4,2024-09-28,UPI
11216,422,11,2025-03-24,Cash
11217,2952,10,2024-04-18,Net Banking
11218,2059,8,2025-12-03,UPI
11219,2506,3,2025-04-11,Cash
11220,3217,4,2023-08-12,Credit Card
11221,3274,12,2023-01-22,Credit Card
11222,4816,11,2024-03-01,UPI
11223,3354,6,2024-05-23,Credit Card
11224,1767,11,2025-03-26,Net Banking
11225,1709,9,2025-08-23,UPI
11226,2478,4,2023-12-13,UPI
11227,1346,3,2024-04-26,Debit Card
11228,1973,10,2023-01-29,UPI
11229,4248,10,2024-03-25,UPI
11230,4338,9,2023-06-27,UPI
11231,3207,7,2023-02-07,Net Banking
11232,2991,9,2023-10-31,Credit Card
11233,2231,11,2025-03-22,UPI
11234,3254,10,2025-06-03,UPI
11235,4089,6,2024-12-10,UPI
11236,3770,4,2025-02-14,Credit Card
11237,186,5,2025-03-28,UPI
11238,3733,10,2024-09-25,Credit Card
11239,3679,12,2023-11-15,Cash
11240,514,2,2023-05-11,Cash
11241,789,3,2025-07-08,Credit Card
11242,4007,5,2023-06-28,Debit Card
11243,2878,13,2023-07-10,Debit Card
11244,4146,3,2025-04-25,UPI
11245,965,3,2024-06-20,Debit Card
11246,161,9,2025-10-22,Cash
11247,842,4,2025-04-20,Cash
11248,2357,14,2024-06-26,Credit Card
11249,2687,4,2023-04-26,UPI
11250,4337,1,2025-03-20,UPI
11251,3659,12,2024-02-10,Credit Card
11252,4951,7,2025-06-27,Credit Card
11253,410,13,2023-02-06,UPI
11254,680,10,2023-05-03,UPI
11255,435,13,2024-11-16,UPI
11256,2770,9,2023-07-04,UPI
11257,1380,12,2025-07-31,Net Banking
11258,3508,8,2025-08-21,UPI
11259,694,12,2024-07-04,UPI
11260,530,2,2024-02-17,Credit Card
11261,2397,6,2024-07-11,Debit Card
11262,1972,10,2024-01-08,Debit Card
11263,4184,10,2024-06-27,Net Banking
11264,4224,15,2025-05-18,UPI
11265,601,5,2023-01-10,Cash
11266,4112,8,2024-07-22,Cash
11267,2904,1,2023-08-01,Credit Card
11268,2593,9,2025-08-19,Net Banking
11269,491,9,2025-03-28,UPI
11270,3780,13,2024-08-13,UPI
11271,312,11,2025-12-11,Debit Card
11272,1440,12,2025-04-25,Net Banking
11273,494,7,2025-07-13,UPI
11274,2728,8,2025-01-26,Debit Card
11275,3300,13,2024-09-23,Net Banking
11276,4495,9,2025-04-19,UPI
11277,3744,13,2023-12-08,UPI
11278,4817,15,2024-03-07,Debit Card
11279,3891,5,2024-08-31,Debit Card
11280,1543,14,2024-11-24,UPI
11281,2819,11,2024-05-05,Net Banking
11282,2387,14,2023-09-30,Credit Card
11283,2914,2,2023-03-15,UPI
11284,2939,14,2025-09-25,Cash
11285,3601,15,2025-08-22,Credit Card
11286,427,14,2024-02-29,Credit Card
11287,3818,1,2023-07-09,Credit Card
11288,753,5,2023-08-02,Debit Card
11289,141,8,2025-02-05,UPI
11290,2665,10,2025-02-15,UPI
11291,2983,15,2024-07-22,Cash
11292,182,4,2024-01-22,Debit Card
11293,2645,4,2025-09-28,UPI
11294,2747,4,2023-09-29,Credit Card
11295,278,8,2025-07-10,UPI
11296,3638,13,2023-10-19,Cash
11297,1094,7,2025-09-17,UPI
11298,4038,13,2025-09-13,UPI
11299,1609,11,2024-08-04,Debit Card
11300,2485,1,2024-01-22,Net Banking
11301,4498,10,2025-12-22,Credit Card
11302,4089,6,2025-01-02,Cash
11303,3974,4,2024-01-20,Credit Card
11304,835,2,2023-01-28,Debit Card
11305,253,3,2024-08-26,Credit Card
11306,3107,4,2024-09-06,Debit Card
11307,2143,10,2024-08-09,UPI
11308,4570,7,2025-06-17,Credit Card
11309,1832,1,2023-03-08,Net Banking
11310,2143,1,2023-07-22,Debit Card
11311,2702,3,2025-10-03,UPI
11312,4048,2,2023-01-10,UPI
11313,1391,3,2024-11-01,Debit Card
11314,4728,3,2023-02-21,UPI
11315,2780,11,2025-02-14,UPI
11316,4243,13,2024-07-28,Debit Card
11317,2701,1,2025-10-16,Credit Card
11318,3938,13,2024-07-04,Debit Card
11319,270,6,2024-01-18,UPI
11320,4062,8,2023-12-22,UPI
11321,2691,5,2025-10-24,Credit Card
11322,2349,1,2025-01-05,Debit Card
11323,572,11,2024-05-13,Cash
11324,3793,10,2023-03-27,UPI
11325,685,11,2024-05-19,Cash
11326,1004,7,2023-07-21,Debit Card
11327,659,11,2025-09-25,Credit Card
11328,24,15,2024-07-10,Debit Card
11329,3390,13,2024-02-26,Debit Card
11330,1404,10,2025-03-11,UPI
11331,783,9,2023-01-28,UPI
11332,1662,12,2023-11-10,UPI
11333,2571,7,2024-06-16,Net Banking
11334,2591,9,2024-07-12,Cash
11335,1924,10,2024-05-02,UPI
11336,2548,9,2024-04-17,Debit Card
11337,2231,13,2025-10-21,Cash
11338,4150,2,2023-01-01,Cash
11339,154,8,2023-04-15,Credit Card
11340,4383,12,2023-05-06,Debit Card
11341,1266,15,2025-10-02,Credit Card
11342,3685,7,2023-03-26,UPI
11343,2119,12,2025-03-09,Credit Card
11344,1522,7,2024-02-21,UPI
11345,3145,2,2023-12-29,Credit Card
11346,3927,1,2025-05-03,UPI
11347,2349,4,2024-12-08,Debit Card
11348,2429,7,2025-03-13,Net Banking
11349,309,6,2023-01-18,Debit Card
11350,4641,10,2024-11-20,Credit Card
11351,4276,2,2024-05-19,Credit Card
11352,2084,7,2023-06-14,Credit Card
11353,3914,10,2023-03-20,Debit Card
11354,1629,11,2025-02-06,UPI
11355,3727,9,2023-07-07,Cash
11356,2650,2,2024-03-27,UPI
11357,2399,10,2024-04-16,Cash
11358,297,15,2023-04-15,Credit Card
11359,4839,11,2024-07-29,Credit Card
11360,4222,15,2025-05-11,UPI
11361,4032,5,2024-09-11,Credit Card
11362,1582,11,2025-03-20,UPI
11363,1502,2,2024-03-28,Cash
11364,2944,1,2023-04-21,UPI
11365,4274,11,2023-02-07,UPI
11366,4697,7,2023-12-26,UPI
11367,1393,2,2025-05-24,Credit Card
11368,3115,6,2024-11-20,Credit Card
11369,3693,7,2024-03-19,UPI
11370,1178,1,2023-10-20,Cash
11371,2127,11,2024-10-24,UPI
11372,977,12,2025-09-20,Credit Card
11373,3584,9,2025-07-29,UPI
11374,4361,6,2024-01-29,UPI
11375,4425,2,2024-02-01,UPI
11376,3441,1,2025-01-12,UPI
11377,1816,1,2025-05-21,Cash
11378,3384,2,2024-01-02,Debit Card
11379,4363,12,2024-11-20,Debit Card
11380,3200,9,2023-10-03,UPI
11381,2158,2,2023-04-10,Credit Card
11382,4620,15,2025-02-15,Credit Card
11383,4213,1,2024-11-15,UPI
11384,4445,13,2025-04-11,UPI
11385,4552,4,2024-04-14,Debit Card
11386,2060,14,2025-07-11,UPI
11387,4338,13,2025-08-08,Credit Card
11388,2932,9,2024-04-11,Cash
11389,199,12,2025-10-30,Credit Card
11390,3254,8,2024-06-03,Debit Card
11391,2444,7,2025-07-29,Cash
11392,1426,8,2024-09-03,Debit Card
11393,4851,2,2023-10-18,UPI
11394,288,5,2023-09-20,UPI
11395,4742,12,2024-01-18,UPI
11396,831,15,2024-07-18,Credit Card
11397,1974,15,2023-02-27,UPI
11398,2173,12,2024-11-10,Credit Card
11399,3732,7,2025-01-08,Cash
11400,1123,1,2023-10-05,Net Banking
11401,4929,6,2024-07-06,Debit Card
11402,3830,7,2025-04-26,Cash
11403,4012,8,2024-03-03,UPI
11404,546,5,2025-03-21,UPI
11405,2475,14,2024-05-07,Cash
11406,4742,8,2023-08-29,Debit Card
11407,1397,10,2023-04-24,UPI
11408,763,11,2024-12-02,Credit Card
11409,2515,1,2023-09-08,Net Banking
11410,4678,15,2023-06-15,Net Banking
11411,2521,14,2024-07-26,Credit Card
11412,2118,4,2024-10-14,UPI
11413,3328,13,2023-06-04,UPI
11414,4706,11,2023-02-09,Cash
11415,255,6,2024-07-14,Debit Card
11416,800,4,2025-04-30,Credit Card
11417,694,13,2024-10-25,UPI
11418,440,5,2024-01-20,Credit Card
11419,1563,11,2023-07-24,Credit Card
11420,1194,12,2023-03-11,Credit Card
11421,2824,11,2023-11-06,UPI
11422,1694,2,2025-06-05,Credit Card
11423,2119,7,2023-09-14,Debit Card
11424,4728,9,2023-03-29,Cash
11425,809,7,2025-05-21,UPI
11426,2038,1,2025-05-23,Cash
11427,1331,2,2025-04-06,UPI
11428,2825,12,2024-02-26,Credit Card
11429,3758,11,2023-09-06,UPI
11430,4125,8,2024-12-27,Cash
11431,2644,1,2024-11-21,Credit Card
11432,4324,2,2025-11-10,Debit Card
11433,3989,5,2024-07-27,Credit Card
11434,816,14,2023-01-23,Credit Card
11435,1273,15,2023-08-08,UPI
11436,3451,6,2023-08-05,Net Banking
11437,4874,1,2025-12-24,Debit Card
11438,1972,1,2024-11-10,Credit Card
11439,1195,2,2025-01-15,UPI
11440,4390,3,2025-01-11,Credit Card
11441,1051,9,2024-10-11,UPI
11442,3575,3,2025-09-14,Debit Card
11443,179,8,2025-04-22,UPI
11444,93,6,2023-07-20,Debit Card
11445,2357,10,2025-11-12,Cash
11446,3361,5,2024-08-05,Cash
11447,748,9,2023-09-27,UPI
11448,3907,15,2024-09-19,UPI
11449,672,8,2025-03-08,UPI
11450,2743,14,2025-08-26,Credit Card
11451,1596,11,2024-08-12,Credit Card
11452,3844,3,2025-10-25,UPI
11453,4078,7,2024-06-01,Credit Card
11454,349,14,2025-01-14,Debit Card
11455,1004,14,2024-12-23,Net Banking
11456,4501,4,2024-11-16,Debit Card
11457,2168,8,2024-07-28,UPI
11458,2477,7,2023-06-06,UPI
11459,874,3,2023-09-03,Credit Card
11460,4974,7,2024-04-27,Net Banking
11461,4640,6,2024-01-09,Debit Card
11462,7,6,2023-08-22,Cash
11463,2832,14,2024-04-19,UPI
11464,4402,11,2025-02-19,Credit Card
11465,2240,10,2024-07-01,UPI
11466,2270,3,2025-07-13,UPI
11467,1986,4,2025-02-10,Cash
11468,151,13,2023-08-20,Debit Card
11469,4013,4,2025-04-03,UPI
11470,2382,15,2023-01-10,Cash
11471,2730,6,2024-12-30,Debit Card
11472,1324,13,2025-04-28,Credit Card
11473,3986,9,2023-07-30,UPI
11474,4034,5,2023-01-06,Cash
11475,2839,8,2023-01-28,Debit Card
11476,4557,5,2023-05-11,Cash
11477,594,15,2023-04-12,Net Banking
11478,4000,15,2023-06-26,UPI
11479,2877,6,2023-10-09,Debit Card
11480,1202,6,2025-09-20,UPI
11481,692,4,2023-09-03,Credit Card
11482,1557,10,2024-08-22,Debit Card
11483,4331,10,2024-06-20,Credit Card
11484,4005,5,2024-09-04,Credit Card
11485,3299,4,2023-07-28,UPI
11486,464,2,2023-09-14,Debit Card
11487,4786,2,2024-10-06,UPI
11488,1585,8,2024-08-30,UPI
11489,3113,15,2025-03-23,UPI
11490,4075,4,2023-02-23,UPI
11491,695,13,2024-03-18,Credit Card
11492,3338,14,2023-05-20,UPI
11493,166,9,2023-12-30,UPI
11494,523,12,2023-01-27,UPI
11495,3688,6,2024-07-15,Cash
11496,806,12,2024-04-15,Cash
11497,2312,12,2025-04-05,Debit Card
11498,1284,13,2024-01-03,Credit Card
11499,2193,5,2025-02-16,Cash
11500,404,7,2025-07-01,UPI
11501,3854,6,2023-02-26,Debit Card
11502,411,4,2025-10-24,UPI
11503,4226,10,2023-12-19,Credit Card
11504,3395,9,2025-01-26,Net Banking
11505,2170,6,2024-08-25,Cash
11506,4375,3,2024-04-18,Credit Card
11507,973,4,2023-11-25,Cash
11508,1370,4,2023-01-21,UPI
11509,717,8,2023-09-23,Cash
11510,2001,5,2025-04-21,Cash
11511,4931,8,2024-05-26,Debit Card
11512,836,13,2024-11-21,UPI
11513,4190,11,2023-05-12,Cash
11514,3338,8,2024-04-30,UPI
11515,78,6,2024-05-24,UPI
11516,4740,13,2024-06-16,Credit Card
11517,4854,5,2023-02-11,UPI
11518,4646,14,2023-03-01,UPI
11519,2583,2,2024-09-16,Credit Card
11520,1148,15,2024-06-27,UPI
11521,2053,1,2023-04-24,Credit Card
11522,3141,7,2024-01-11,UPI
11523,1983,10,2023-09-09,UPI
11524,3626,12,2025-01-03,Debit Card
11525,4044,10,2025-06-03,Debit Card
11526,1091,14,2024-12-17,Credit Card
11527,2119,11,2025-12-06,Net Banking
11528,4805,7,2023-11-01,Net Banking
11529,1291,2,2024-09-14,Credit Card
11530,1813,15,2025-04-16,Debit Card
11531,187,13,2024-05-18,Cash
11532,1725,3,2025-04-24,UPI
11533,1942,11,2023-11-23,Cash
11534,520,8,2023-02-08,UPI
11535,4,12,2025-05-28,UPI
11536,2956,4,2024-02-05,UPI
11537,1560,5,2024-06-08,Cash
11538,89,15,2023-07-24,Net Banking
11539,4339,7,2024-05-22,Credit Card
11540,3000,8,2024-05-18,Debit Card
11541,892,1,2024-12-09,Credit Card
11542,4371,7,2024-09-13,UPI
11543,1312,3,2024-03-29,Cash
11544,1188,15,2024-09-08,Credit Card
11545,4512,15,2024-11-17,Debit Card
11546,932,5,2024-01-03,Debit Card
11547,4430,12,2024-09-23,UPI
11548,4073,12,2024-12-03,Cash
11549,1604,1,2025-12-25,UPI
11550,180,11,2024-08-20,Debit Card
11551,424,3,2025-12-21,UPI
11552,562,5,2024-08-29,Credit Card
11553,4495,1,2023-10-20,UPI
11554,2111,2,2024-03-07,Net Banking
11555,167,13,2023-11-25,Credit Card
11556,2863,3,2024-03-30,Cash
11557,1084,13,2023-04-01,Cash
11558,1221,8,2025-09-08,UPI
11559,836,15,2024-03-04,Credit Card
11560,3897,5,2023-08-16,Net Banking
11561,2,5,2024-05-04,Credit Card
11562,2282,13,2025-10-31,UPI
11563,448,3,2025-07-20,Debit Card
11564,2837,9,2023-12-31,Credit Card
11565,1813,9,2024-08-19,Debit Card
11566,151,12,2023-09-27,Credit Card
11567,2399,14,2024-01-19,UPI
11568,2934,12,2025-11-24,Credit Card
11569,1281,2,2024-04-20,Credit Card
11570,3916,8,2023-06-30,UPI
11571,1942,1,2025-04-26,Cash
11572,3832,5,2024-04-09,Credit Card
11573,2972,15,2023-07-07,Debit Card
11574,4390,7,2024-10-05,Net Banking
11575,2819,8,2023-10-10,Credit Card
11576,969,8,2025-08-12,Credit Card
11577,4149,6,2023-12-03,UPI
11578,3982,7,2024-07-14,UPI
11579,4860,4,2025-10-04,Credit Card
11580,485,13,2024-08-01,UPI
11581,3034,10,2025-11-08,UPI
11582,2535,7,2025-08-06,UPI
11583,3445,7,2025-10-28,Debit Card
11584,4899,9,2024-09-04,Cash
11585,2733,11,2023-05-18,UPI
11586,3520,15,2025-10-26,Debit Card
11587,1816,2,2025-08-07,UPI
11588,1549,11,2024-05-01,UPI
11589,1744,8,2023-09-29,Credit Card
11590,201,9,2023-12-14,Cash
11591,1474,3,2025-11-27,Credit Card
11592,903,8,2024-07-03,Debit Card
11593,2386,1,2024-12-03,UPI
11594,2399,13,2025-11-11,UPI
11595,3916,10,2024-03-24,Credit Card
11596,2584,15,2025-12-26,Debit Card
11597,2408,5,2024-06-06,UPI
11598,1206,1,2023-04-27,Credit Card
11599,4307,1,2024-10-08,Cash
11600,470,13,2023-10-26,Credit Card
11601,4909,6,2024-02-14,Credit Card
11602,2473,5,2025-08-05,Credit Card
11603,972,5,2023-09-24,Debit Card
11604,1858,2,2023-05-30,UPI
11605,75,10,2023-12-11,UPI
11606,866,14,2024-07-13,UPI
11607,1744,9,2024-07-18,Net Banking
11608,2850,12,2024-12-02,UPI
11609,676,5,2025-10-11,Credit Card
11610,3479,3,2023-10-19,Debit Card
11611,4265,11,2025-02-02,Debit Card
11612,2941,7,2025-12-18,Debit Card
11613,1538,6,2024-01-05,UPI
11614,627,15,2024-08-28,UPI
11615,76,11,2023-05-31,Net Banking
11616,3737,6,2024-02-16,UPI
11617,3209,5,2023-10-18,Cash
11618,2474,4,2024-07-04,UPI
11619,523,6,2023-10-06,UPI
11620,1081,7,2025-07-27,UPI
11621,4118,15,2023-10-10,UPI
11622,2490,12,2023-02-16,UPI
11623,4827,14,2025-01-04,Credit Card
11624,5000,14,2023-07-05,Credit Card
11625,4064,8,2023-11-02,Cash
11626,1339,15,2024-09-24,Debit Card
11627,1203,2,2025-01-26,Debit Card
11628,1312,4,2024-07-26,Credit Card
11629,4931,11,2024-09-12,UPI
11630,1744,7,2025-05-19,Debit Card
11631,3617,3,2025-09-22,UPI
11632,4812,5,2024-10-26,Cash
11633,4139,10,2025-09-23,UPI
11634,3063,14,2024-12-20,Debit Card
11635,883,7,2023-08-19,Debit Card
11636,912,9,2025-12-19,UPI
11637,2538,6,2024-08-25,UPI
11638,4774,2,2025-10-19,Net Banking
11639,4556,9,2023-07-03,UPI
11640,865,6,2023-07-12,Credit Card
11641,1491,10,2024-04-29,Cash
11642,3021,12,2023-02-25,Debit Card
11643,2481,2,2024-07-28,Debit Card
11644,615,13,2025-11-19,Debit Card
11645,1938,1,2023-08-09,UPI
11646,4786,15,2023-10-21,Cash
11647,4770,15,2025-01-09,UPI
11648,2880,12,2024-11-18,UPI
11649,3253,4,2025-12-27,Net Banking
11650,1157,15,2025-09-12,UPI
11651,3795,2,2023-07-31,UPI
11652,278,12,2024-03-29,UPI
11653,1150,7,2024-11-27,Net Banking
11654,23,11,2024-02-11,Cash
11655,2024,7,2023-01-05,UPI
11656,4297,3,2023-03-14,Net Banking
11657,4910,11,2025-07-07,UPI
11658,3423,10,2023-06-20,Net Banking
11659,3806,1,2025-09-28,Cash
11660,1361,2,2024-05-24,Cash
11661,2674,13,2023-01-23,UPI
11662,3760,8,2024-05-08,UPI
11663,2559,4,2023-12-12,Debit Card
11664,456,3,2025-09-30,Credit Card
11665,3788,10,2023-09-03,UPI
11666,1144,7,2024-11-05,Debit Card
11667,507,10,2023-03-06,Debit Card
11668,2485,4,2024-06-08,UPI
11669,392,2,2025-04-14,UPI
11670,3212,3,2025-01-04,Credit Card
11671,3278,15,2023-09-11,Credit Card
11672,1331,4,2024-09-01,Cash
11673,4839,1,2025-08-17,UPI
11674,4158,8,2024-02-12,Debit Card
11675,563,11,2023-07-11,UPI
11676,3828,8,2024-10-09,UPI
11677,1847,5,2023-08-28,UPI
11678,3836,15,2024-11-17,UPI
11679,4064,13,2024-01-17,UPI
11680,793,14,2023-05-17,Cash
11681,3390,6,2025-05-25,UPI
11682,4357,4,2023-05-15,UPI
11683,1671,11,2025-06-12,Cash
11684,415,14,2025-04-03,Cash
11685,146,3,2024-04-14,Credit Card
11686,566,3,2025-01-22,UPI
11687,16,15,2025-08-22,Net Banking
11688,1692,13,2024-03-12,Debit Card
11689,1549,4,2024-04-29,UPI
11690,568,13,2025-09-04,Net Banking
11691,3333,15,2024-11-23,UPI
11692,4960,6,2023-11-24,Debit Card
11693,4544,2,2025-03-26,Credit Card
11694,1309,6,2024-09-30,Net Banking
11695,3930,8,2025-02-20,Net Banking
11696,4705,9,2023-04-10,Credit Card
11697,4562,13,2025-05-10,Debit Card
11698,4462,4,2023-11-02,Cash
11699,4000,5,2023-10-22,Cash
11700,1517,8,2023-01-17,Credit Card
11701,430,10,2023-02-05,UPI
11702,2522,2,2025-12-02,UPI
11703,287,10,2025-01-22,Debit Card
11704,4998,2,2023-08-15,Debit Card
11705,1877,9,2023-01-21,UPI
11706,4807,11,2024-03-12,Cash
11707,3944,6,2025-12-05,Credit Card
11708,2147,10,2024-02-04,Debit Card
11709,608,9,2024-03-30,UPI
11710,1230,13,2023-11-08,UPI
11711,3464,10,2024-04-07,Credit Card
11712,4187,7,2025-11-03,UPI
11713,4897,13,2023-08-24,UPI
11714,691,5,2023-08-19,UPI
11715,809,12,2024-09-21,Cash
11716,223,9,2025-02-06,UPI
11717,1350,9,2024-05-21,Cash
11718,4141,2,2024-04-10,Debit Card
11719,1039,8,2025-08-01,Debit Card
11720,2820,8,2024-08-10,Debit Card
11721,2334,2,2025-03-01,Net Banking
11722,1685,10,2025-06-10,Debit Card
11723,3161,7,2024-09-29,Debit Card
11724,2584,1,2023-04-25,Credit Card
11725,1740,5,2025-10-06,Cash
11726,3535,5,2023-08-08,UPI
11727,1455,10,2024-10-23,UPI
11728,3289,5,2025-05-10,UPI
11729,4803,2,2024-09-29,Credit Card
11730,3719,14,2024-06-19,Credit Card
11731,2181,3,2025-11-07,Net Banking
11732,3823,13,2025-02-19,Net Banking
11733,4099,6,2025-01-20,Debit Card
11734,1685,1,2025-11-01,UPI
11735,3609,14,2024-10-17,Credit Card
11736,2256,12,2023-02-12,UPI
11737,4130,6,2025-04-21,UPI
11738,1527,14,2024-04-29,UPI
11739,4712,6,2024-03-13,Debit Card
11740,2951,7,2024-03-17,UPI
11741,1850,9,2025-01-16,Cash
11742,2184,9,2023-09-18,Cash
11743,1822,4,2025-04-07,UPI
11744,767,2,2023-05-19,UPI
11745,362,5,2024-04-30,Net Banking
11746,1666,1,2024-12-14,Debit Card
11747,2392,13,2024-09-14,Net Banking
11748,1895,15,2024-01-27,Credit Card
11749,66,12,2023-11-03,UPI
11750,2972,14,2025-01-25,UPI
11751,759,12,2024-04-22,Net Banking
11752,1098,15,2024-06-17,UPI
11753,625,13,2025-01-08,Cash
11754,2676,5,2024-11-04,Credit Card
11755,494,15,2024-04-13,UPI
11756,1327,12,2025-02-27,Credit Card
11757,2357,10,2024-09-16,UPI
11758,870,13,2025-02-06,Credit Card
11759,2333,15,2025-10-12,UPI
11760,1785,3,2024-11-05,Net Banking
11761,4343,14,2025-10-20,UPI
11762,4040,7,2023-04-16,Debit Card
11763,4967,7,2025-01-15,Cash
11764,2716,3,2024-10-29,Credit Card
11765,2956,5,2025-12-22,Debit Card
11766,4747,9,2025-09-13,Credit Card
11767,2092,4,2025-05-23,UPI
11768,2859,2,2025-02-13,UPI
11769,1984,3,2023-12-07,Debit Card
11770,2813,11,2024-10-30,Cash
11771,416,1,2023-04-07,Cash
11772,3984,5,2025-10-18,UPI
11773,4923,9,2025-02-17,Net Banking
11774,347,2,2023-09-21,Debit Card
11775,4066,13,2023-05-23,UPI
11776,1252,3,2025-09-04,UPI
11777,1035,3,2023-02-01,Credit Card
11778,3550,7,2025-11-03,Debit Card
11779,231,12,2024-09-15,UPI
11780,2410,10,2024-05-13,UPI
11781,4,7,2025-01-27,Credit Card
11782,2850,15,2023-09-25,Net Banking
11783,2403,11,2024-02-07,Debit Card
11784,4598,1,2023-06-26,UPI
11785,3682,3,2023-08-28,UPI
11786,657,1,2023-07-25,Cash
11787,1859,9,2023-09-17,Cash
11788,4685,14,2023-10-16,Credit Card
11789,3702,14,2023-06-06,UPI
11790,3050,7,2025-09-01,Debit Card
11791,2879,14,2023-09-24,Credit Card
11792,2085,13,2024-09-05,Cash
11793,3002,5,2023-11-07,UPI
11794,3938,7,2024-06-28,Credit Card
11795,668,3,2025-06-24,Credit Card
11796,4848,3,2024-06-17,UPI
11797,1242,1,2025-05-12,Net Banking
11798,2342,5,2024-09-16,Debit Card
11799,115,7,2023-03-22,Cash
11800,2832,3,2024-01-06,UPI
11801,2004,5,2024-12-18,Credit Card
11802,1291,10,2025-03-22,UPI
11803,4924,1,2024-05-21,Net Banking
11804,2231,14,2023-12-05,UPI
11805,2163,7,2025-11-18,UPI
11806,2409,13,2023-06-07,UPI
11807,596,11,2025-06-11,Credit Card
11808,2057,15,2023-08-09,UPI
11809,1751,15,2023-11-09,UPI
11810,2421,8,2023-09-03,Credit Card
11811,4332,8,2023-12-29,Debit Card
11812,1005,1,2024-01-26,Debit Card
11813,3117,4,2024-04-26,UPI
11814,197,9,2023-10-28,Debit Card
11815,1650,2,2024-08-21,UPI
11816,2456,1,2023-05-22,Net Banking
11817,392,6,2024-06-14,UPI
11818,2799,14,2023-09-14,Credit Card
11819,1604,13,2025-05-07,UPI
11820,4967,13,2023-04-28,Credit Card
11821,3223,11,2023-01-10,UPI
11822,1268,11,2025-07-04,Debit Card
11823,527,1,2023-10-07,Credit Card
11824,212,6,2024-07-24,UPI
11825,469,1,2023-10-14,Net Banking
11826,3492,15,2024-01-28,Credit Card
11827,4324,6,2023-09-27,UPI
11828,816,15,2023-09-21,UPI
11829,2103,9,2024-02-22,Debit Card
11830,1857,13,2025-03-21,UPI
11831,3296,5,2025-06-29,Debit Card
11832,954,4,2025-08-18,Cash
11833,4777,8,2023-03-27,UPI
11834,3717,4,2025-07-09,UPI
11835,4788,4,2023-07-26,Debit Card
11836,1439,11,2025-01-25,Credit Card
11837,3017,13,2025-06-03,UPI
11838,3737,9,2025-04-18,Credit Card
11839,3635,1,2025-12-26,Credit Card
11840,108,12,2025-04-03,Debit Card
11841,4998,3,2024-01-02,Debit Card
11842,4665,11,2024-04-28,Debit Card
11843,619,4,2025-10-30,UPI
11844,2798,8,2023-11-20,Cash
11845,1636,1,2025-09-07,Net Banking
11846,4430,3,2023-02-10,UPI
11847,3577,14,2024-04-12,UPI
11848,1165,14,2025-11-12,Credit Card
11849,176,2,2024-08-19,Net Banking
11850,1512,6,2023-12-12,UPI
11851,199,12,2024-11-26,Credit Card
11852,741,9,2023-06-02,UPI
11853,3255,10,2024-02-11,Credit Card
11854,3806,13,2025-02-09,UPI
11855,2434,9,2025-06-16,Credit Card
11856,3081,15,2023-06-26,UPI
11857,809,10,2023-04-26,Cash
11858,1650,5,2024-08-18,Debit Card
11859,3644,3,2025-05-01,Net Banking
11860,1912,8,2025-01-21,UPI
11861,1827,9,2023-09-28,Cash
11862,1013,9,2024-03-29,Debit Card
11863,3054,11,2025-01-31,UPI
11864,4099,1,2024-03-07,UPI
11865,2439,12,2023-01-17,UPI
11866,592,15,2025-09-23,UPI
11867,4226,10,2025-05-22,Cash
11868,378,5,2025-09-08,UPI
11869,2448,13,2025-01-25,Net Banking
11870,1350,10,2025-03-11,UPI
11871,4703,12,2025-11-24,Debit Card
11872,3766,9,2025-03-12,Debit Card
11873,2916,11,2024-03-01,Debit Card
11874,3423,3,2024-03-18,Credit Card
11875,2737,7,2025-01-18,Credit Card
11876,772,9,2023-02-28,Net Banking
11877,3630,14,2025-07-31,Debit Card
11878,2539,13,2025-03-24,Debit Card
11879,3247,2,2023-09-10,Credit Card
11880,236,2,2023-01-01,UPI
11881,745,5,2023-12-07,UPI
11882,3023,8,2024-08-17,Net Banking
11883,2395,10,2025-02-07,Debit Card
11884,1182,5,2025-08-20,Net Banking
11885,1248,8,2024-11-27,Debit Card
11886,3228,4,2023-10-19,UPI
11887,309,9,2023-02-20,Credit Card
11888,2254,13,2023-02-17,UPI
11889,2686,4,2025-08-18,Cash
11890,1596,5,2025-03-18,UPI
11891,4139,12,2024-01-29,Debit Card
11892,298,12,2023-03-07,Debit Card
11893,4373,12,2025-09-05,Debit Card
11894,3690,7,2024-11-21,Cash
11895,2333,9,2023-07-23,Debit Card
11896,4643,15,2024-03-07,UPI
11897,3601,5,2025-09-07,UPI
11898,4681,14,2025-03-26,UPI
11899,2456,7,2025-10-02,Cash
11900,2357,13,2024-06-30,UPI
11901,2727,13,2024-01-06,Credit Card
11902,345,4,2023-10-19,Credit Card
11903,4566,2,2024-02-07,Credit Card
11904,3423,2,2023-12-21,Credit Card
11905,3155,5,2025-02-21,Debit Card
11906,4653,2,2025-07-15,UPI
11907,4969,14,2024-06-10,UPI
11908,849,15,2023-01-13,Cash
11909,3830,2,2023-08-04,Credit Card
11910,2978,2,2023-06-05,UPI
11911,2399,4,2025-11-29,Debit Card
11912,4893,8,2025-05-09,UPI
11913,4297,7,2023-06-06,UPI
11914,3572,5,2023-02-24,UPI
11915,2009,7,2023-01-13,UPI
11916,3412,6,2025-01-20,Cash
11917,2731,15,2025-11-27,UPI
11918,1290,8,2025-01-16,Cash
11919,2352,14,2025-08-26,Credit Card
11920,1104,15,2023-11-29,UPI
11921,2577,8,2024-02-19,UPI
11922,3682,7,2023-04-15,UPI
11923,192,5,2025-04-28,Credit Card
11924,3916,6,2025-06-20,Net Banking
11925,101,11,2025-02-04,UPI
11926,2653,11,2025-03-29,UPI
11927,2945,10,2024-04-30,Cash
11928,3891,8,2023-12-02,Cash
11929,3891,7,2023-02-02,Debit Card
11930,2173,5,2023-12-29,Credit Card
11931,350,10,2024-07-07,Debit Card
11932,3551,8,2025-05-09,Credit Card
11933,2624,4,2025-10-05,Cash
11934,1728,13,2025-06-05,Credit Card
11935,1220,6,2023-05-31,Cash
11936,619,4,2025-11-22,Credit Card
11937,1524,12,2024-11-13,Credit Card
11938,2390,5,2025-12-22,Debit Card
11939,2483,10,2025-10-29,UPI
11940,2989,3,2025-05-07,Credit Card
11941,1897,2,2023-07-24,Cash
11942,4621,11,2025-11-05,Credit Card
11943,2551,1,2024-01-15,Debit Card
11944,2214,3,2024-02-14,Debit Card
11945,253,13,2025-04-09,Cash
11946,3075,11,2023-05-27,Credit Card
11947,3094,1,2023-10-20,Cash
11948,2993,14,2024-03-24,Net Banking
11949,4481,6,2024-08-26,UPI
11950,3903,11,2024-09-14,Debit Card
11951,4379,2,2023-05-04,Debit Card
11952,310,3,2025-07-23,Credit Card
11953,1656,13,2025-10-22,UPI
11954,1657,8,2025-07-25,UPI
11955,3363,5,2024-03-21,Debit Card
11956,2347,12,2023-07-07,UPI
11957,3958,2,2023-01-15,Credit Card
11958,2016,2,2024-03-01,UPI
11959,1155,3,2023-03-22,UPI
11960,1508,3,2025-12-05,Cash
11961,952,8,2023-03-16,UPI
11962,1038,5,2025-10-23,UPI
11963,1131,8,2025-09-25,Credit Card
11964,80,4,2024-09-25,Debit Card
11965,3659,9,2023-03-28,UPI
11966,2093,3,2025-02-11,Credit Card
11967,115,2,2023-11-25,Debit Card
11968,1939,6,2023-11-29,Debit Card
11969,4559,11,2023-08-02,Net Banking
11970,2624,15,2024-05-05,UPI
11971,4931,4,2024-11-27,Cash
11972,2781,2,2024-03-04,Net Banking
11973,4827,14,2024-05-02,Cash
11974,1063,6,2023-04-17,Net Banking
11975,1504,4,2025-09-25,UPI
11976,3589,10,2024-07-27,Net Banking
11977,4931,11,2024-01-20,Debit Card
11978,4163,4,2023-06-27,UPI
11979,2847,13,2023-06-14,Debit Card
11980,439,10,2024-08-17,Debit Card
11981,1909,4,2024-01-24,Debit Card
11982,447,4,2025-01-23,Cash
11983,1611,8,2025-04-30,Debit Card
11984,1343,1,2024-06-10,UPI
11985,2038,9,2025-06-19,UPI
11986,4222,14,2024-06-04,Credit Card
11987,790,3,2024-12-15,Credit Card
11988,1587,5,2023-10-28,Debit Card
11989,1350,5,2024-11-27,UPI
11990,1534,4,2024-02-11,UPI
11991,1889,4,2023-04-18,UPI
11992,1268,7,2025-03-15,UPI
11993,4729,14,2024-09-19,Debit Card
11994,2186,4,2024-12-04,UPI
11995,585,10,2025-04-20,Cash
11996,2432,3,2024-03-29,Debit Card
11997,962,11,2024-10-25,Credit Card
11998,1127,9,2024-03-18,Credit Card
11999,1474,14,2024-06-23,Debit Card
12000,648,4,2024-04-05,Debit Card
12001,3684,4,2025-04-01,Cash
12002,4024,10,2025-07-14,UPI
12003,2062,12,2025-01-14,Cash
12004,3536,8,2023-08-13,Cash
12005,2040,12,2023-10-04,Cash
12006,854,11,2024-06-05,UPI
12007,2079,7,2025-04-16,UPI
12008,2869,4,2024-07-24,Debit Card
12009,215,14,2025-06-03,Net Banking
12010,3354,8,2025-04-30,UPI
12011,3799,10,2023-11-26,Debit Card
12012,4339,2,2023-12-05,UPI
12013,527,13,2024-04-09,Net Banking
12014,1,13,2025-01-24,Cash
12015,388,9,2025-06-18,UPI
12016,4641,2,2024-12-04,UPI
12017,3916,14,2025-05-29,Credit Card
12018,4215,10,2023-04-30,Credit Card
12019,2652,14,2025-11-05,Credit Card
12020,2706,14,2023-12-16,Cash
12021,1548,3,2024-11-22,Net Banking
12022,4252,13,2024-11-18,Credit Card
12023,4187,6,2025-04-16,UPI
12024,2056,7,2023-05-28,UPI
12025,1706,9,2025-04-20,Debit Card
12026,3772,8,2025-01-01,Credit Card
12027,141,11,2025-11-13,UPI
12028,4339,6,2024-01-14,UPI
12029,2333,15,2025-01-28,Debit Card
12030,2300,15,2024-11-16,Debit Card
12031,3431,8,2024-02-01,Debit Card
12032,3303,11,2024-10-14,UPI
12033,1374,13,2023-05-19,UPI
12034,4733,11,2024-09-30,UPI
12035,4929,5,2025-05-22,Cash
12036,2702,10,2024-08-01,Credit Card
12037,2885,10,2023-05-19,UPI
12038,2850,13,2023-07-30,UPI
12039,2517,14,2024-11-15,Credit Card
12040,4740,12,2023-10-08,Credit Card
12041,1270,12,2025-09-16,Cash
12042,553,9,2023-12-24,Net Banking
12043,4673,4,2024-05-16,Cash
12044,1109,1,2024-09-13,Credit Card
12045,3832,15,2024-10-07,Credit Card
12046,1071,13,2024-01-25,Cash
12047,4815,14,2025-03-18,UPI
12048,4019,8,2023-07-12,Credit Card
12049,4616,5,2025-01-19,Credit Card
12050,4766,13,2023-07-05,Credit Card
12051,436,9,2024-03-19,UPI
12052,2250,3,2025-06-14,Debit Card
12053,3316,9,2025-02-26,Credit Card
12054,4070,8,2023-10-20,UPI
12055,1250,14,2025-11-27,Credit Card
12056,4592,15,2023-04-28,UPI
12057,1152,6,2025-05-16,UPI
12058,4373,15,2025-09-28,Credit Card
12059,2630,11,2024-11-19,UPI
12060,2646,10,2024-07-18,UPI
12061,1960,10,2025-07-06,Cash
12062,531,11,2023-06-08,Debit Card
12063,1815,8,2025-12-16,Credit Card
12064,2229,8,2024-09-02,Net Banking
12065,2486,7,2025-09-05,UPI
12066,3777,14,2025-09-15,UPI
12067,1842,7,2025-12-27,Credit Card
12068,2120,3,2024-07-21,Net Banking
12069,4562,7,2023-11-18,Debit Card
12070,3845,12,2024-11-27,Debit Card
12071,116,3,2023-03-03,UPI
12072,4110,11,2025-08-24,UPI
12073,4951,13,2023-05-05,Credit Card
12074,4718,9,2025-10-01,UPI
12075,4217,11,2025-01-03,UPI
12076,3211,5,2025-04-01,Cash
12077,1444,11,2023-07-31,UPI
12078,3354,8,2024-06-24,UPI
12079,3567,12,2023-08-29,UPI
12080,1460,3,2024-06-28,Credit Card
12081,1321,3,2024-06-21,Credit Card
12082,2079,13,2025-06-07,UPI
12083,3283,3,2025-04-30,Cash
12084,1517,13,2023-04-22,UPI
12085,2859,15,2023-08-06,Debit Card
12086,4537,8,2023-11-20,Credit Card
12087,1524,9,2025-06-23,Credit Card
12088,4839,13,2023-04-08,Net Banking
12089,2457,14,2024-02-22,Debit Card
12090,522,7,2024-12-01,Credit Card
12091,288,1,2023-05-06,UPI
12092,1764,6,2025-12-07,UPI
12093,1343,3,2023-08-28,UPI
12094,4260,1,2023-10-14,Debit Card
12095,3766,10,2024-10-25,UPI
12096,4462,14,2024-11-23,Credit Card
12097,3023,2,2023-03-29,Credit Card
12098,2260,13,2024-06-22,Cash
12099,1401,12,2025-05-17,UPI
12100,2992,3,2025-07-06,Cash
12101,3159,7,2023-03-25,Debit Card
12102,2057,6,2025-12-06,Credit Card
12103,4704,15,2023-04-10,Credit Card
12104,3274,2,2025-11-02,UPI
12105,4223,12,2023-10-29,Cash
12106,3173,5,2024-08-22,Debit Card
12107,1648,1,2023-03-01,Credit Card
12108,3760,3,2024-10-13,Debit Card
12109,1197,14,2023-10-31,Credit Card
12110,3062,1,2025-03-07,Credit Card
12111,2105,3,2024-02-29,Credit Card
12112,785,2,2023-04-20,Net Banking
12113,2160,4,2023-12-30,Debit Card
12114,1604,5,2025-07-20,Net Banking
12115,577,3,2024-01-14,UPI
12116,4156,10,2024-06-19,Credit Card
12117,2566,14,2023-01-11,UPI
12118,1813,5,2024-06-21,UPI
12119,2598,11,2023-06-17,UPI
12120,3853,7,2023-01-14,Net Banking
12121,90,10,2025-12-18,Credit Card
12122,2819,13,2024-01-11,UPI
12123,2486,9,2024-01-10,Credit Card
12124,4506,8,2024-06-18,Cash
12125,2860,15,2024-09-25,Credit Card
12126,719,12,2024-02-20,Net Banking
12127,2038,12,2025-05-04,Cash
12128,3176,6,2023-08-01,Credit Card
12129,240,15,2025-07-25,UPI
12130,4463,15,2023-12-13,Debit Card
12131,358,14,2025-05-05,UPI
12132,161,9,2023-10-18,Cash
12133,6,8,2024-12-14,UPI
12134,3509,12,2024-02-12,UPI
12135,2374,4,2023-07-03,Credit Card
12136,528,11,2024-07-15,UPI
12137,4330,2,2023-05-08,UPI
12138,1065,9,2023-08-22,Cash
12139,1687,6,2025-06-05,Net Banking
12140,923,10,2024-11-19,UPI
12141,4653,8,2024-03-28,Debit Card
12142,3871,8,2025-10-29,UPI
12143,3693,4,2023-09-08,Credit Card
12144,229,10,2025-04-19,Credit Card
12145,2685,5,2024-10-26,Credit Card
12146,2956,1,2025-10-28,UPI
12147,2008,9,2024-07-12,Cash
12148,1665,15,2025-03-29,UPI
12149,4305,7,2024-03-30,Credit Card
12150,118,1,2025-09-10,UPI
12151,3198,11,2025-07-20,Credit Card
12152,2062,10,2025-03-13,UPI
12153,3412,10,2023-03-12,UPI
12154,1038,14,2025-12-04,Credit Card
12155,1240,3,2025-01-08,UPI
12156,3011,9,2023-06-08,UPI
12157,4897,11,2023-04-28,Cash
12158,4873,11,2024-12-10,Cash
12159,1287,12,2023-05-25,Cash
12160,524,1,2024-03-07,Net Banking
12161,3028,6,2024-08-29,UPI
12162,2185,5,2023-09-28,UPI
12163,3894,14,2023-03-08,Debit Card
12164,2712,4,2024-07-02,Cash
12165,2624,1,2024-01-16,UPI
12166,3307,7,2025-09-23,Credit Card
12167,659,1,2023-11-11,Net Banking
12168,3486,1,2025-02-03,UPI
12169,2523,2,2025-09-07,Credit Card
12170,4139,9,2024-07-09,Debit Card
12171,727,1,2024-12-02,Credit Card
12172,1556,8,2024-02-07,Debit Card
12173,4762,13,2023-03-19,UPI
12174,2841,1,2023-12-22,UPI
12175,4673,11,2023-05-13,Credit Card
12176,3536,1,2024-12-03,Net Banking
12177,4653,9,2024-10-20,UPI
12178,1656,8,2023-05-14,Cash
12179,467,14,2023-10-14,Cash
12180,4070,1,2023-11-19,Debit Card
12181,4078,7,2023-05-16,UPI
12182,3167,8,2024-09-18,UPI
12183,2974,2,2023-07-10,Debit Card
12184,4595,4,2023-12-23,UPI
12185,917,2,2023-07-31,UPI
12186,3150,13,2024-10-21,Cash
12187,259,14,2024-08-28,UPI
12188,738,6,2024-05-06,Cash
12189,2272,5,2023-02-18,Credit Card
12190,4141,11,2023-08-13,Credit Card
12191,3740,11,2023-04-23,Debit Card
12192,4871,5,2023-12-27,Debit Card
12193,235,12,2025-08-27,Credit Card
12194,1999,14,2025-11-06,Debit Card
12195,829,8,2025-01-26,UPI
12196,194,12,2025-08-23,Cash
12197,1370,13,2024-11-11,UPI
12198,1269,1,2025-03-01,Debit Card
12199,2185,10,2023-01-04,Credit Card
12200,733,2,2025-09-11,Debit Card
12201,2523,1,2023-04-19,UPI
12202,4622,4,2024-10-19,Credit Card
12203,3827,2,2025-04-04,Net Banking
12204,4248,10,2023-10-23,Credit Card
12205,4080,11,2025-04-28,Credit Card
12206,2046,7,2024-09-25,UPI
12207,3629,12,2025-10-23,Credit Card
12208,3852,5,2024-08-14,Cash
12209,1078,5,2023-05-04,UPI
12210,4341,1,2023-09-05,Credit Card
12211,2386,15,2023-08-25,Debit Card
12212,82,2,2023-04-13,Credit Card
12213,3289,5,2024-04-20,UPI
12214,3484,7,2025-02-07,UPI
12215,2836,1,2024-03-30,UPI
12216,1105,7,2023-10-05,UPI
12217,2504,11,2025-11-03,UPI
12218,2096,12,2023-01-13,Debit Card
12219,4873,2,2024-11-14,UPI
12220,4159,15,2024-08-31,Cash
12221,3895,2,2024-04-20,Credit Card
12222,941,9,2025-12-29,Credit Card
12223,1717,8,2024-08-17,UPI
12224,1988,10,2025-01-25,UPI
12225,2539,4,2023-01-26,Cash
12226,158,5,2023-04-07,Debit Card
12227,3041,9,2023-06-03,UPI
12228,1876,4,2024-12-07,Debit Card
12229,2887,10,2024-03-09,UPI
12230,41,13,2023-03-16,Debit Card
12231,1664,12,2023-05-06,Net Banking
12232,3927,8,2023-04-16,Debit Card
12233,2579,13,2025-05-04,Cash
12234,4007,5,2023-11-13,Debit Card
12235,3584,1,2024-03-06,UPI
12236,4324,15,2025-09-01,Cash
12237,30,7,2024-06-23,Credit Card
12238,1352,10,2023-01-05,Cash
12239,2824,11,2023-12-27,Credit Card
12240,4723,11,2023-07-15,UPI
12241,3491,3,2024-08-10,UPI
12242,2381,7,2025-01-07,Credit Card
12243,680,8,2024-01-07,Credit Card
12244,2542,4,2023-10-23,Cash
12245,2300,11,2024-09-18,UPI
12246,3959,15,2024-10-14,Cash
12247,2160,14,2025-08-06,Credit Card
12248,1658,6,2024-12-26,Credit Card
12249,461,10,2025-07-26,Credit Card
12250,243,7,2024-06-10,Credit Card
12251,2284,8,2025-12-04,UPI
12252,1815,3,2024-06-03,UPI
12253,2856,7,2025-08-18,UPI
12254,3639,5,2025-07-30,Debit Card
12255,205,7,2024-02-07,Debit Card
12256,2554,6,2024-06-10,Debit Card
12257,4352,13,2024-05-03,Cash
12258,2369,5,2023-05-04,Credit Card
12259,2681,15,2025-01-30,Debit Card
12260,2521,3,2025-12-12,Debit Card
12261,2048,10,2024-10-25,Net Banking
12262,567,2,2023-08-11,Debit Card
12263,659,3,2025-02-10,UPI
12264,932,2,2024-05-24,Debit Card
12265,4027,14,2025-12-13,UPI
12266,1427,3,2023-05-15,UPI
12267,4754,2,2024-06-12,UPI
12268,4101,1,2023-08-30,Cash
12269,3511,9,2025-12-08,Credit Card
12270,3682,10,2025-03-22,Credit Card
12271,250,5,2024-11-19,UPI
12272,2922,14,2023-01-02,UPI
12273,4724,9,2025-07-13,Cash
12274,203,8,2024-10-11,Credit Card
12275,1509,14,2023-03-27,Credit Card
12276,270,7,2025-08-20,UPI
12277,2931,12,2024-02-17,UPI
12278,596,6,2025-09-03,UPI
12279,2487,11,2023-02-18,UPI
12280,3679,4,2024-10-07,UPI
12281,856,10,2025-02-19,UPI
12282,3856,10,2023-07-22,Debit Card
12283,315,7,2025-02-24,Debit Card
12284,784,13,2023-09-24,Cash
12285,1456,7,2025-09-12,UPI
12286,4046,1,2024-09-09,UPI
12287,4295,14,2024-11-10,Credit Card
12288,1149,9,2025-07-06,UPI
12289,496,14,2024-01-25,UPI
12290,4281,4,2024-02-24,Debit Card
12291,3323,7,2024-08-18,Cash
12292,822,9,2024-10-15,UPI
12293,2872,2,2023-11-15,Cash
12294,4403,13,2025-07-27,Credit Card
12295,368,8,2025-10-21,Credit Card
12296,432,11,2025-05-30,Cash
12297,1418,4,2025-11-04,Debit Card
12298,3339,14,2023-09-23,Cash
12299,924,4,2025-08-27,Debit Card
12300,4120,3,2023-10-31,Credit Card
12301,3837,10,2024-07-08,Debit Card
12302,2882,4,2025-11-29,Debit Card
12303,595,9,2025-07-31,Credit Card
12304,4940,1,2025-01-17,UPI
12305,2526,9,2025-02-22,UPI
12306,2357,13,2023-12-13,UPI
12307,4979,11,2023-10-29,Credit Card
12308,4362,10,2024-01-19,UPI
12309,2378,9,2024-02-20,UPI
12310,2182,1,2024-09-15,UPI
12311,497,13,2025-06-14,UPI
12312,4653,9,2024-03-05,Credit Card
12313,4261,6,2024-04-29,UPI
12314,1604,8,2024-09-11,UPI
12315,3847,13,2025-06-21,UPI
12316,3903,8,2023-08-06,Net Banking
12317,1190,14,2024-05-17,UPI
12318,3138,8,2024-02-27,Credit Card
12319,1321,11,2025-12-08,Debit Card
12320,4010,8,2023-04-04,UPI
12321,801,12,2023-06-20,Net Banking
12322,3430,1,2024-11-16,UPI
12323,1686,1,2024-04-16,Cash
12324,187,7,2024-09-04,Credit Card
12325,642,11,2023-05-01,Credit Card
12326,3354,12,2025-03-05,Credit Card
12327,1247,13,2025-05-01,Net Banking
12328,3224,12,2023-06-13,Debit Card
12329,2164,9,2025-12-26,Cash
12330,3548,11,2024-05-11,UPI
12331,2540,14,2025-07-13,Cash
12332,1597,10,2025-07-28,UPI
12333,766,8,2025-04-16,UPI
12334,1777,11,2025-02-18,UPI
12335,3250,13,2024-07-07,Cash
12336,3786,5,2025-05-28,Credit Card
12337,835,8,2025-07-31,UPI
12338,3406,9,2025-05-29,Credit Card
12339,932,7,2025-07-12,Credit Card
12340,1157,11,2025-03-24,UPI
12341,2731,10,2024-10-01,UPI
12342,1501,11,2024-09-21,UPI
12343,3389,13,2024-01-07,Cash
12344,4791,15,2023-09-29,Cash
12345,781,3,2024-01-30,UPI
12346,2933,9,2024-02-27,Net Banking
12347,4640,5,2023-05-20,Debit Card
12348,917,11,2023-05-15,Credit Card
12349,1921,8,2025-03-22,Credit Card
12350,642,11,2025-07-17,Net Banking
12351,3284,1,2023-02-04,UPI
12352,3432,1,2024-08-30,UPI
12353,3406,3,2024-05-06,Debit Card
12354,2793,15,2025-12-28,Debit Card
12355,3814,2,2024-05-25,UPI
12356,187,5,2025-03-09,Net Banking
12357,4804,11,2024-11-23,UPI
12358,1158,9,2023-06-22,UPI
12359,628,13,2025-10-27,UPI
12360,4724,9,2025-10-29,Credit Card
12361,4188,8,2025-10-29,Net Banking
12362,3914,5,2024-04-30,Debit Card
12363,540,3,2023-02-10,Credit Card
12364,4094,6,2024-01-26,Net Banking
12365,3124,8,2024-08-18,UPI
12366,3737,6,2024-08-18,UPI
12367,4895,7,2025-10-03,Cash
12368,1013,12,2023-02-20,Credit Card
12369,2596,14,2024-04-17,UPI
12370,3847,12,2025-05-15,Credit Card
12371,2252,13,2024-05-09,UPI
12372,286,7,2025-01-05,Credit Card
12373,571,15,2024-04-18,Debit Card
12374,3090,7,2024-05-12,UPI
12375,1474,9,2025-06-27,Net Banking
12376,724,9,2023-09-21,Cash
12377,1769,1,2025-09-26,Credit Card
12378,1059,3,2024-01-11,UPI
12379,125,5,2023-11-24,UPI
12380,795,11,2023-08-10,Debit Card
12381,4451,4,2025-10-27,UPI
12382,55,12,2024-12-23,Credit Card
12383,3946,1,2024-09-29,Credit Card
12384,3848,1,2023-05-12,Cash
12385,2904,13,2023-10-13,Cash
12386,1086,4,2023-10-10,Debit Card
12387,4426,5,2023-06-10,Debit Card
12388,2468,4,2025-01-27,Credit Card
12389,904,2,2024-10-15,Cash
12390,2231,5,2025-08-16,Cash
12391,1013,10,2023-02-15,Credit Card
12392,1972,3,2024-04-21,Cash
12393,2555,7,2023-04-04,Net Banking
12394,1884,4,2024-05-21,UPI
12395,3363,2,2025-07-29,Net Banking
12396,4703,11,2025-01-23,UPI
12397,1824,8,2025-03-05,Net Banking
12398,1865,13,2024-10-01,Cash
12399,3771,10,2025-10-21,Cash
12400,2725,2,2024-08-09,Credit Card
12401,2231,11,2024-01-17,UPI
12402,4117,7,2024-08-10,UPI
12403,4496,8,2024-08-11,UPI
12404,3030,10,2025-09-30,UPI
12405,966,3,2025-02-23,Net Banking
12406,2428,6,2024-03-15,UPI
12407,2596,12,2023-08-26,Debit Card
12408,2246,4,2024-10-11,Credit Card
12409,1360,12,2024-11-24,UPI
12410,2453,2,2024-08-03,UPI
12411,2335,8,2024-11-09,Net Banking
12412,1091,2,2025-12-09,Cash
12413,4553,9,2023-08-26,Credit Card
12414,4469,9,2024-09-25,UPI
12415,3883,11,2025-08-02,UPI
12416,2099,8,2025-05-10,Debit Card
12417,1942,10,2024-01-02,Debit Card
12418,3661,3,2024-08-13,Net Banking
12419,3118,8,2023-04-07,UPI
12420,3083,5,2023-07-23,Debit Card
12421,644,15,2025-04-01,Credit Card
12422,3160,10,2025-09-21,UPI
12423,4549,14,2025-04-13,UPI
12424,443,5,2023-09-29,UPI
12425,1766,2,2023-12-11,Credit Card
12426,2617,12,2025-08-01,UPI
12427,3522,3,2023-02-16,Credit Card
12428,461,8,2024-09-23,Debit Card
12429,4407,14,2023-11-09,Credit Card
12430,209,1,2025-04-11,UPI
12431,4337,4,2025-03-01,Debit Card
12432,150,6,2023-06-01,UPI
12433,800,9,2025-10-04,Cash
12434,4062,8,2024-07-20,Net Banking
12435,4340,10,2025-12-21,UPI
12436,4909,5,2023-06-16,Debit Card
12437,594,13,2023-06-17,UPI
12438,2706,14,2023-12-31,Credit Card
12439,402,7,2024-07-18,UPI
12440,812,8,2025-07-17,UPI
12441,912,12,2024-01-26,Credit Card
12442,331,9,2024-12-01,UPI
12443,4505,14,2024-01-29,Credit Card
12444,659,3,2023-05-11,Cash
12445,3212,11,2023-08-10,Net Banking
12446,3200,8,2024-08-11,UPI
12447,1043,15,2025-09-28,Debit Card
12448,4998,3,2024-10-10,Credit Card
12449,1817,1,2024-05-23,UPI
12450,4559,13,2023-02-10,Debit Card
12451,4754,13,2024-10-09,Cash
12452,4758,4,2023-10-23,Debit Card
12453,3845,7,2024-04-16,Debit Card
12454,1313,9,2023-04-11,UPI
12455,625,10,2023-10-03,Debit Card
12456,2931,7,2023-05-05,Net Banking
12457,1884,10,2024-06-30,Net Banking
12458,4190,11,2023-06-15,Credit Card
12459,3806,14,2025-09-10,Cash
12460,1432,14,2023-04-06,Credit Card
12461,85,14,2023-09-13,UPI
12462,1230,5,2025-05-20,Net Banking
12463,2919,13,2024-08-04,Debit Card
12464,411,15,2025-10-25,UPI
12465,3368,1,2024-01-02,Credit Card
12466,3451,1,2025-02-27,Debit Card
12467,884,12,2023-10-26,UPI
12468,3060,9,2024-11-21,Debit Card
12469,3113,4,2025-01-09,Net Banking
12470,2485,3,2025-10-03,UPI
12471,4777,11,2024-12-25,Credit Card
12472,554,5,2024-02-19,UPI
12473,2121,7,2025-02-05,Credit Card
12474,4448,7,2023-10-31,Cash
12475,2026,15,2024-11-07,Cash
12476,2217,5,2023-09-03,UPI
12477,3426,8,2023-05-22,UPI
12478,3410,5,2024-04-02,UPI
12479,117,10,2023-03-18,UPI
12480,2373,4,2023-02-03,UPI
12481,1732,14,2023-05-03,Debit Card
12482,3205,6,2025-12-30,Debit Card
12483,2859,3,2024-01-01,UPI
12484,3332,4,2024-09-29,UPI
12485,3348,8,2025-07-30,Credit Card
12486,1319,10,2025-02-04,UPI
12487,1274,10,2024-08-27,UPI
12488,1942,3,2024-03-11,Debit Card
12489,1254,11,2023-08-16,Credit Card
12490,3505,13,2023-10-31,Debit Card
12491,3094,10,2024-01-22,Net Banking
12492,1129,13,2024-09-21,Debit Card
12493,4458,3,2024-04-26,Net Banking
12494,2399,6,2023-12-24,Credit Card
12495,664,8,2025-05-30,UPI
12496,1109,10,2024-07-18,UPI
12497,2780,2,2023-07-09,Debit Card
12498,1763,1,2024-06-16,UPI
12499,4301,10,2023-09-25,Credit Card
12500,2546,13,2025-08-10,Debit Card
12501,4598,1,2025-02-23,UPI
12502,523,7,2025-01-19,Cash
12503,3428,2,2023-08-26,Credit Card
12504,4469,9,2023-04-12,UPI
12505,1517,10,2025-11-14,Net Banking
12506,708,4,2024-07-19,Credit Card
12507,2382,14,2025-06-06,UPI
12508,4817,7,2024-03-28,Cash
12509,3239,5,2023-02-05,Cash
12510,3293,5,2024-07-28,UPI
12511,3449,7,2024-08-10,Cash
12512,204,9,2025-03-29,Credit Card
12513,2330,4,2025-06-27,Debit Card
12514,406,9,2025-02-11,UPI
12515,1643,9,2023-03-12,Debit Card
12516,4145,11,2025-11-22,UPI
12517,3361,8,2024-02-11,UPI
12518,4979,1,2023-05-25,UPI
12519,899,10,2023-04-08,UPI
12520,2079,11,2025-02-26,Net Banking
12521,4099,11,2025-12-03,UPI
12522,1123,15,2024-02-26,UPI
12523,801,9,2024-07-29,Credit Card
12524,2231,3,2023-12-20,UPI
12525,2013,8,2025-07-29,Net Banking
12526,4900,5,2024-11-22,Credit Card
12527,2377,6,2023-05-14,Debit Card
12528,4345,3,2025-07-23,UPI
12529,4484,11,2023-09-20,UPI
12530,822,7,2023-07-10,UPI
12531,3654,2,2023-06-09,UPI
12532,1440,13,2023-03-31,Cash
12533,490,3,2024-11-19,UPI
12534,4413,2,2025-08-31,Cash
12535,1516,13,2023-09-03,Credit Card
12536,1807,11,2024-12-16,Debit Card
12537,1676,9,2024-02-09,Cash
12538,1054,11,2023-06-25,Credit Card
12539,2256,14,2024-10-27,UPI
12540,2231,13,2024-12-09,Credit Card
12541,2134,14,2024-12-25,UPI
12542,4604,3,2024-04-14,Cash
12543,1768,8,2024-08-01,Debit Card
12544,159,6,2023-11-22,Credit Card
12545,926,13,2024-06-03,UPI
12546,3685,1,2023-09-23,Net Banking
12547,3032,11,2023-08-12,UPI
12548,4772,13,2025-02-24,UPI
12549,3558,15,2025-02-05,Net Banking
12550,1013,6,2023-04-16,UPI
12551,625,8,2024-08-18,Debit Card
12552,2678,10,2023-11-13,UPI
12553,3410,14,2023-11-24,Debit Card
12554,862,3,2024-06-30,Cash
12555,3088,14,2024-09-12,UPI
12556,4369,7,2023-01-16,UPI
12557,3713,14,2023-04-11,Net Banking
12558,3406,6,2023-09-26,UPI
12559,4009,1,2024-08-27,UPI
12560,535,2,2024-07-11,Debit Card
12561,1071,14,2025-06-09,Debit Card
12562,199,11,2023-07-06,Credit Card
12563,760,5,2024-12-11,Cash
12564,4585,7,2024-07-17,Cash
12565,1158,4,2024-02-07,Cash
12566,3390,6,2023-02-12,UPI
12567,3545,2,2023-03-28,Debit Card
12568,3301,5,2025-01-10,Cash
12569,2849,10,2023-01-27,UPI
12570,2517,15,2025-04-03,UPI
12571,2185,3,2025-07-27,Net Banking
12572,4609,1,2025-09-20,Credit Card
12573,44,6,2024-07-13,Credit Card
12574,281,9,2023-01-12,UPI
12575,2538,14,2023-02-17,Credit Card
12576,1712,14,2023-04-26,Cash
12577,2132,10,2025-05-03,UPI
12578,4995,8,2024-06-13,UPI
12579,3952,4,2024-07-18,Credit Card
12580,4425,8,2023-11-22,UPI
12581,1933,11,2025-04-09,Cash
12582,1243,5,2023-10-07,Debit Card
12583,3926,3,2023-09-02,Credit Card
12584,4095,4,2023-07-16,Debit Card
12585,2829,7,2023-01-14,UPI
12586,4518,15,2025-10-24,Debit Card
12587,4841,5,2024-03-30,UPI
12588,2445,4,2023-05-17,Debit Card
12589,1162,3,2023-02-20,Cash
12590,2652,3,2024-02-18,UPI
12591,4949,10,2024-04-01,UPI
12592,1517,6,2023-05-15,UPI
12593,3155,8,2024-03-06,Cash
12594,3553,15,2023-09-25,Credit Card
12595,1113,4,2024-11-09,Debit Card
12596,3020,1,2023-02-27,Credit Card
12597,1635,4,2024-12-30,UPI
12598,4318,12,2023-07-20,UPI
12599,3653,15,2025-02-09,UPI
12600,4168,5,2025-10-12,Net Banking
12601,1051,8,2025-01-04,Credit Card
12602,181,14,2025-05-21,Net Banking
12603,4299,13,2023-07-22,UPI
12604,2030,7,2023-04-23,Debit Card
12605,932,2,2024-04-04,UPI
12606,476,9,2025-12-15,UPI
12607,2650,15,2025-12-15,Credit Card
12608,787,3,2025-02-14,Debit Card
12609,2917,9,2024-03-29,Net Banking
12610,3712,1,2025-01-16,UPI
12611,2750,9,2023-01-04,Net Banking
12612,4553,7,2023-03-23,Credit Card
12613,808,2,2025-05-11,Debit Card
12614,2543,10,2024-05-20,Debit Card
12615,848,7,2023-01-02,UPI
12616,4420,1,2025-08-07,UPI
12617,4688,11,2025-09-23,Credit Card
12618,2095,3,2023-11-19,UPI
12619,1586,7,2025-04-07,Debit Card
12620,1452,3,2024-06-15,Cash
12621,4338,2,2023-02-21,Cash
12622,3504,5,2024-09-02,Cash
12623,4440,15,2025-01-24,Debit Card
12624,602,3,2025-07-28,Debit Card
12625,2473,13,2024-08-31,Credit Card
12626,3480,9,2025-04-06,UPI
12627,4521,7,2025-04-07,UPI
12628,2004,11,2023-10-27,UPI
12629,1626,1,2024-11-03,UPI
12630,4585,1,2024-02-23,Debit Card
12631,250,6,2023-08-08,Net Banking
12632,2488,15,2023-01-29,Cash
12633,2391,4,2023-11-01,Net Banking
12634,766,1,2025-03-19,UPI
12635,2066,9,2023-10-17,UPI
12636,3687,14,2023-03-02,Debit Card
12637,1921,2,2024-07-24,UPI
12638,1604,1,2023-06-07,Cash
12639,3974,3,2023-02-20,Credit Card
12640,4945,15,2024-07-09,Net Banking
12641,3964,15,2024-03-23,UPI
12642,4274,10,2024-04-25,Debit Card
12643,4717,12,2025-07-02,Debit Card
12644,4069,12,2024-06-20,UPI
12645,4902,1,2025-04-20,UPI
12646,3820,13,2023-05-18,Credit Card
12647,3388,4,2023-11-01,Credit Card
12648,3550,4,2023-03-31,Credit Card
12649,4542,6,2024-02-22,Credit Card
12650,3506,12,2025-12-17,Debit Card
12651,3891,3,2024-09-28,UPI
12652,1125,13,2024-03-12,Net Banking
12653,4583,15,2025-08-26,UPI
12654,2340,9,2023-10-28,UPI
12655,836,6,2025-09-27,UPI
12656,4062,14,2025-03-10,Cash
12657,1867,7,2025-05-27,UPI
12658,960,6,2024-10-17,UPI
12659,1327,9,2023-10-04,Credit Card
12660,182,2,2024-12-28,Cash
12661,467,11,2025-12-24,Debit Card
12662,3039,14,2025-01-06,UPI
12663,4373,8,2024-08-09,Credit Card
12664,2347,5,2025-07-19,UPI
12665,3201,2,2024-01-31,Net Banking
12666,4099,13,2024-12-12,Cash
12667,1869,7,2025-02-21,UPI
12668,3352,12,2024-09-25,Credit Card
12669,1838,5,2024-04-16,Credit Card
12670,3286,8,2025-03-05,Net Banking
12671,1133,14,2025-03-24,Cash
12672,4895,10,2025-01-24,Cash
12673,398,11,2024-05-25,UPI
12674,2600,6,2025-07-09,Debit Card
12675,1484,7,2025-03-14,UPI
12676,3084,11,2024-07-22,Cash
12677,2231,12,2024-08-16,Net Banking
12678,1590,1,2024-04-19,Debit Card
12679,1294,2,2025-05-05,Credit Card
12680,953,9,2024-06-25,Cash
12681,3981,15,2024-06-27,Cash
12682,1158,7,2024-03-10,UPI
12683,3944,7,2023-03-19,Debit Card
12684,2514,4,2024-01-22,Debit Card
12685,380,13,2024-10-18,UPI
12686,860,13,2024-05-10,UPI
12687,4504,4,2023-03-07,UPI
12688,3094,3,2025-07-21,UPI
12689,961,10,2024-12-10,UPI
12690,3602,4,2024-11-15,Cash
12691,4153,12,2024-02-05,Cash
12692,1714,10,2025-01-31,UPI
12693,2863,6,2023-02-12,UPI
12694,1519,11,2025-04-24,Credit Card
12695,414,3,2025-10-28,Debit Card
12696,2092,10,2023-05-16,UPI
12697,3841,8,2023-01-13,Cash
12698,2392,1,2025-12-09,UPI
12699,2119,6,2023-08-02,UPI
12700,1918,13,2024-05-18,Debit Card
12701,2393,2,2025-11-14,UPI
12702,1656,11,2024-05-17,UPI
12703,3137,14,2023-02-18,Cash
12704,332,1,2024-11-30,UPI
12705,4094,12,2024-02-28,Net Banking
12706,903,4,2024-12-02,UPI
12707,3239,12,2024-12-30,Net Banking
12708,2349,13,2023-08-24,Cash
12709,3944,6,2024-06-05,Credit Card
12710,4167,7,2023-04-04,Debit Card
12711,1072,11,2024-11-17,Credit Card
12712,3486,1,2025-05-25,Debit Card
12713,990,3,2024-09-19,UPI
12714,643,6,2023-06-09,Cash
12715,4677,13,2023-01-20,Cash
12716,856,13,2025-06-22,Debit Card
12717,1191,6,2025-08-31,Cash
12718,680,10,2024-03-04,UPI
12719,2443,6,2023-10-21,UPI
12720,4619,7,2023-05-30,UPI
12721,1367,11,2023-11-13,UPI
12722,2792,7,2025-10-25,UPI
12723,2148,12,2023-09-26,Debit Card
12724,1749,10,2024-02-11,Cash
12725,2940,15,2025-03-15,Net Banking
12726,2878,8,2025-08-26,Debit Card
12727,1881,11,2023-07-31,Cash
12728,4300,2,2025-05-29,UPI
12729,280,10,2024-11-22,Debit Card
12730,439,14,2024-04-29,Net Banking
12731,4953,1,2023-12-26,Debit Card
12732,3825,10,2024-03-30,Credit Card
12733,4078,14,2024-07-01,UPI
12734,3094,15,2025-10-12,UPI
12735,2185,13,2025-09-12,UPI
12736,3211,7,2023-08-06,Debit Card
12737,480,12,2024-12-05,Debit Card
12738,3869,1,2023-05-22,Debit Card
12739,2784,2,2024-06-15,Credit Card
12740,4801,1,2025-10-24,UPI
12741,3262,14,2023-06-17,Credit Card
12742,794,12,2024-12-22,Debit Card
12743,2483,12,2025-10-08,Cash
12744,302,1,2024-12-12,UPI
12745,3807,3,2023-08-29,UPI
12746,2584,4,2024-02-29,Net Banking
12747,1939,5,2023-07-23,Credit Card
12748,4845,5,2024-02-03,UPI
12749,4721,2,2025-01-30,UPI
12750,4776,11,2024-06-17,Cash
12751,1152,3,2025-07-23,Debit Card
12752,3717,14,2023-10-22,UPI
12753,4741,8,2023-11-20,UPI
12754,2936,2,2024-08-12,UPI
12755,1114,4,2024-03-16,Credit Card
12756,4127,7,2024-11-12,Debit Card
12757,4436,9,2024-04-18,UPI
12758,3601,3,2025-10-26,UPI
12759,1519,3,2025-07-30,Credit Card
12760,994,7,2023-04-15,UPI
12761,3192,8,2023-10-18,UPI
12762,2504,14,2025-06-11,Debit Card
12763,3429,4,2025-08-09,Debit Card
12764,573,14,2025-07-02,UPI
12765,709,1,2024-04-18,Credit Card
12766,1899,5,2025-01-25,UPI
12767,1343,11,2025-01-26,Credit Card
12768,3169,14,2023-04-30,Debit Card
12769,1926,15,2025-11-13,Credit Card
12770,3509,4,2025-04-11,Credit Card
12771,3927,14,2023-12-26,UPI
12772,976,11,2024-09-21,UPI
12773,4620,8,2025-11-21,UPI
12774,4003,13,2025-05-23,UPI
12775,3202,7,2023-08-04,UPI
12776,4568,2,2023-07-29,UPI
12777,1374,6,2025-09-08,Net Banking
12778,2198,4,2024-10-23,UPI
12779,443,7,2025-05-11,Cash
12780,2376,9,2023-05-12,Debit Card
12781,2603,7,2024-06-10,Credit Card
12782,3147,15,2024-01-23,Credit Card
12783,337,2,2025-09-02,Debit Card
12784,167,8,2023-05-26,Credit Card
12785,2185,6,2024-12-06,Debit Card
12786,988,9,2025-12-10,Net Banking
12787,3876,7,2024-11-24,UPI
12788,3429,5,2024-12-21,UPI
12789,1685,8,2025-01-20,Debit Card
12790,240,7,2024-02-06,Cash
12791,952,1,2025-10-09,UPI
12792,3545,11,2024-03-17,Cash
12793,4951,5,2023-09-15,Cash
12794,1688,7,2024-05-31,Credit Card
12795,4070,10,2025-04-09,UPI
12796,4378,7,2025-01-03,Credit Card
12797,253,11,2025-11-15,UPI
12798,4603,14,2025-07-27,UPI
12799,2428,3,2024-07-03,Cash
12800,4838,5,2025-09-19,Credit Card
12801,2771,8,2023-06-18,Credit Card
12802,1221,15,2025-03-11,UPI
12803,4873,9,2023-08-28,Credit Card
12804,1262,14,2024-06-01,Credit Card
12805,4445,9,2025-05-24,Credit Card
12806,903,10,2025-07-20,UPI
12807,3475,5,2025-04-18,Net Banking
12808,2147,2,2023-06-03,Debit Card
12809,4859,8,2023-03-15,Debit Card
12810,965,7,2023-09-30,Credit Card
12811,2135,4,2024-12-14,UPI
12812,3274,5,2025-03-09,UPI
12813,4894,12,2023-06-29,UPI
12814,1575,10,2024-06-10,Credit Card
12815,2078,12,2024-05-14,Debit Card
12816,2402,12,2024-04-17,UPI
12817,1309,11,2023-10-26,Cash
12818,4126,11,2025-03-20,Credit Card
12819,477,10,2025-04-19,Cash
12820,3607,2,2024-05-08,Credit Card
12821,2745,9,2024-12-25,UPI
12822,1254,14,2024-05-25,Debit Card
12823,2539,12,2024-11-09,Credit Card
12824,4187,15,2024-01-11,Credit Card
12825,2329,6,2024-10-06,Cash
12826,630,9,2024-11-12,UPI
12827,213,8,2023-01-12,UPI
12828,3959,1,2024-04-16,UPI
12829,1712,13,2023-01-26,UPI
12830,4683,9,2024-10-14,UPI
12831,3153,9,2025-05-22,UPI
12832,2265,4,2024-12-09,UPI
12833,2906,1,2024-07-28,Cash
12834,2384,4,2025-03-06,UPI
12835,4560,6,2023-04-01,UPI
12836,2387,4,2023-05-28,UPI
12837,535,9,2024-07-02,Debit Card
12838,3063,4,2025-01-28,Credit Card
12839,3186,10,2024-04-28,Cash
12840,3916,8,2025-07-31,UPI
12841,4693,2,2024-10-28,UPI
12842,2310,12,2023-03-24,UPI
12843,1842,7,2023-06-06,Cash
12844,2530,8,2023-10-25,UPI
12845,4543,14,2023-03-21,UPI
12846,4898,6,2024-09-30,Cash
12847,4854,10,2025-04-16,UPI
12848,1195,13,2025-10-24,UPI
12849,2557,6,2023-04-21,Debit Card
12850,1346,8,2025-05-28,Credit Card
12851,1929,3,2023-10-22,UPI
12852,164,2,2024-08-01,Net Banking
12853,835,9,2025-04-29,UPI
12854,2079,8,2024-02-22,UPI
12855,1912,10,2024-09-04,UPI
12856,1449,5,2024-12-21,UPI
12857,1198,13,2025-11-10,Credit Card
12858,3830,5,2024-06-24,Net Banking
12859,1522,6,2024-09-03,Debit Card
12860,3617,6,2024-07-21,Debit Card
12861,1934,2,2024-10-09,UPI
12862,4070,7,2025-07-28,Cash
12863,869,3,2025-07-13,Credit Card
12864,821,8,2025-08-12,Credit Card
12865,3490,9,2023-05-17,Net Banking
12866,4595,3,2025-07-05,Debit Card
12867,752,6,2023-06-28,Cash
12868,390,8,2024-02-29,Credit Card
12869,4697,6,2025-12-20,UPI
12870,600,10,2024-05-18,Net Banking
12871,1295,3,2023-12-12,Debit Card
12872,4673,4,2023-05-11,UPI
12873,4073,9,2025-05-15,Debit Card
12874,1785,12,2024-11-26,Credit Card
12875,4784,12,2023-02-25,Cash
12876,2920,11,2023-12-16,UPI
12877,380,12,2023-03-10,Net Banking
12878,3601,1,2023-04-08,UPI
12879,2763,4,2024-08-26,Net Banking
12880,2941,10,2025-12-09,Debit Card
12881,4972,1,2023-08-16,Net Banking
12882,799,8,2024-12-19,Debit Card
12883,3362,15,2025-06-27,Debit Card
12884,2392,7,2025-01-12,UPI
12885,1410,7,2023-08-31,UPI
12886,3551,2,2025-08-01,UPI
12887,3426,10,2023-10-02,Credit Card
12888,4331,15,2024-12-05,Credit Card
12889,4430,6,2024-01-03,UPI
12890,2889,8,2024-11-12,UPI
12891,1683,8,2025-05-07,Debit Card
12892,2719,15,2023-06-21,UPI
12893,1881,5,2024-01-19,Net Banking
12894,1439,8,2025-03-12,UPI
12895,2835,13,2024-07-04,UPI
12896,3368,2,2023-06-14,Credit Card
12897,3029,14,2025-06-23,UPI
12898,4784,4,2023-04-13,Credit Card
12899,1548,10,2023-12-25,UPI
12900,1949,2,2024-07-13,UPI
12901,3422,5,2025-11-04,Debit Card
12902,3082,11,2023-09-05,Cash
12903,5,3,2023-08-24,Credit Card
12904,1617,6,2024-03-29,UPI
12905,1313,7,2024-11-04,Credit Card
12906,4233,6,2024-02-13,Debit Card
12907,4373,11,2023-12-29,UPI
12908,1474,2,2023-12-05,UPI
12909,523,2,2023-07-16,Net Banking
12910,1077,15,2025-06-09,Debit Card
12911,917,4,2023-12-23,Debit Card
12912,1230,14,2024-02-11,UPI
12913,1217,7,2025-06-18,UPI
12914,2490,8,2023-09-27,Credit Card
12915,1661,5,2024-11-02,UPI
12916,2881,14,2024-01-23,Cash
12917,1797,10,2025-10-01,Debit Card
12918,4118,1,2024-10-29,UPI
12919,4765,14,2024-03-20,Debit Card
12920,2111,9,2025-02-13,Credit Card
12921,257,15,2024-01-06,UPI
12922,1243,13,2023-07-18,Cash
12923,523,8,2025-07-31,UPI
12924,1803,15,2024-12-19,Debit Card
12925,3299,1,2025-05-31,Credit Card
12926,2665,9,2024-11-10,Debit Card
12927,1261,5,2025-02-07,Credit Card
12928,3922,14,2024-09-02,UPI
12929,688,8,2025-12-03,Net Banking
12930,1191,10,2024-11-19,Debit Card
12931,3479,10,2023-05-12,Cash
12932,1033,12,2023-03-20,UPI
12933,3487,2,2023-02-17,UPI
12934,4889,7,2024-12-20,UPI
12935,4193,9,2023-01-09,Credit Card
12936,834,7,2024-11-14,Net Banking
12937,2676,9,2024-07-14,Credit Card
12938,2205,4,2024-02-12,Debit Card
12939,4959,5,2024-05-11,Debit Card
12940,4838,7,2023-07-26,UPI
12941,664,1,2023-11-15,UPI
12942,4568,2,2024-12-19,UPI
12943,1009,2,2023-01-18,Debit Card
12944,1660,15,2024-10-28,Credit Card
12945,1850,15,2023-02-06,Cash
12946,1487,15,2024-09-22,UPI
12947,4312,10,2023-01-11,UPI
12948,1711,9,2025-09-28,Net Banking
12949,4123,3,2023-09-15,Credit Card
12950,4974,9,2025-08-03,Cash
12951,4240,1,2024-01-03,UPI
12952,1813,11,2024-12-04,UPI
12953,3636,3,2025-02-25,Credit Card
12954,2745,10,2023-09-04,Credit Card
12955,4000,15,2025-05-10,Debit Card
12956,800,2,2025-01-01,Cash
12957,3266,2,2024-05-12,Debit Card
12958,3945,1,2023-11-12,UPI
12959,3891,6,2025-07-19,Net Banking
12960,4832,5,2023-07-31,Cash
12961,305,14,2025-03-09,Debit Card
12962,1810,15,2023-10-05,Credit Card
12963,2476,12,2025-01-25,Credit Card
12964,1604,5,2025-07-21,Debit Card
12965,1604,11,2023-05-20,Credit Card
12966,915,9,2023-08-11,Net Banking
12967,4114,6,2024-02-25,Debit Card
12968,4565,9,2024-07-15,UPI
12969,423,4,2025-11-12,Debit Card
12970,805,7,2023-10-08,Credit Card
12971,1192,13,2025-12-12,UPI
12972,2617,11,2024-01-14,Credit Card
12973,4020,4,2024-08-05,Cash
12974,378,1,2023-07-24,UPI
12975,3260,4,2023-03-16,Cash
12976,783,2,2023-02-19,Debit Card
12977,4855,5,2025-11-25,Debit Card
12978,4532,11,2025-01-13,Cash
12979,4760,2,2024-06-16,Net Banking
12980,546,13,2024-04-20,UPI
12981,2522,2,2023-01-12,Cash
12982,859,12,2024-03-03,UPI
12983,3082,11,2024-01-22,UPI
12984,1211,14,2023-08-27,Credit Card
12985,3932,12,2023-02-11,Net Banking
12986,3293,4,2025-03-31,UPI
12987,2937,7,2024-10-15,Credit Card
12988,4162,13,2025-12-19,Debit Card
12989,2577,3,2024-05-06,Debit Card
12990,1396,11,2024-08-13,Credit Card
12991,3174,12,2025-09-23,Credit Card
12992,4802,7,2024-09-20,Credit Card
12993,3086,11,2025-12-16,Debit Card
12994,3213,9,2025-09-27,UPI
12995,4698,15,2023-08-02,UPI
12996,2644,3,2024-01-11,UPI
12997,4984,4,2025-09-16,Debit Card
12998,834,1,2023-10-21,Net Banking
12999,2762,7,2025-07-05,UPI
13000,1109,1,2025-05-26,UPI
13001,2360,13,2024-11-13,Debit Card
13002,888,12,2023-05-04,UPI
13003,1161,3,2025-12-04,Cash
13004,1097,14,2024-06-27,UPI
13005,1662,9,2025-11-22,Cash
13006,700,12,2023-12-12,Debit Card
13007,4099,5,2023-07-17,Cash
13008,1150,10,2023-09-11,UPI
13009,2170,10,2025-10-01,UPI
13010,80,11,2023-04-11,UPI
13011,541,2,2023-11-04,Debit Card
13012,4518,9,2025-02-21,UPI
13013,4221,6,2023-12-25,Debit Card
13014,4242,9,2023-01-08,Cash
13015,2147,12,2025-07-20,UPI
13016,742,11,2025-12-29,UPI
13017,552,14,2023-01-16,UPI
13018,3106,4,2024-12-25,Net Banking
13019,4182,6,2024-01-18,Net Banking
13020,4542,12,2025-10-08,UPI
13021,1497,7,2023-11-22,UPI
13022,1664,11,2024-07-18,UPI
13023,522,14,2023-01-29,Credit Card
13024,3946,6,2025-10-31,Debit Card
13025,1429,4,2024-07-12,Debit Card
13026,2492,8,2025-06-14,UPI
13027,4672,6,2025-04-03,UPI
13028,3843,2,2025-09-09,UPI
13029,280,13,2023-12-02,Debit Card
13030,34,12,2024-03-30,UPI
13031,4004,6,2025-12-06,UPI
13032,2837,1,2024-03-23,UPI
13033,3682,15,2025-07-27,UPI
13034,816,9,2024-05-05,Credit Card
13035,4402,15,2024-10-04,UPI
13036,3944,10,2024-09-12,Net Banking
13037,4495,12,2023-08-29,UPI
13038,1777,7,2024-10-28,Credit Card
13039,1429,8,2024-10-11,Credit Card
13040,794,12,2023-11-27,Cash
13041,4675,11,2025-05-09,Net Banking
13042,918,4,2023-08-31,UPI
13043,615,8,2023-02-09,Credit Card
13044,1004,12,2024-09-04,UPI
13045,3935,1,2024-02-06,UPI
13046,4491,11,2025-05-17,Debit Card
13047,4104,4,2023-09-06,Credit Card
13048,2898,6,2024-10-15,Cash
13049,4970,10,2023-04-10,Credit Card
13050,364,7,2024-04-05,UPI
13051,4378,12,2024-01-14,Debit Card
13052,2231,3,2025-02-26,Credit Card
13053,2369,10,2024-04-07,Cash
13054,668,10,2023-05-26,UPI
13055,173,2,2024-12-01,UPI
13056,1649,9,2025-10-17,Credit Card
13057,912,1,2025-06-30,Cash
13058,2504,10,2023-05-28,Cash
13059,772,14,2023-01-18,Cash
13060,725,1,2023-05-13,Cash
13061,4423,10,2023-11-02,UPI
13062,4627,2,2025-12-02,Credit Card
13063,4838,5,2025-05-09,Cash
13064,3493,1,2024-12-03,Cash
13065,3935,13,2024-04-18,Credit Card
13066,4216,6,2023-01-28,Credit Card
13067,3373,14,2023-05-25,UPI
13068,1712,8,2024-05-17,Debit Card
13069,812,10,2023-05-05,Debit Card
13070,1230,2,2024-05-09,Credit Card
13071,4238,5,2023-09-18,Debit Card
13072,3570,3,2023-11-25,Cash
13073,2373,2,2023-09-08,Cash
13074,154,14,2025-08-21,UPI
13075,1376,6,2024-11-22,Debit Card
13076,3719,1,2025-11-13,UPI
13077,2630,12,2023-06-07,UPI
13078,2260,8,2024-11-10,Credit Card
13079,1629,15,2024-03-10,Credit Card
13080,3113,6,2025-09-24,UPI
13081,4839,4,2023-03-11,Credit Card
13082,4545,12,2023-10-25,UPI
13083,161,5,2024-07-07,Credit Card
13084,2492,2,2025-01-29,Cash
13085,1708,8,2025-01-24,UPI
13086,2624,6,2023-03-26,Credit Card
13087,3108,6,2023-09-04,UPI
13088,1052,3,2025-05-05,Credit Card
13089,3973,1,2025-06-07,Cash
13090,2468,8,2024-06-02,UPI
13091,4961,12,2023-12-19,Debit Card
13092,133,7,2024-06-09,UPI
13093,989,12,2024-04-26,Credit Card
13094,3538,1,2025-09-12,Debit Card
13095,3563,12,2024-05-12,Debit Card
13096,2988,13,2024-03-09,Debit Card
13097,4859,8,2024-03-30,Credit Card
13098,2167,10,2025-10-04,Debit Card
13099,2173,2,2023-04-06,Credit Card
13100,4577,11,2023-12-31,UPI
13101,2770,8,2025-10-18,UPI
13102,1852,5,2024-02-15,UPI
13103,3673,8,2025-04-06,Debit Card
13104,3171,11,2025-05-03,UPI
13105,1589,12,2025-09-08,Debit Card
13106,1541,6,2025-10-26,Debit Card
13107,2069,15,2023-04-29,UPI
13108,378,2,2025-05-22,Credit Card
13109,4730,7,2025-03-23,Debit Card
13110,955,11,2024-08-15,UPI
13111,1012,15,2025-02-08,UPI
13112,3309,11,2023-12-29,UPI
13113,3693,13,2023-06-28,Net Banking
13114,3761,15,2025-09-12,Credit Card
13115,1966,6,2024-03-10,Credit Card
13116,4411,4,2025-04-26,Debit Card
13117,2800,9,2025-01-28,Credit Card
13118,2280,13,2023-03-03,Credit Card
13119,4102,13,2024-09-05,Net Banking
13120,1264,4,2024-08-01,Cash
13121,4340,1,2024-04-26,Debit Card
13122,2773,13,2024-01-14,Credit Card
13123,4542,3,2025-08-26,UPI
13124,1062,11,2023-09-07,Credit Card
13125,4703,8,2024-05-08,Credit Card
13126,3529,3,2024-02-22,Credit Card
13127,3161,14,2023-03-02,UPI
13128,2202,14,2023-10-18,Cash
13129,4796,7,2023-05-24,Cash
13130,2314,11,2024-11-19,UPI
13131,2566,1,2025-03-04,UPI
13132,3972,15,2024-04-02,UPI
13133,1474,14,2024-04-21,UPI
13134,1511,4,2023-08-14,Cash
13135,3952,4,2023-12-23,UPI
13136,671,9,2024-09-09,Debit Card
13137,4151,12,2023-06-06,UPI
13138,3196,11,2025-07-16,Debit Card
13139,2775,1,2025-05-05,UPI
13140,1193,11,2024-11-08,UPI
13141,3999,12,2023-10-19,Cash
13142,4081,15,2025-09-29,UPI
13143,2504,13,2025-03-03,UPI
13144,2042,9,2024-01-12,Credit Card
13145,1274,10,2023-03-02,UPI
13146,3852,8,2024-07-13,Debit Card
13147,3274,15,2024-03-11,Cash
13148,1078,10,2024-07-22,UPI
13149,4038,6,2024-04-29,Debit Card
13150,4443,11,2024-03-12,UPI
13151,310,4,2025-08-03,Credit Card
13152,3939,11,2024-11-18,Net Banking
13153,4308,6,2025-08-11,Credit Card
13154,4958,6,2024-07-28,Credit Card
13155,1231,2,2025-06-05,UPI
13156,1942,7,2023-02-01,UPI
13157,4839,9,2024-09-06,Credit Card
13158,486,8,2023-11-18,UPI
13159,2689,3,2024-04-23,Credit Card
13160,2605,8,2024-11-17,UPI
13161,3111,4,2025-03-06,Credit Card
13162,1715,10,2023-03-04,UPI
13163,4651,1,2024-11-02,Credit Card
13164,1397,3,2024-05-18,Cash
13165,3324,1,2023-01-26,Cash
13166,2551,5,2023-08-02,Credit Card
13167,1379,10,2025-11-10,UPI
13168,985,15,2023-11-02,Cash
13169,4799,11,2024-07-22,Credit Card
13170,2884,9,2024-09-25,Credit Card
13171,3099,7,2023-02-08,UPI
13172,3981,3,2024-03-30,Debit Card
13173,416,7,2025-05-25,Debit Card
13174,3646,12,2024-11-20,Credit Card
13175,858,8,2023-06-08,Cash
13176,3786,4,2024-07-16,UPI
13177,741,3,2024-12-02,UPI
13178,4201,2,2025-07-28,UPI
13179,3497,14,2024-11-08,Debit Card
13180,2025,8,2025-05-08,UPI
13181,1879,3,2025-06-14,Debit Card
13182,781,7,2023-03-23,Cash
13183,4555,11,2024-05-08,Cash
13184,609,11,2024-02-16,UPI
13185,2450,11,2025-11-07,Net Banking
13186,1226,2,2023-11-06,Debit Card
13187,4984,5,2023-10-05,Cash
13188,3006,5,2024-05-08,Debit Card
13189,784,9,2025-12-26,Credit Card
13190,3422,8,2023-08-11,Debit Card
13191,4958,8,2023-11-21,UPI
13192,3101,10,2023-01-17,Credit Card
13193,2385,2,2024-06-14,Debit Card
13194,1519,15,2025-09-04,Debit Card
13195,477,2,2025-10-16,Credit Card
13196,1191,12,2025-02-25,UPI
13197,2845,10,2025-03-05,UPI
13198,3850,7,2025-02-23,Debit Card
13199,4426,15,2024-03-01,Credit Card
13200,4034,15,2024-10-08,UPI
13201,652,12,2024-09-02,Debit Card
13202,3944,13,2024-03-27,Credit Card
13203,2984,13,2024-10-31,Cash
13204,2438,4,2025-10-01,Credit Card
13205,2943,15,2024-08-29,Credit Card
13206,33,3,2024-06-15,UPI
13207,357,13,2024-07-23,UPI
13208,2702,3,2024-11-14,UPI
13209,907,7,2025-11-09,Debit Card
13210,2811,1,2024-12-30,UPI
13211,1857,4,2024-01-30,UPI
13212,4565,6,2025-11-01,Cash
13213,4760,15,2024-03-22,Credit Card
13214,4897,9,2024-06-02,Cash
13215,4533,12,2024-01-27,UPI
13216,4926,1,2025-07-18,Cash
13217,3615,1,2025-06-14,Net Banking
13218,4816,2,2023-04-24,Cash
13219,3284,7,2024-01-23,UPI
13220,4099,7,2025-11-01,UPI
13221,689,15,2023-09-12,Cash
13222,3504,14,2024-08-24,UPI
13223,4681,5,2023-10-04,Credit Card
13224,2781,4,2023-01-07,Credit Card
13225,975,13,2025-08-13,Net Banking
13226,2707,15,2023-04-22,Credit Card
13227,3619,10,2024-12-10,UPI
13228,3929,13,2023-10-18,Credit Card
13229,2689,6,2024-07-07,Credit Card
13230,1133,8,2023-07-07,Credit Card
13231,4653,12,2024-10-31,Credit Card
13232,3945,7,2025-05-29,UPI
13233,1401,2,2023-10-10,Net Banking
13234,4110,11,2024-02-03,UPI
13235,1823,2,2023-02-16,Credit Card
13236,1617,6,2023-04-24,UPI
13237,4358,12,2025-02-02,UPI
13238,4410,1,2025-06-07,Debit Card
13239,2088,5,2025-06-02,Credit Card
13240,41,14,2023-07-10,Debit Card
13241,973,1,2023-02-24,UPI
13242,4571,7,2024-09-02,Net Banking
13243,4532,3,2024-04-01,Credit Card
13244,2360,9,2023-12-13,Credit Card
13245,1576,5,2023-05-01,UPI
13246,1569,1,2023-07-27,UPI
13247,4523,10,2024-11-12,Debit Card
13248,1678,4,2024-07-08,UPI
13249,2625,8,2024-11-21,Debit Card
13250,3732,14,2024-01-23,UPI
13251,1091,7,2023-01-13,Debit Card
13252,1313,6,2025-10-14,Debit Card
13253,1877,9,2025-01-31,UPI
13254,3351,12,2024-03-04,UPI
13255,4126,12,2025-02-03,Net Banking
13256,2818,14,2024-01-06,UPI
13257,695,4,2025-06-02,Credit Card
13258,2333,10,2025-05-20,UPI
13259,668,12,2025-08-03,Debit Card
13260,456,14,2023-01-10,Debit Card
13261,3023,1,2025-10-08,UPI
13262,4795,14,2024-10-26,UPI
13263,4225,12,2024-01-20,Net Banking
13264,3946,10,2023-07-11,Debit Card
13265,3710,6,2023-03-27,UPI
13266,4522,4,2024-12-27,Credit Card
13267,3845,1,2023-02-24,Net Banking
13268,3202,10,2025-06-16,Credit Card
13269,1912,3,2025-03-27,Credit Card
13270,522,11,2025-10-17,UPI
13271,2400,1,2025-04-08,Credit Card
13272,4646,5,2024-10-28,Cash
13273,2992,8,2025-11-04,Credit Card
13274,962,12,2024-02-04,Cash
13275,3323,14,2023-08-26,Cash
13276,2424,13,2024-03-08,Credit Card
13277,4684,2,2023-07-26,Credit Card
13278,836,12,2025-10-02,Net Banking
13279,3639,14,2023-07-15,UPI
13280,3500,6,2023-05-13,Debit Card
13281,4918,6,2025-05-08,Debit Card
13282,2908,5,2025-05-08,Credit Card
13283,4399,7,2025-04-27,Debit Card
13284,129,1,2024-08-09,Debit Card
13285,637,10,2025-05-23,Net Banking
13286,1812,4,2023-10-05,Cash
13287,3169,11,2023-05-25,UPI
13288,2348,6,2024-08-23,Credit Card
13289,1065,14,2025-06-27,Cash
13290,3023,4,2024-09-11,UPI
13291,2917,6,2024-04-12,UPI
13292,2693,2,2024-06-06,Debit Card
13293,467,11,2025-06-22,UPI
13294,4655,9,2024-12-30,Cash
13295,3038,4,2024-04-05,Net Banking
13296,1367,13,2025-02-15,Debit Card
13297,3528,5,2025-03-25,UPI
13298,1656,15,2023-01-23,UPI
13299,2603,7,2024-07-30,UPI
13300,1777,8,2024-01-08,UPI
13301,4438,1,2023-01-30,Net Banking
13302,4971,7,2025-01-18,UPI
13303,836,10,2023-06-29,UPI
13304,123,9,2024-03-03,Debit Card
13305,1142,2,2024-01-03,Cash
13306,3026,11,2025-09-18,UPI
13307,908,2,2024-01-07,Debit Card
13308,4108,11,2025-08-18,UPI
13309,2134,4,2023-12-27,UPI
13310,3130,12,2023-05-18,UPI
13311,2372,1,2024-04-03,Cash
13312,4553,9,2024-03-22,Cash
13313,184,12,2023-07-05,Debit Card
13314,3723,5,2024-11-01,UPI
13315,3338,3,2024-01-11,Net Banking
13316,3324,6,2023-12-18,Credit Card
13317,2162,7,2025-04-23,Credit Card
13318,77,4,2024-08-24,Debit Card
13319,3537,14,2025-03-04,Debit Card
13320,4186,15,2025-09-02,UPI
13321,439,14,2025-05-01,UPI
13322,2301,13,2024-10-31,UPI
13323,844,14,2024-04-17,UPI
13324,3132,2,2023-06-23,Cash
13325,3992,12,2025-01-23,UPI
13326,3418,5,2024-07-18,Net Banking
13327,1656,15,2025-09-11,UPI
13328,730,12,2024-04-09,Cash
13329,4037,14,2023-01-04,UPI
13330,1676,7,2024-05-02,Debit Card
13331,112,10,2023-07-06,UPI
13332,2937,10,2024-04-02,UPI
13333,1276,3,2023-01-27,Debit Card
13334,4244,2,2025-10-01,Cash
13335,752,2,2024-02-27,UPI
13336,2258,15,2025-03-23,Cash
13337,1310,11,2024-01-19,Credit Card
13338,3538,12,2024-06-20,Debit Card
13339,2824,15,2023-05-18,Debit Card
13340,4019,12,2023-06-17,Net Banking
13341,2391,11,2024-04-30,UPI
13342,19,4,2024-02-12,UPI
13343,1119,4,2025-07-17,Cash
13344,4998,14,2024-10-26,Cash
13345,2119,5,2025-11-17,UPI
13346,3173,3,2025-08-01,UPI
13347,4559,11,2024-11-03,Cash
13348,105,14,2023-10-09,Debit Card
13349,3378,1,2025-01-30,Credit Card
13350,1493,13,2024-06-17,Cash
13351,1452,15,2023-03-08,UPI
13352,1171,15,2025-03-30,UPI
13353,4150,4,2025-01-20,Debit Card
13354,1954,1,2023-04-28,Credit Card
13355,354,13,2023-12-23,UPI
13356,501,12,2023-01-26,Cash
13357,778,8,2025-06-28,Net Banking
13358,4533,15,2025-01-16,UPI
13359,2231,5,2024-07-24,UPI
13360,4602,2,2023-05-17,Debit Card
13361,4126,12,2023-02-18,UPI
13362,4226,5,2023-09-24,Credit Card
13363,1487,5,2023-10-08,UPI
13364,1408,1,2023-04-06,Debit Card
13365,2881,5,2023-09-07,UPI
13366,2176,8,2024-11-11,Cash
13367,2617,10,2024-06-16,Credit Card
13368,280,2,2025-06-17,Credit Card
13369,4856,8,2025-10-05,Cash
13370,304,13,2024-12-05,Debit Card
13371,931,8,2025-02-16,Cash
13372,3486,12,2024-12-29,UPI
13373,808,1,2024-02-24,Debit Card
13374,548,4,2023-01-22,Credit Card
13375,801,5,2025-10-08,Cash
13376,323,10,2025-03-28,UPI
13377,1300,8,2024-08-19,Cash
13378,1406,3,2023-11-11,UPI
13379,2566,1,2025-10-14,Credit Card
13380,2281,7,2025-11-22,Debit Card
13381,2459,4,2025-04-29,UPI
13382,3146,10,2024-03-08,UPI
13383,1202,12,2025-11-15,Debit Card
13384,702,5,2024-10-15,UPI
13385,4430,6,2025-12-05,Credit Card
13386,3244,4,2023-06-06,UPI
13387,317,1,2023-12-16,UPI
13388,4817,11,2025-09-21,UPI
13389,3549,8,2023-12-15,UPI
13390,794,11,2024-03-14,Credit Card
13391,4846,13,2024-01-09,UPI
13392,1915,9,2023-07-20,Cash
13393,4922,3,2025-07-11,UPI
13394,530,10,2024-12-07,Debit Card
13395,834,4,2023-12-09,UPI
13396,3365,5,2023-09-14,Cash
13397,112,10,2023-03-11,UPI
13398,93,13,2025-09-17,UPI
13399,4024,9,2023-08-27,UPI
13400,871,5,2025-07-07,UPI
13401,4616,7,2024-09-25,Cash
13402,2224,3,2023-04-09,UPI
13403,4411,1,2025-05-24,UPI
13404,2174,6,2024-09-06,UPI
13405,2722,13,2024-09-27,Cash
13406,1648,10,2025-02-16,Debit Card
13407,3368,1,2023-05-26,Debit Card
13408,1656,6,2025-08-09,Debit Card
13409,1165,8,2025-12-30,Net Banking
13410,416,14,2023-01-13,Debit Card
13411,302,9,2024-09-21,Credit Card
13412,1587,8,2024-04-18,UPI
13413,3759,13,2025-09-03,UPI
13414,1078,5,2025-06-20,UPI
13415,1549,7,2024-01-26,UPI
13416,4559,6,2025-03-01,Credit Card
13417,3273,9,2025-06-08,UPI
13418,4620,4,2024-09-02,UPI
13419,4579,8,2023-03-12,UPI
13420,331,12,2025-06-30,Cash
13421,4787,11,2023-06-26,Credit Card
13422,266,9,2024-02-24,Cash
13423,4649,7,2025-12-08,Credit Card
13424,2818,12,2025-03-26,Credit Card
13425,2739,7,2024-02-25,UPI
13426,3644,2,2023-05-25,UPI
13427,4432,9,2023-07-12,UPI
13428,3152,12,2024-08-23,UPI
13429,2220,15,2024-08-24,UPI
13430,575,5,2024-06-12,Debit Card
13431,4009,10,2025-07-19,Debit Card
13432,670,3,2024-01-30,Debit Card
13433,3706,4,2023-09-28,Credit Card
13434,2711,13,2023-05-14,UPI
13435,2024,10,2025-04-19,UPI
13436,3138,2,2023-03-19,UPI
13437,3939,3,2024-05-19,Cash
13438,4724,6,2025-12-10,UPI
13439,1371,15,2023-07-02,Credit Card
13440,4751,14,2025-11-03,Debit Card
13441,4817,13,2025-09-20,Net Banking
13442,4117,12,2024-06-11,Debit Card
13443,4441,1,2024-01-06,UPI
13444,3548,2,2024-08-17,Cash
13445,203,4,2023-06-16,UPI
13446,2953,1,2023-09-12,Cash
13447,3819,6,2025-06-07,Debit Card
13448,4727,12,2024-05-16,Credit Card
13449,2933,4,2024-07-18,Credit Card
13450,4037,2,2025-03-08,UPI
13451,3609,10,2023-04-19,Debit Card
13452,1457,4,2025-07-16,Net Banking
13453,804,12,2023-08-20,Credit Card
13454,3839,8,2023-09-14,Net Banking
13455,1213,6,2025-11-03,UPI
13456,1270,11,2025-02-11,UPI
13457,3293,1,2025-06-14,Net Banking
13458,4007,13,2023-07-12,UPI
13459,2989,5,2024-05-15,Cash
13460,4467,11,2024-02-26,UPI
13461,1099,6,2025-12-25,Debit Card
13462,1307,4,2023-01-18,UPI
13463,3260,4,2025-11-11,Credit Card
13464,4185,3,2023-12-03,Debit Card
13465,2777,13,2025-11-05,Debit Card
13466,48,10,2023-08-31,Debit Card
13467,3484,10,2024-01-25,UPI
13468,4117,6,2024-04-16,Debit Card
13469,1433,12,2025-08-25,Cash
13470,284,9,2024-07-29,Credit Card
13471,2658,13,2025-03-06,Credit Card
13472,222,7,2024-09-25,Cash
13473,2169,9,2025-08-13,UPI
13474,89,12,2024-08-06,Debit Card
13475,1172,14,2025-10-26,Credit Card
13476,2040,6,2025-11-27,Credit Card
13477,573,13,2023-09-13,Credit Card
13478,585,2,2025-05-26,Debit Card
13479,4175,6,2024-07-13,Cash
13480,219,7,2023-05-28,Debit Card
13481,3536,2,2025-06-16,UPI
13482,4118,14,2025-09-09,UPI
13483,683,1,2025-09-30,Net Banking
13484,1017,13,2025-12-18,UPI
13485,3284,6,2024-02-21,Credit Card
13486,1642,15,2025-08-21,UPI
13487,2476,12,2024-01-04,Cash
13488,4217,8,2024-06-29,Cash
13489,726,11,2025-01-09,Debit Card
13490,3171,6,2024-01-01,UPI
13491,4729,8,2023-07-09,UPI
13492,301,6,2024-01-14,Credit Card
13493,314,6,2024-04-10,Credit Card
13494,2852,14,2023-05-11,UPI
13495,4814,8,2025-07-09,UPI
13496,1149,3,2024-12-19,UPI
13497,1715,15,2024-04-03,UPI
13498,512,15,2025-08-18,UPI
13499,1896,3,2024-04-04,Cash
13500,232,6,2025-09-28,Credit Card
13501,2042,4,2025-02-22,UPI
13502,2858,7,2023-12-27,Debit Card
13503,4875,11,2023-11-19,UPI
13504,4130,7,2025-12-24,UPI
13505,4149,9,2024-10-27,Credit Card
13506,1191,2,2023-08-18,Debit Card
13507,449,11,2023-01-25,UPI
13508,3094,2,2024-09-24,UPI
13509,2680,6,2024-10-10,UPI
13510,2650,14,2024-01-12,UPI
13511,558,9,2024-12-24,Net Banking
13512,2543,13,2023-07-29,Credit Card
13513,790,7,2024-09-24,UPI
13514,2203,6,2025-07-01,Debit Card
13515,325,5,2025-11-03,Net Banking
13516,4333,8,2025-02-11,Credit Card
13517,61,12,2023-10-17,UPI
13518,4717,2,2025-01-22,Debit Card
13519,4358,12,2023-01-20,Cash
13520,3845,3,2024-05-26,Debit Card
13521,4910,12,2025-12-03,Credit Card
13522,282,6,2025-10-23,UPI
13523,3284,1,2024-04-08,Credit Card
13524,4289,12,2023-03-08,Credit Card
13525,660,8,2024-02-12,Net Banking
13526,3000,14,2023-01-26,UPI
13527,2060,11,2025-07-20,UPI
13528,2262,11,2025-06-15,UPI
13529,4583,9,2023-08-18,Net Banking
13530,2771,2,2024-08-16,UPI
13531,483,13,2025-09-27,UPI
13532,4709,9,2024-02-11,Net Banking
13533,967,5,2024-03-12,UPI
13534,4501,8,2024-04-15,Cash
13535,4852,1,2023-06-01,Credit Card
13536,4425,1,2025-06-21,Cash
13537,3485,12,2024-04-01,Cash
13538,3805,12,2024-12-25,Credit Card
13539,3589,4,2025-02-19,Credit Card
13540,2398,1,2023-09-23,UPI
13541,1423,12,2023-12-17,UPI
13542,1474,14,2023-11-10,Debit Card
13543,3734,1,2024-02-04,Debit Card
13544,3201,12,2023-04-23,Cash
13545,3000,5,2023-10-14,UPI
13546,3342,2,2023-04-21,Net Banking
13547,3948,4,2024-04-30,UPI
13548,3827,8,2023-03-12,Cash
13549,543,11,2025-05-15,UPI
13550,1900,6,2024-04-29,UPI
13551,1367,2,2024-07-27,Cash
13552,2768,3,2025-12-08,Credit Card
13553,322,2,2024-02-20,Debit Card
13554,3901,4,2023-02-19,Cash
13555,547,15,2023-03-21,UPI
13556,1408,5,2024-08-27,UPI
13557,3979,12,2024-03-15,Credit Card
13558,270,14,2025-01-06,Credit Card
13559,3380,15,2025-07-20,Cash
13560,4643,9,2025-06-26,UPI
13561,3155,7,2024-10-30,Credit Card
13562,3642,8,2025-07-14,Credit Card
13563,4025,7,2025-05-15,Cash
13564,1158,11,2024-05-20,Credit Card
13565,2981,10,2025-03-17,Net Banking
13566,1601,8,2023-09-29,UPI
13567,1290,13,2025-04-13,Credit Card
13568,1004,11,2025-01-27,Net Banking
13569,3003,5,2024-11-26,Net Banking
13570,4039,3,2023-05-28,UPI
13571,4420,12,2023-12-13,Cash
13572,2231,7,2023-10-02,Cash
13573,1954,14,2023-11-08,Net Banking
13574,3528,1,2023-07-25,Credit Card
13575,3970,3,2025-05-22,Credit Card
13576,1311,7,2024-09-18,Cash
13577,1539,13,2025-10-18,Net Banking
13578,2741,4,2025-11-24,UPI
13579,2320,7,2023-06-10,Debit Card
13580,3611,10,2025-05-09,Debit Card
13581,2596,10,2024-05-31,Cash
13582,572,6,2025-03-18,Debit Card
13583,864,4,2025-03-16,Credit Card
13584,4549,7,2024-01-24,UPI
13585,1187,8,2024-09-21,Net Banking
13586,260,14,2023-07-26,UPI
13587,3736,8,2025-03-21,UPI
13588,3509,7,2023-02-11,Cash
13589,3079,2,2024-04-02,Credit Card
13590,2584,8,2024-12-20,UPI
13591,4846,5,2023-11-16,UPI
13592,619,14,2024-02-18,UPI
13593,2622,9,2023-12-13,UPI
13594,2904,6,2024-04-14,UPI
13595,114,15,2023-05-12,Debit Card
13596,2153,4,2023-09-02,UPI
13597,3980,9,2024-03-18,UPI
13598,2446,1,2023-09-20,Debit Card
13599,4416,4,2024-11-06,UPI
13600,3298,11,2025-04-17,UPI
13601,3916,5,2023-10-22,Net Banking
13602,4078,4,2025-05-20,UPI
13603,3538,13,2024-01-12,Credit Card
13604,3832,15,2023-05-20,Debit Card
13605,3564,9,2024-12-26,Net Banking
13606,2832,1,2023-06-24,UPI
13607,2916,3,2025-07-23,Net Banking
13608,990,9,2023-04-25,Cash
13609,4178,12,2023-09-16,Debit Card
13610,1616,7,2023-04-16,UPI
13611,2755,5,2023-01-29,UPI
13612,1290,11,2024-12-12,UPI
13613,3569,6,2024-10-27,Credit Card
13614,4876,4,2024-05-01,UPI
13615,4070,5,2025-09-16,Cash
13616,3168,8,2025-06-29,Debit Card
13617,2920,5,2024-04-12,Cash
13618,2525,10,2024-07-21,UPI
13619,1076,2,2025-03-30,Debit Card
13620,1824,8,2023-08-28,Cash
13621,2120,12,2023-06-25,UPI
13622,4737,3,2023-03-04,Credit Card
13623,2223,5,2025-09-01,Debit Card
13624,3008,13,2023-01-10,UPI
13625,4631,12,2024-04-27,UPI
13626,2661,11,2024-05-23,UPI
13627,1301,6,2025-04-28,Credit Card
13628,1997,1,2024-03-16,Credit Card
13629,1970,14,2025-03-08,Debit Card
13630,3653,3,2023-12-14,UPI
13631,1533,1,2024-02-10,Credit Card
13632,3727,15,2023-03-05,UPI
13633,4490,7,2023-06-02,UPI
13634,1749,13,2025-08-24,UPI
13635,706,2,2023-12-01,UPI
13636,3270,10,2023-03-02,Debit Card
13637,1890,7,2023-08-23,Credit Card
13638,2745,12,2023-10-30,UPI
13639,3246,15,2023-09-20,UPI
13640,2128,14,2023-02-14,UPI
13641,4645,3,2023-08-19,UPI
13642,2093,3,2024-06-22,UPI
13643,1590,1,2024-07-14,Net Banking
13644,4469,7,2025-03-29,Cash
13645,712,12,2025-01-05,Debit Card
13646,645,8,2023-04-23,UPI
13647,4702,11,2025-11-19,UPI
13648,1089,4,2025-05-20,Cash
13649,777,9,2023-12-15,UPI
13650,2751,14,2025-11-19,Debit Card
13651,245,13,2025-07-14,UPI
13652,3173,4,2025-03-29,Credit Card
13653,2357,10,2023-09-05,Debit Card
13654,3277,5,2025-09-30,UPI
13655,1474,11,2025-09-01,UPI
13656,4560,6,2025-09-26,Debit Card
13657,1401,9,2023-02-12,Cash
13658,3263,9,2024-02-18,UPI
13659,4740,8,2024-06-25,UPI
13660,2099,10,2023-07-08,Net Banking
13661,837,12,2024-12-19,Cash
13662,362,2,2023-06-07,Cash
13663,4829,12,2025-01-02,UPI
13664,3906,10,2023-09-12,Net Banking
13665,4616,10,2025-01-04,Credit Card
13666,3584,1,2023-08-23,Debit Card
13667,1783,12,2024-09-18,Credit Card
13668,637,2,2023-06-22,UPI
13669,4673,14,2023-08-16,UPI
13670,2525,6,2023-10-31,UPI
13671,2075,11,2024-03-11,Credit Card
13672,2968,14,2024-10-23,UPI
13673,547,7,2025-07-20,UPI
13674,1602,14,2024-11-19,Debit Card
13675,3265,6,2023-03-27,Credit Card
13676,520,1,2023-05-01,UPI
13677,706,1,2023-01-23,Debit Card
13678,2624,1,2023-08-16,Cash
13679,3188,1,2023-03-05,Debit Card
13680,976,10,2023-08-02,Net Banking
13681,172,15,2024-10-15,UPI
13682,4807,14,2024-05-23,UPI
13683,148,10,2023-02-19,Debit Card
13684,7,14,2024-04-29,Cash
13685,1671,1,2024-01-09,UPI
13686,1160,2,2023-04-08,UPI
13687,2945,2,2023-10-29,Debit Card
13688,4508,4,2023-03-03,Debit Card
13689,2494,3,2023-12-29,Cash
13690,3944,4,2025-07-31,Debit Card
13691,4571,5,2023-08-11,Credit Card
13692,988,4,2024-05-06,Credit Card
13693,2523,3,2023-05-03,Cash
13694,3284,3,2024-01-13,UPI
13695,1723,4,2024-01-31,UPI
13696,3781,6,2023-10-24,UPI
13697,3611,7,2024-04-14,Credit Card
13698,2192,4,2023-06-16,Credit Card
13699,455,8,2024-03-20,UPI
13700,52,15,2023-08-21,UPI
13701,1938,6,2024-05-31,Debit Card
13702,423,5,2023-11-18,Cash
13703,3973,8,2023-05-04,UPI
13704,1739,6,2023-08-17,Credit Card
13705,3413,1,2024-07-17,UPI
13706,1813,11,2025-10-17,Debit Card
13707,4046,1,2024-10-16,UPI
13708,4486,14,2024-01-22,UPI
13709,4224,13,2024-06-10,Credit Card
13710,2511,10,2024-07-12,UPI
13711,433,10,2025-01-28,Cash
13712,1945,6,2024-12-11,Cash
13713,2216,8,2023-06-16,Credit Card
13714,4815,9,2025-07-10,Credit Card
13715,2912,15,2024-07-22,UPI
13716,3281,4,2024-11-06,UPI
13717,3975,11,2025-06-15,UPI
13718,2921,7,2025-11-16,UPI
13719,3072,9,2023-11-25,Credit Card
13720,1273,12,2023-10-29,Debit Card
13721,309,13,2025-09-04,Debit Card
13722,3685,8,2025-08-18,Credit Card
13723,4285,12,2025-07-11,UPI
13724,2153,13,2024-09-04,Cash
13725,2824,8,2024-09-09,Credit Card
13726,1590,1,2023-09-23,Credit Card
13727,2350,10,2024-11-06,UPI
13728,1089,6,2023-04-24,UPI
13729,3885,11,2025-12-30,UPI
13730,2535,9,2023-04-22,Debit Card
13731,2819,15,2024-02-04,UPI
13732,194,8,2025-12-30,UPI
13733,3185,2,2024-01-03,Debit Card
13734,1065,5,2024-05-17,Credit Card
13735,2012,11,2023-11-23,UPI
13736,2158,4,2025-02-10,Net Banking
13737,2347,8,2025-01-15,Credit Card
13738,1188,9,2024-06-03,Debit Card
13739,4295,12,2025-10-17,Net Banking
13740,2231,3,2023-06-24,Debit Card
13741,3137,9,2025-05-05,UPI
13742,3139,15,2025-01-21,Credit Card
13743,3113,1,2025-08-17,UPI
13744,2880,7,2023-08-19,UPI
13745,4150,8,2023-03-28,UPI
13746,4113,6,2025-12-05,UPI
13747,2173,4,2023-01-13,UPI
13748,3254,4,2024-07-03,Cash
13749,528,7,2024-08-09,UPI
13750,469,15,2023-11-03,UPI
13751,2490,10,2023-12-17,UPI
13752,4543,6,2023-10-28,Credit Card
13753,3326,15,2025-10-01,Debit Card
13754,3433,4,2024-08-06,Net Banking
13755,821,5,2023-01-17,Credit Card
13756,2360,10,2023-03-18,UPI
13757,2099,4,2024-04-05,Credit Card
13758,3982,1,2024-12-06,UPI
13759,724,4,2025-11-30,Debit Card
13760,2776,6,2025-05-13,UPI
13761,4579,15,2023-05-10,Net Banking
13762,4500,11,2025-09-25,Debit Card
13763,4306,2,2025-12-06,Credit Card
13764,1965,7,2023-10-22,UPI
13765,4724,9,2023-03-19,UPI
13766,4082,12,2023-02-18,UPI
13767,4301,15,2024-03-13,Credit Card
13768,4689,15,2025-01-19,Credit Card
13769,4707,11,2023-03-24,UPI
13770,1247,10,2025-03-16,Debit Card
13771,668,2,2023-11-09,UPI
13772,3542,7,2025-09-03,UPI
13773,2898,2,2023-05-05,Debit Card
13774,1694,9,2025-06-25,Debit Card
13775,3510,12,2023-04-01,UPI
13776,323,1,2023-09-14,Debit Card
13777,248,13,2023-02-17,UPI
13778,1858,4,2023-12-09,UPI
13779,1012,13,2025-09-01,Debit Card
13780,3670,12,2024-11-18,Credit Card
13781,4754,15,2023-03-21,Cash
13782,3389,2,2024-01-10,UPI
13783,3354,1,2024-06-18,Cash
13784,24,15,2024-09-05,Credit Card
13785,2630,13,2025-10-12,UPI
13786,4125,2,2025-11-07,UPI
13787,3350,10,2024-09-25,UPI
13788,1190,6,2024-05-08,Debit Card
13789,4284,5,2023-02-17,UPI
13790,4838,12,2025-11-22,UPI
13791,1451,13,2023-08-27,Debit Card
13792,1082,1,2024-11-14,Credit Card
13793,1763,15,2023-02-04,Credit Card
13794,330,3,2024-04-12,UPI
13795,4411,12,2024-01-15,UPI
13796,4673,10,2023-05-12,UPI
13797,3238,6,2025-11-30,UPI
13798,3910,5,2025-03-30,UPI
13799,3429,6,2025-09-12,Debit Card
13800,1976,8,2025-03-09,Net Banking
13801,3230,6,2024-01-07,Net Banking
13802,4218,11,2025-07-18,Credit Card
13803,4100,14,2025-07-25,Cash
13804,416,5,2023-10-30,UPI
13805,2408,11,2025-05-08,UPI
13806,2080,4,2025-04-04,Debit Card
13807,3843,5,2023-12-20,Credit Card
13808,2582,13,2025-07-07,Credit Card
13809,1834,11,2025-06-01,UPI
13810,3617,9,2024-06-21,UPI
13811,2458,14,2025-10-22,Net Banking
13812,1330,10,2025-12-24,Cash
13813,4495,11,2025-10-31,UPI
13814,583,6,2024-11-08,Debit Card
13815,90,5,2024-11-03,UPI
13816,754,11,2024-08-05,Credit Card
13817,851,11,2024-10-23,UPI
13818,2766,8,2025-10-27,Debit Card
13819,3195,5,2024-05-22,UPI
13820,2347,5,2024-05-10,Debit Card
13821,1072,8,2024-02-05,UPI
13822,691,9,2024-07-12,UPI
13823,2537,8,2024-02-10,UPI
13824,2911,15,2024-06-17,Net Banking
13825,1576,15,2023-10-24,Cash
13826,1149,9,2024-08-09,Debit Card
13827,416,15,2025-07-31,UPI
13828,141,9,2024-02-04,UPI
13829,544,8,2023-04-05,Debit Card
13830,3795,14,2024-04-01,UPI
13831,1796,7,2023-10-01,Credit Card
13832,147,15,2025-12-19,Credit Card
13833,2612,15,2025-04-23,UPI
13834,2756,13,2024-08-24,Debit Card
13835,2231,7,2025-07-16,Net Banking
13836,568,12,2023-11-29,UPI
13837,3855,1,2024-05-04,Cash
13838,3536,15,2024-08-07,Credit Card
13839,2064,15,2024-12-21,UPI
13840,1996,7,2023-09-09,Debit Card
13841,809,15,2025-03-21,Net Banking
13842,3849,10,2023-11-11,Net Banking
13843,3078,6,2024-11-07,Debit Card
13844,443,14,2024-05-11,Credit Card
13845,1979,12,2024-07-11,UPI
13846,4553,1,2024-12-21,Credit Card
13847,2357,10,2025-02-04,Debit Card
13848,1679,13,2024-10-15,UPI
13849,3292,10,2023-06-09,UPI
13850,1066,8,2023-11-01,UPI
13851,2691,9,2024-04-24,Cash
13852,3436,11,2023-11-16,Credit Card
13853,4324,11,2023-07-09,UPI
13854,3548,2,2023-11-23,UPI
13855,2016,13,2025-01-18,UPI
13856,3925,4,2023-01-03,UPI
13857,4531,11,2023-03-09,Credit Card
13858,2484,7,2023-03-25,UPI
13859,17,14,2025-04-15,Net Banking
13860,4441,12,2025-03-21,Debit Card
13861,860,13,2024-07-12,Debit Card
13862,659,11,2024-09-01,Debit Card
13863,1593,13,2025-03-13,Debit Card
13864,1990,1,2025-12-09,UPI
13865,4062,8,2025-03-01,Credit Card
13866,2042,12,2024-05-11,UPI
13867,254,9,2024-06-14,UPI
13868,3254,13,2025-08-06,UPI
13869,3446,13,2025-05-12,UPI
13870,4118,8,2023-09-18,Debit Card
13871,2090,2,2023-08-31,UPI
13872,445,8,2023-07-30,UPI
13873,2841,8,2024-11-16,Net Banking
13874,625,2,2024-03-22,UPI
13875,85,11,2024-06-04,Debit Card
13876,3959,9,2024-03-27,Credit Card
13877,2109,1,2023-06-03,Credit Card
13878,2697,7,2025-08-14,UPI
13879,3398,13,2023-03-28,Cash
13880,2100,15,2023-02-24,Credit Card
13881,266,2,2024-01-04,Credit Card
13882,1309,8,2024-03-02,Net Banking
13883,1013,8,2024-09-07,UPI
13884,4892,4,2023-10-15,Credit Card
13885,3779,8,2024-01-27,Debit Card
13886,2357,5,2024-11-21,Cash
13887,331,9,2024-10-10,UPI
13888,594,1,2024-04-23,Debit Card
13889,4114,13,2024-11-11,Net Banking
13890,4741,5,2023-12-31,Debit Card
13891,163,14,2025-12-04,Credit Card
13892,4576,13,2025-07-01,Cash
13893,1993,9,2024-02-24,Cash
13894,1112,15,2023-01-21,Debit Card
13895,523,6,2023-12-01,Debit Card
13896,3938,4,2024-03-25,UPI
13897,2437,1,2023-09-14,UPI
13898,4201,13,2025-07-23,Debit Card
13899,1177,10,2025-05-16,UPI
13900,3486,15,2024-11-24,Cash
13901,607,12,2024-09-21,Cash
13902,461,14,2025-01-30,UPI
13903,695,6,2023-12-11,Credit Card
13904,4099,11,2023-09-05,UPI
13905,3357,14,2023-06-18,Credit Card
13906,864,7,2023-02-04,Debit Card
13907,2017,7,2023-02-16,Credit Card
13908,3906,9,2024-02-08,Cash
13909,1480,4,2023-12-20,Cash
13910,4627,4,2023-09-18,Credit Card
13911,4592,5,2024-05-13,Credit Card
13912,2839,12,2024-07-17,UPI
13913,3230,14,2025-05-08,UPI
13914,3344,9,2023-11-26,Debit Card
13915,1340,15,2025-09-09,Net Banking
13916,1915,15,2025-10-04,Net Banking
13917,709,2,2025-08-21,UPI
13918,4646,4,2025-06-27,Credit Card
13919,3692,14,2025-02-25,UPI
13920,242,9,2025-07-18,Cash
13921,2826,6,2023-09-23,Debit Card
13922,1787,14,2024-06-02,Net Banking
13923,4118,6,2024-08-16,Credit Card
13924,1794,7,2024-06-11,UPI
13925,3294,5,2024-11-08,Credit Card
13926,863,4,2023-02-22,Cash
13927,2877,11,2023-07-09,UPI
13928,1521,3,2023-09-05,Cash
13929,857,2,2024-08-18,Debit Card
13930,3168,7,2024-07-07,UPI
13931,3271,5,2025-12-30,Debit Card
13932,4916,1,2025-07-06,UPI
13933,3432,4,2023-08-04,UPI
13934,2648,9,2023-05-13,UPI
13935,4583,15,2025-02-08,Credit Card
13936,4182,8,2024-12-21,UPI
13937,2824,11,2024-07-28,UPI
13938,2624,7,2025-04-18,Debit Card
13939,4728,5,2024-08-01,UPI
13940,3152,1,2023-09-18,Debit Card
13941,3646,12,2023-03-29,Debit Card
13942,448,5,2023-06-21,Cash
13943,3670,15,2024-05-11,Debit Card
13944,1371,8,2025-10-17,Debit Card
13945,592,4,2023-02-20,Debit Card
13946,4292,12,2024-02-05,UPI
13947,3543,5,2025-04-24,Credit Card
13948,2127,8,2023-07-21,Credit Card
13949,2244,5,2024-03-04,Debit Card
13950,1033,14,2023-02-21,UPI
13951,44,4,2023-03-03,Debit Card
13952,1830,11,2023-08-20,Credit Card
13953,777,15,2023-02-22,Debit Card
13954,2198,4,2023-07-31,UPI
13955,4209,13,2024-12-23,UPI
13956,588,6,2024-12-27,Net Banking
13957,475,10,2024-12-14,Debit Card
13958,4549,1,2025-01-15,Cash
13959,3806,4,2025-08-05,UPI
13960,280,14,2023-07-13,Net Banking
13961,414,1,2024-10-19,Debit Card
13962,3513,15,2024-04-16,Credit Card
13963,1942,12,2025-11-01,UPI
13964,3693,6,2023-09-06,UPI
13965,2115,8,2024-02-12,Debit Card
13966,4841,4,2025-02-17,Debit Card
13967,3557,8,2024-11-14,UPI
13968,244,14,2025-10-03,Credit Card
13969,1712,2,2025-07-24,Debit Card
13970,2900,5,2024-07-11,UPI
13971,745,15,2024-09-21,Debit Card
13972,9,14,2023-11-30,Credit Card
13973,413,15,2024-10-01,UPI
13974,2691,3,2024-03-19,UPI
13975,3231,14,2025-12-29,Credit Card
13976,482,7,2025-09-14,Debit Card
13977,3410,13,2023-09-23,UPI
13978,3152,9,2024-09-10,UPI
13979,4718,1,2024-06-10,Cash
13980,4239,15,2023-12-17,Credit Card
13981,4733,8,2023-08-12,UPI
13982,4839,4,2023-06-06,Debit Card
13983,2298,13,2025-08-29,UPI
13984,2522,10,2024-05-29,UPI
13985,1460,11,2023-12-02,UPI
13986,2612,5,2025-04-04,UPI
13987,791,12,2025-04-07,UPI
13988,3449,1,2025-10-30,Net Banking
13989,132,5,2025-10-26,UPI
13990,1222,9,2025-09-08,Debit Card
13991,1085,8,2024-10-16,UPI
13992,4713,8,2023-04-03,Credit Card
13993,760,6,2024-01-16,Credit Card
13994,4495,12,2024-08-21,Credit Card
13995,646,9,2025-02-08,UPI
13996,3331,4,2025-06-06,Cash
13997,1662,6,2024-07-07,UPI
13998,1644,3,2025-09-03,Cash
13999,4998,2,2024-04-19,Credit Card
14000,1176,9,2023-04-13,Debit Card
14001,1064,5,2024-02-24,UPI
14002,3023,11,2024-03-30,Credit Card
14003,3788,2,2024-10-08,Debit Card
14004,4910,5,2024-09-19,UPI
14005,3598,6,2025-06-14,UPI
14006,2889,8,2025-09-04,Credit Card
14007,2137,5,2023-07-26,UPI
14008,3055,15,2025-07-13,Debit Card
14009,3084,12,2025-07-08,UPI
14010,1134,2,2024-01-30,Cash
14011,3446,13,2024-11-07,Net Banking
14012,1072,7,2024-05-22,UPI
14013,2526,5,2024-01-25,UPI
14014,1349,13,2024-08-03,Net Banking
14015,1623,11,2023-11-27,UPI
14016,3139,2,2025-05-18,UPI
14017,338,12,2023-11-18,Cash
14018,55,6,2025-09-07,Debit Card
14019,683,11,2025-06-24,Debit Card
14020,879,7,2024-05-01,UPI
14021,1038,8,2025-10-10,UPI
14022,3946,3,2023-02-09,UPI
14023,2338,11,2025-10-09,UPI
14024,2441,4,2023-02-01,Credit Card
14025,3294,12,2024-03-09,Debit Card
14026,3721,6,2024-04-12,UPI
14027,12,3,2023-02-20,Credit Card
14028,4333,11,2023-04-22,UPI
14029,4943,6,2024-03-22,Cash
14030,629,9,2025-08-14,Debit Card
14031,3333,12,2025-04-05,Debit Card
14032,8,5,2024-02-26,Debit Card
14033,255,2,2024-08-22,UPI
14034,1474,10,2025-10-03,Net Banking
14035,4274,2,2025-09-20,UPI
14036,3341,14,2023-12-14,UPI
14037,2330,11,2023-06-10,Cash
14038,2280,7,2023-01-28,UPI
14039,2427,14,2023-04-05,Cash
14040,1610,4,2023-10-04,UPI
14041,4425,9,2025-12-03,UPI
14042,2920,9,2023-12-21,Net Banking
14043,2509,6,2023-07-20,Net Banking
14044,2420,10,2023-09-10,Net Banking
14045,4702,13,2025-09-13,UPI
14046,3692,5,2023-03-06,Credit Card
14047,759,7,2024-02-18,UPI
14048,2270,5,2024-05-26,Debit Card
14049,1493,13,2024-05-29,Debit Card
14050,4931,9,2025-11-18,Net Banking
14051,2167,9,2025-06-30,Cash
14052,359,15,2023-06-14,UPI
14053,2146,7,2025-01-14,Credit Card
14054,1664,15,2025-12-02,UPI
14055,3078,4,2023-05-28,UPI
14056,1176,1,2023-12-10,Credit Card
14057,187,15,2025-03-14,UPI
14058,497,4,2023-01-31,Debit Card
14059,1469,12,2024-03-04,Credit Card
14060,1824,14,2023-01-27,UPI
14061,4209,3,2025-07-16,UPI
14062,1398,1,2024-08-27,UPI
14063,163,13,2024-02-22,Credit Card
14064,3970,10,2024-11-09,Debit Card
14065,4388,4,2024-08-21,Cash
14066,2538,7,2024-10-22,Net Banking
14067,1474,2,2025-06-12,Cash
14068,3939,13,2023-12-27,Credit Card
14069,40,12,2024-08-02,UPI
14070,4641,12,2024-11-28,Debit Card
14071,4373,15,2024-04-07,Credit Card
14072,2808,7,2024-11-17,Credit Card
14073,1440,15,2024-01-22,UPI
14074,170,6,2025-10-20,UPI
14075,5000,9,2024-08-20,UPI
14076,3897,11,2025-10-26,Cash
14077,1764,2,2023-03-08,UPI
14078,96,14,2023-10-20,Debit Card
14079,3274,15,2025-08-22,Debit Card
14080,4932,6,2024-12-30,UPI
14081,3619,13,2023-09-14,Credit Card
14082,432,11,2024-12-16,Debit Card
14083,2105,6,2025-09-26,UPI
14084,560,6,2025-04-28,UPI
14085,4583,3,2023-10-21,Debit Card
14086,1712,6,2025-01-13,UPI
14087,3743,9,2025-07-26,UPI
14088,437,14,2024-10-30,Credit Card
14089,671,12,2025-11-27,Cash
14090,3490,13,2025-06-19,UPI
14091,4258,11,2025-04-09,UPI
14092,1060,3,2023-03-05,UPI
14093,2181,2,2023-07-27,Credit Card
14094,3169,8,2024-11-30,Credit Card
14095,4048,13,2025-11-07,UPI
14096,3209,14,2024-06-24,Cash
14097,494,13,2023-04-19,Credit Card
14098,2798,15,2024-01-06,Credit Card
14099,4463,3,2024-03-31,UPI
14100,4383,15,2024-07-16,Debit Card
14101,3001,12,2023-08-25,Debit Card
14102,4979,15,2023-05-09,Credit Card
14103,542,5,2023-09-03,Credit Card
14104,2485,5,2025-11-03,UPI
14105,3952,2,2025-02-14,Debit Card
14106,739,2,2023-12-04,Credit Card
14107,4863,6,2024-02-26,Credit Card
14108,1856,2,2023-08-18,UPI
14109,1837,14,2023-05-03,Cash
14110,1111,6,2024-10-06,Cash
14111,1492,12,2025-04-07,UPI
14112,2965,12,2025-11-02,Cash
14113,2233,7,2025-10-25,Debit Card
14114,1009,13,2023-02-28,Credit Card
14115,4099,4,2023-01-16,UPI
14116,325,10,2025-10-25,Credit Card
14117,4209,4,2023-01-24,Credit Card
14118,1424,13,2023-12-11,UPI
14119,2551,3,2024-06-08,Cash
14120,1997,1,2023-10-27,UPI
14121,2934,4,2025-07-19,Credit Card
14122,4046,3,2023-10-25,Credit Card
14123,4949,8,2025-06-17,Cash
14124,1587,5,2024-04-17,Credit Card
14125,2848,7,2024-06-26,UPI
14126,2427,3,2024-02-17,Debit Card
14127,4998,3,2023-11-16,Debit Card
14128,4099,11,2025-05-12,Net Banking
14129,2079,6,2023-01-11,Debit Card
14130,2478,10,2023-05-29,UPI
14131,1273,4,2025-11-10,Cash
14132,3856,8,2025-08-16,Credit Card
14133,4271,3,2025-09-19,UPI
14134,4839,5,2024-04-03,Net Banking
14135,2914,1,2023-09-30,Debit Card
14136,3443,14,2023-08-17,Cash
14137,2331,1,2023-11-03,UPI
14138,3124,15,2024-09-24,Debit Card
14139,1826,8,2025-08-16,Credit Card
14140,3767,7,2024-02-27,Credit Card
14141,115,1,2025-11-17,UPI
14142,151,6,2025-08-08,UPI
14143,3659,2,2025-08-14,Credit Card
14144,4678,12,2023-07-23,Debit Card
14145,3231,1,2024-08-25,Credit Card
14146,3707,10,2025-04-28,Credit Card
14147,4157,5,2023-09-28,UPI
14148,1894,5,2025-10-04,Net Banking
14149,554,2,2024-10-25,Debit Card
14150,4691,12,2023-12-18,Net Banking
14151,4715,5,2023-12-05,Net Banking
14152,2302,14,2024-05-23,Cash
14153,1133,15,2025-05-29,UPI
14154,4500,7,2024-12-13,Debit Card
14155,3626,4,2023-12-04,UPI
14156,34,2,2024-01-15,Cash
14157,551,13,2024-10-04,Cash
14158,4916,15,2023-09-27,UPI
14159,199,5,2025-07-15,Cash
14160,1464,11,2024-02-09,Net Banking
14161,2824,6,2025-09-12,UPI
14162,961,13,2024-10-06,UPI
14163,1208,8,2025-08-07,UPI
14164,1846,14,2023-02-23,Debit Card
14165,1395,9,2024-09-09,Cash
14166,4077,11,2023-11-28,UPI
14167,2577,10,2024-10-13,Net Banking
14168,1447,8,2023-05-30,UPI
14169,1626,7,2025-11-25,Credit Card
14170,205,9,2024-07-07,Net Banking
14171,257,9,2025-11-23,Net Banking
14172,3667,6,2024-10-17,UPI
14173,582,12,2024-06-03,Net Banking
14174,2471,3,2025-09-26,UPI
14175,4250,14,2023-06-25,UPI
14176,1932,12,2024-12-11,Debit Card
14177,1810,11,2023-02-03,UPI
14178,4409,8,2023-07-25,Credit Card
14179,4368,3,2023-04-12,Cash
14180,4437,1,2025-11-23,Credit Card
14181,2939,13,2023-07-29,UPI
14182,4776,12,2024-11-09,Cash
14183,4132,4,2024-04-11,UPI
14184,2168,14,2025-03-08,Cash
14185,3213,9,2023-09-09,Net Banking
14186,629,13,2024-06-03,Debit Card
14187,2834,8,2024-04-25,UPI
14188,1362,14,2023-11-16,Debit Card
14189,1472,14,2024-08-18,UPI
14190,655,6,2023-09-23,UPI
14191,1877,3,2025-03-10,Debit Card
14192,2496,3,2025-08-06,UPI
14193,3082,7,2025-11-20,UPI
14194,1581,14,2024-01-02,UPI
14195,4025,5,2025-09-22,Debit Card
14196,2680,3,2025-06-18,Credit Card
14197,3265,12,2025-11-13,UPI
14198,1443,12,2025-09-09,UPI
14199,4118,12,2024-12-30,Net Banking
14200,3192,1,2024-01-29,Net Banking
14201,4355,11,2023-05-03,Credit Card
14202,834,9,2023-08-25,UPI
14203,1995,11,2024-08-19,UPI
14204,583,12,2025-03-07,UPI
14205,1121,12,2025-12-13,Credit Card
14206,2063,5,2023-06-24,Credit Card
14207,4510,11,2025-05-06,Credit Card
14208,2869,15,2025-09-26,UPI
14209,1712,7,2025-10-25,Net Banking
14210,3819,10,2025-06-02,Credit Card
14211,99,15,2023-01-22,UPI
14212,1940,9,2025-05-25,Debit Card
14213,3084,4,2025-06-09,Credit Card
14214,2992,13,2025-12-05,UPI
14215,3116,15,2025-07-29,Debit Card
14216,1099,13,2025-09-21,UPI
14217,1757,12,2024-02-03,Debit Card
14218,4685,11,2023-03-01,UPI
14219,4870,5,2025-08-19,Net Banking
14220,1615,3,2025-02-09,Credit Card
14221,3296,7,2025-03-12,UPI
14222,1249,13,2025-11-13,Cash
14223,1933,15,2023-10-29,Cash
14224,4025,1,2023-04-29,Debit Card
14225,2581,8,2023-08-06,Credit Card
14226,4292,3,2025-05-30,UPI
14227,3209,13,2023-04-07,Debit Card
14228,3210,4,2023-11-18,Cash
14229,176,10,2025-02-10,Credit Card
14230,3833,15,2025-01-10,UPI
14231,4895,4,2025-01-04,Net Banking
14232,2456,11,2023-09-05,Debit Card
14233,827,7,2023-11-01,Net Banking
14234,4889,14,2023-06-01,UPI
14235,1505,12,2025-02-11,UPI
14236,2137,7,2025-04-29,UPI
14237,405,4,2025-01-07,UPI
14238,570,6,2025-08-21,UPI
14239,1129,8,2025-04-17,UPI
14240,2824,10,2025-06-02,Credit Card
14241,2872,14,2024-01-23,Cash
14242,3109,4,2023-03-07,UPI
14243,2996,13,2024-12-23,UPI
14244,2549,1,2025-12-01,UPI
14245,4070,7,2023-05-11,UPI
14246,4695,2,2023-10-10,Cash
14247,1395,11,2024-12-28,UPI
14248,680,13,2024-06-09,UPI
14249,2219,3,2024-12-27,Cash
14250,141,8,2025-09-29,Cash
14251,4452,2,2024-09-24,Cash
14252,1245,2,2023-07-04,Credit Card
14253,2826,4,2025-02-03,Cash
14254,590,6,2024-10-20,Credit Card
14255,2843,10,2023-07-14,Cash
14256,202,11,2025-08-28,Credit Card
14257,3927,2,2023-10-23,Credit Card
14258,4789,9,2023-04-14,Cash
14259,1590,12,2024-04-17,UPI
14260,1339,2,2024-10-01,UPI
14261,2346,9,2025-03-06,Debit Card
14262,3173,15,2025-11-08,Net Banking
14263,987,7,2025-01-23,UPI
14264,4076,11,2024-06-03,Credit Card
14265,1043,3,2025-05-23,Credit Card
14266,22,9,2024-11-16,Net Banking
14267,2691,9,2023-11-29,Debit Card
14268,590,6,2023-07-19,UPI
14269,3581,2,2023-05-06,Credit Card
14270,869,7,2023-03-22,UPI
14271,4126,4,2024-10-14,Debit Card
14272,2443,4,2023-06-11,UPI
14273,2916,7,2023-04-22,Debit Card
14274,973,5,2025-03-15,Cash
14275,769,1,2023-05-26,Cash
14276,3225,3,2024-08-23,Cash
14277,1323,7,2025-05-18,UPI
14278,2025,13,2025-02-13,Credit Card
14279,2488,9,2024-08-04,UPI
14280,1195,9,2023-03-10,UPI
14281,4043,7,2023-11-03,Debit Card
14282,4717,5,2024-05-14,Credit Card
14283,2245,4,2024-05-04,Cash
14284,4612,9,2024-01-10,Credit Card
14285,4446,6,2024-01-06,UPI
14286,865,13,2023-10-26,Credit Card
14287,904,10,2025-12-21,UPI
14288,2481,2,2024-10-21,Net Banking
14289,2702,3,2024-04-24,UPI
14290,1777,7,2024-05-05,Credit Card
14291,1624,15,2025-05-09,UPI
14292,2244,4,2025-06-04,Debit Card
14293,3542,7,2023-06-06,Credit Card
14294,436,13,2023-12-02,Cash
14295,3634,12,2025-09-25,UPI
14296,4653,12,2023-12-18,UPI
14297,3906,5,2025-05-28,Cash
14298,1002,1,2025-10-17,Net Banking
14299,450,10,2025-05-24,UPI
14300,2527,3,2024-05-26,Net Banking
14301,4797,9,2025-06-13,UPI
14302,4132,4,2023-12-12,Credit Card
14303,2893,12,2023-04-05,Debit Card
14304,752,5,2025-01-02,Net Banking
14305,3646,15,2024-07-11,UPI
14306,4114,2,2024-08-07,UPI
14307,4701,10,2025-09-02,Credit Card
14308,3137,15,2025-11-09,UPI
14309,2641,11,2025-12-29,Credit Card
14310,3168,8,2024-09-03,Debit Card
14311,4733,1,2024-04-02,Cash
14312,3209,14,2024-03-04,UPI
14313,1335,11,2023-11-19,UPI
14314,3255,4,2023-10-19,Debit Card
14315,4436,6,2025-02-13,Debit Card
14316,2918,8,2024-05-20,Credit Card
14317,2585,4,2024-05-11,Credit Card
14318,3743,2,2024-11-12,Cash
14319,3383,4,2024-12-14,Debit Card
14320,298,1,2024-02-02,Debit Card
14321,3702,8,2024-11-18,Debit Card
14322,2127,9,2024-10-05,Debit Card
14323,4723,3,2024-08-23,Debit Card
14324,4851,14,2023-12-09,UPI
14325,2347,8,2024-05-16,Credit Card
14326,4845,9,2023-12-22,Cash
14327,1609,12,2023-06-28,UPI
14328,3504,13,2023-04-01,Credit Card
14329,394,8,2025-07-31,Credit Card
14330,760,14,2024-05-23,UPI
14331,4366,2,2024-01-09,Credit Card
14332,4507,2,2023-07-23,UPI
14333,2735,10,2023-04-12,Cash
14334,1769,13,2023-03-21,UPI
14335,2356,4,2025-03-10,Net Banking
14336,4392,1,2024-06-17,UPI
14337,1098,12,2024-04-28,Credit Card
14338,1523,3,2023-11-05,UPI
14339,3991,4,2025-10-31,Cash
14340,4701,12,2023-04-16,Cash
14341,482,2,2023-10-25,UPI
14342,4078,12,2025-05-06,UPI
14343,3299,7,2023-12-14,UPI
14344,1201,13,2025-05-31,UPI
14345,3859,10,2025-12-04,UPI
14346,3713,3,2023-04-01,UPI
14347,745,7,2023-09-26,Cash
14348,2584,7,2025-07-12,Cash
14349,3872,13,2024-01-09,Credit Card
14350,1001,13,2024-04-05,Cash
14351,2408,11,2023-11-06,UPI
14352,625,9,2024-09-06,UPI
14353,1590,4,2023-03-29,UPI
14354,1136,4,2023-01-24,UPI
14355,2599,1,2024-02-25,Cash
14356,740,15,2023-06-22,Debit Card
14357,2011,15,2024-06-13,UPI
14358,1426,14,2023-12-05,Credit Card
14359,3812,11,2023-07-22,UPI
14360,3588,6,2024-12-17,UPI
14361,491,6,2025-09-03,UPI
14362,4779,7,2024-01-09,Credit Card
14363,3806,9,2025-06-07,Debit Card
14364,3146,10,2024-03-16,UPI
14365,2483,10,2025-12-20,Debit Card
14366,924,10,2024-08-01,Credit Card
14367,4821,9,2025-06-01,Credit Card
14368,32,5,2023-09-01,Debit Card
14369,3548,2,2023-08-05,UPI
14370,2607,1,2025-11-09,UPI
14371,4550,2,2024-12-02,Net Banking
14372,1995,2,2024-07-07,Cash
14373,2664,12,2024-04-05,Credit Card
14374,3796,1,2024-06-17,Debit Card
14375,250,12,2025-02-16,Debit Card
14376,284,8,2024-07-10,Debit Card
14377,1099,3,2024-06-07,Credit Card
14378,768,10,2023-07-18,UPI
14379,24,14,2023-07-14,Cash
14380,3186,14,2023-12-13,Credit Card
14381,4046,10,2025-01-08,Cash
14382,4802,12,2024-11-07,Cash
14383,2298,8,2025-02-28,Debit Card
14384,1454,6,2025-09-27,Debit Card
14385,4362,1,2024-05-25,Cash
14386,4266,13,2024-03-29,Debit Card
14387,3195,14,2024-06-25,Credit Card
14388,1414,13,2023-06-03,Credit Card
14389,4566,7,2025-09-07,Net Banking
14390,926,3,2023-10-22,Debit Card
14391,229,9,2024-04-29,Debit Card
14392,4050,9,2023-07-19,UPI
14393,2900,4,2025-08-07,Credit Card
14394,1274,2,2025-04-28,UPI
14395,3445,10,2023-11-08,Credit Card
14396,3919,15,2025-09-28,Credit Card
14397,4267,9,2024-08-27,UPI
14398,1462,5,2024-04-29,Cash
14399,137,11,2023-11-25,Credit Card
14400,2621,15,2023-09-02,Debit Card
14401,4330,12,2025-11-13,UPI
14402,1082,8,2025-09-07,Debit Card
14403,2192,9,2025-02-15,UPI
14404,1328,11,2024-03-07,Credit Card
14405,62,1,2023-03-03,UPI
14406,4531,11,2024-09-25,Debit Card
14407,705,3,2024-11-22,Cash
14408,3919,7,2025-12-27,Debit Card
14409,1815,14,2023-06-15,UPI
14410,1440,2,2025-02-08,UPI
14411,4724,14,2024-10-23,Credit Card
14412,3363,4,2024-08-21,UPI
14413,3525,4,2025-09-20,UPI
14414,3883,7,2025-02-12,UPI
14415,1777,14,2023-06-29,UPI
14416,2900,15,2024-08-20,Credit Card
14417,1398,2,2023-12-21,UPI
14418,4209,8,2025-02-22,Credit Card
14419,3078,8,2024-03-23,Debit Card
14420,1262,13,2024-01-28,UPI
14421,4539,15,2023-11-26,Net Banking
14422,2980,6,2023-08-11,UPI
14423,2549,4,2025-02-19,UPI
14424,180,2,2024-11-03,Credit Card
14425,4573,15,2024-02-07,Credit Card
14426,4776,3,2023-05-01,Cash
14427,2893,3,2023-07-15,UPI
14428,2306,12,2024-11-22,UPI
14429,1882,3,2025-07-24,Cash
14430,1391,4,2024-01-06,Debit Card
14431,2950,15,2024-05-16,UPI
14432,669,15,2023-08-10,Credit Card
14433,4618,7,2023-05-04,UPI
14434,915,9,2023-02-17,Net Banking
14435,3808,10,2025-06-27,Net Banking
14436,1590,13,2024-12-04,Net Banking
14437,1176,15,2024-03-24,UPI
14438,2872,4,2025-11-13,Cash
14439,3915,13,2025-09-16,UPI
14440,3709,7,2024-10-09,Debit Card
14441,1213,10,2023-03-06,Credit Card
14442,1712,6,2024-03-30,UPI
14443,4388,10,2024-02-25,UPI
14444,3689,9,2023-04-07,Credit Card
14445,3642,8,2023-04-25,UPI
14446,1393,2,2023-10-17,Net Banking
14447,4024,3,2023-10-18,Credit Card
14448,1878,6,2023-11-24,Net Banking
14449,2102,5,2025-05-29,UPI
14450,1490,2,2024-05-09,UPI
14451,627,2,2024-07-09,Cash
14452,2186,5,2024-03-06,Credit Card
14453,85,5,2024-03-04,UPI
14454,2374,1,2025-03-20,Net Banking
14455,3700,15,2023-07-08,Net Banking
14456,4816,10,2023-04-16,Debit Card
14457,410,11,2025-10-27,Net Banking
14458,1459,3,2023-09-17,Debit Card
14459,2545,9,2025-09-14,Debit Card
14460,888,15,2025-04-19,Cash
14461,599,10,2025-05-21,UPI
14462,2357,13,2025-01-10,Credit Card
14463,2980,3,2024-08-09,Credit Card
14464,4139,6,2024-04-15,Debit Card
14465,4995,6,2025-07-29,UPI
14466,3946,2,2023-07-17,Credit Card
14467,1154,7,2025-07-29,Cash
14468,3825,9,2025-12-03,Net Banking
14469,2763,9,2025-10-14,Credit Card
14470,2354,8,2024-02-05,Debit Card
14471,4702,14,2023-05-18,Credit Card
14472,3601,5,2024-08-26,Cash
14473,3500,8,2023-08-01,UPI
14474,54,9,2024-01-23,Cash
14475,4370,1,2024-03-26,Credit Card
14476,4032,1,2023-11-15,Credit Card
14477,1548,11,2025-02-28,Net Banking
14478,1515,13,2024-09-12,UPI
14479,281,5,2024-09-22,UPI
14480,264,7,2023-05-31,Debit Card
14481,3428,13,2025-12-05,UPI
14482,973,9,2024-04-25,Debit Card
14483,4641,9,2025-04-21,UPI
14484,4251,14,2024-04-17,Credit Card
14485,1827,3,2024-01-02,UPI
14486,1991,1,2025-02-28,UPI
14487,1694,3,2024-06-03,UPI
14488,479,8,2025-02-12,Net Banking
14489,163,7,2023-11-26,UPI
14490,2357,5,2025-05-06,Credit Card
14491,4732,11,2025-06-30,Credit Card
14492,4610,10,2025-11-06,UPI
14493,4099,12,2024-09-27,Credit Card
14494,3209,15,2025-11-18,Credit Card
14495,4330,9,2025-12-05,Cash
14496,2644,13,2024-05-31,Credit Card
14497,935,4,2023-11-29,UPI
14498,3509,6,2025-11-28,Debit Card
14499,4625,12,2025-05-28,UPI
14500,99,5,2024-02-15,Credit Card
14501,1301,6,2025-05-20,UPI
14502,1372,15,2025-10-05,UPI
14503,515,4,2024-12-09,UPI
14504,1174,3,2025-01-13,Cash
14505,2014,15,2024-01-04,Cash
14506,4718,5,2024-12-26,Credit Card
14507,4341,5,2025-05-13,Credit Card
14508,4744,14,2025-02-24,Credit Card
14509,624,11,2024-08-06,UPI
14510,151,2,2025-05-04,Cash
14511,564,10,2025-12-09,Cash
14512,4590,4,2025-03-18,Debit Card
14513,821,13,2023-01-12,Debit Card
14514,2942,3,2024-10-30,Debit Card
14515,1190,14,2025-12-26,UPI
14516,105,7,2024-10-11,Credit Card
14517,437,5,2025-01-12,UPI
14518,3631,15,2024-03-11,UPI
14519,951,6,2023-01-09,Debit Card
14520,1193,14,2025-02-17,Cash
14521,1975,11,2024-07-11,Net Banking
14522,3363,15,2023-11-10,Credit Card
14523,2438,7,2023-10-11,Debit Card
14524,4737,2,2025-10-07,Debit Card
14525,2253,10,2023-05-17,Debit Card
14526,1048,4,2025-04-17,UPI
14527,2756,14,2023-03-31,UPI
14528,2354,15,2025-06-26,Credit Card
14529,4003,6,2025-06-18,Credit Card
14530,4701,3,2024-11-19,Debit Card
14531,4218,6,2025-01-11,Debit Card
14532,2042,10,2023-11-01,Credit Card
14533,1127,15,2023-05-02,Credit Card
14534,4591,1,2024-03-19,UPI
14535,2025,8,2023-07-26,UPI
14536,3931,10,2025-05-20,UPI
14537,4949,5,2025-08-14,UPI
14538,2965,14,2024-12-16,UPI
14539,2490,14,2024-03-06,UPI
14540,3589,14,2025-12-19,Credit Card
14541,1013,11,2024-07-16,Net Banking
14542,2522,14,2023-10-01,UPI
14543,1617,1,2025-01-14,Cash
14544,855,14,2024-02-25,Debit Card
14545,3129,10,2024-03-01,Cash
14546,2958,10,2025-01-03,Net Banking
14547,3891,15,2025-03-23,Cash
14548,4408,11,2024-06-27,Cash
14549,1149,1,2023-09-12,UPI
14550,3966,11,2024-02-17,UPI
14551,1924,10,2024-05-15,Debit Card
14552,3210,15,2024-04-16,UPI
14553,4296,12,2023-07-21,Credit Card
14554,1326,3,2025-09-18,UPI
14555,3085,6,2025-02-16,Debit Card
14556,2490,2,2025-10-16,UPI
14557,4016,8,2024-06-20,Debit Card
14558,3575,11,2025-08-21,Credit Card
14559,3929,10,2023-02-28,UPI
14560,1492,7,2025-04-21,Cash
14561,3605,11,2023-12-29,Debit Card
14562,3107,2,2025-05-30,Debit Card
14563,2382,1,2025-01-19,UPI
14564,1982,7,2023-09-18,UPI
14565,1722,13,2025-11-29,Net Banking
14566,45,13,2024-10-26,UPI
14567,885,7,2023-11-14,UPI
14568,309,3,2024-12-04,Cash
14569,4283,14,2024-07-25,Credit Card
14570,4339,10,2024-02-10,Debit Card
14571,4274,13,2025-08-17,UPI
14572,4127,8,2024-02-15,Net Banking
14573,1154,8,2025-02-22,Credit Card
14574,2535,5,2025-06-18,Credit Card
14575,4565,7,2023-07-27,UPI
14576,3884,3,2025-05-20,Debit Card
14577,5,6,2025-03-12,Credit Card
14578,2395,3,2025-04-12,Net Banking
14579,50,11,2025-11-23,UPI
14580,1457,12,2024-10-01,Credit Card
14581,2262,9,2025-12-10,UPI
14582,4504,7,2023-05-22,Debit Card
14583,3353,1,2024-06-20,UPI
14584,1897,8,2024-05-31,Net Banking
14585,2529,9,2023-10-15,Debit Card
14586,4126,10,2023-10-11,Credit Card
14587,1551,2,2024-03-01,UPI
14588,3145,1,2023-05-11,Credit Card
14589,1358,15,2024-09-27,Debit Card
14590,2490,15,2023-08-10,Credit Card
14591,129,11,2023-08-28,Credit Card
14592,4306,4,2024-04-04,UPI
14593,253,9,2024-12-20,UPI
14594,1168,6,2025-06-03,Cash
14595,1732,11,2023-02-23,Credit Card
14596,3196,13,2023-08-25,Credit Card
14597,3679,12,2024-02-11,Credit Card
14598,415,10,2023-01-12,Debit Card
14599,228,8,2023-11-02,Cash
14600,4062,7,2023-10-14,Credit Card
14601,3639,5,2025-01-05,UPI
14602,4195,5,2025-12-05,UPI
14603,3482,14,2025-06-28,Cash
14604,3839,6,2024-08-03,Credit Card
14605,1984,15,2024-08-03,Cash
14606,3027,6,2024-08-09,Credit Card
14607,4083,5,2025-06-15,UPI
14608,899,8,2025-04-15,UPI
14609,2209,3,2025-10-17,UPI
14610,3786,9,2023-04-25,UPI
14611,2736,5,2023-07-11,UPI
14612,3500,9,2023-09-03,Debit Card
14613,1517,5,2024-10-05,Net Banking
14614,166,3,2023-08-01,UPI
14615,152,9,2024-01-21,Credit Card
14616,4731,2,2024-07-27,Credit Card
14617,4737,12,2025-10-08,UPI
14618,1099,13,2025-10-16,UPI
14619,772,5,2024-05-29,Credit Card
14620,90,3,2025-01-27,Net Banking
14621,1204,7,2025-03-19,Credit Card
14622,1739,4,2023-02-09,UPI
14623,1248,15,2025-07-01,Debit Card
14624,4052,14,2024-06-26,Cash
14625,3832,8,2024-12-21,Cash
14626,416,1,2025-05-20,Cash
14627,3575,5,2025-12-10,Cash
14628,2677,8,2024-05-24,UPI
14629,691,2,2024-12-08,Credit Card
14630,3779,6,2024-01-24,UPI
14631,445,7,2023-05-19,UPI
14632,919,6,2025-01-01,Credit Card
14633,783,10,2025-02-06,Credit Card
14634,4717,3,2024-07-13,Credit Card
14635,3580,6,2024-11-11,Cash
14636,2147,7,2023-12-10,Debit Card
14637,4149,13,2023-01-07,Debit Card
14638,1124,3,2023-10-16,Debit Card
14639,4681,12,2025-07-08,UPI
14640,3573,10,2023-10-08,Credit Card
14641,2881,2,2023-09-01,Cash
14642,4039,3,2024-05-12,Debit Card
14643,3298,12,2023-05-12,Cash
14644,4478,14,2024-03-20,Credit Card
14645,4184,1,2023-02-09,Debit Card
14646,1037,7,2023-09-07,UPI
14647,1245,4,2024-03-05,Cash
14648,343,3,2023-03-18,UPI
14649,1147,14,2024-06-19,UPI
14650,1791,6,2024-01-16,Debit Card
14651,151,14,2025-01-07,Debit Card
14652,1637,3,2023-02-03,UPI
14653,3937,12,2023-06-18,UPI
14654,4237,11,2023-04-12,UPI
14655,40,10,2024-10-28,Net Banking
14656,28,3,2023-07-07,Cash
14657,768,9,2025-09-28,Debit Card
14658,4405,2,2023-12-20,Net Banking
14659,2438,15,2024-12-12,Debit Card
14660,4913,5,2024-03-26,Debit Card
14661,4479,10,2024-02-02,Cash
14662,4493,15,2024-04-23,UPI
14663,671,10,2025-10-30,UPI
14664,2469,2,2023-01-19,Debit Card
14665,4969,6,2025-09-26,UPI
14666,782,4,2024-08-06,UPI
14667,2950,7,2024-04-07,Cash
14668,1798,13,2024-08-23,Debit Card
14669,2036,1,2024-03-12,Credit Card
14670,4495,8,2024-05-22,UPI
14671,3017,2,2024-05-30,UPI
14672,3876,15,2024-05-14,Credit Card
14673,3465,15,2025-06-15,Debit Card
14674,2717,4,2023-06-01,Net Banking
14675,4023,11,2024-12-01,Debit Card
14676,4851,13,2024-12-29,UPI
14677,4841,7,2023-06-05,UPI
14678,4009,14,2023-07-31,UPI
14679,2521,15,2024-06-12,Debit Card
14680,848,8,2025-10-30,UPI
14681,233,9,2024-01-05,Credit Card
14682,1206,5,2024-11-06,Net Banking
14683,1770,9,2023-07-04,Debit Card
14684,679,9,2023-07-30,Debit Card
14685,1171,3,2024-01-26,Debit Card
14686,430,7,2025-10-22,Debit Card
14687,2688,8,2025-09-21,UPI
14688,659,1,2025-01-29,Cash
14689,3801,11,2024-12-19,Debit Card
14690,1727,10,2023-12-22,UPI
14691,3455,5,2025-06-30,Net Banking
14692,4446,1,2025-09-25,Net Banking
14693,444,3,2025-01-07,UPI
14694,4948,2,2025-09-28,Debit Card
14695,3300,13,2023-11-17,Debit Card
14696,281,2,2025-02-19,Credit Card
14697,1633,4,2023-03-01,UPI
14698,4473,5,2023-07-07,Credit Card
14699,3060,11,2024-03-13,Debit Card
14700,1489,1,2024-01-06,Net Banking
14701,4720,11,2023-05-19,Debit Card
14702,4004,6,2024-08-18,Debit Card
14703,3753,11,2025-06-14,Cash
14704,4486,11,2023-03-05,Debit Card
14705,3929,5,2023-11-27,Debit Card
14706,1486,13,2025-10-01,Credit Card
14707,2997,4,2023-07-04,UPI
14708,4249,6,2023-08-04,Credit Card
14709,940,2,2025-12-26,UPI
14710,848,8,2025-04-09,Net Banking
14711,830,6,2025-10-17,UPI
14712,1013,15,2025-10-27,Credit Card
14713,530,3,2025-04-30,Debit Card
14714,4225,4,2025-07-26,Credit Card
14715,4128,12,2024-10-02,UPI
14716,793,13,2024-09-25,Net Banking
14717,3611,2,2025-08-27,Cash
14718,3203,4,2025-06-21,UPI
14719,1432,9,2025-02-27,UPI
14720,1187,4,2023-09-14,UPI
14721,1296,13,2023-09-11,Credit Card
14722,3730,8,2024-11-04,UPI
14723,1660,3,2023-04-09,UPI
14724,1442,13,2025-08-13,Credit Card
14725,114,15,2025-04-10,UPI
14726,4565,5,2024-02-08,Cash
14727,3845,2,2024-03-20,UPI
14728,2456,14,2023-05-12,Cash
14729,4732,9,2024-05-15,UPI
14730,1519,9,2024-07-27,Debit Card
14731,3474,14,2024-03-20,Cash
14732,1584,10,2024-09-01,Net Banking
14733,1636,7,2024-09-22,UPI
14734,4268,2,2023-09-23,Credit Card
14735,4003,4,2023-03-07,Debit Card
14736,1522,15,2023-04-12,Credit Card
14737,417,6,2023-05-18,Cash
14738,1874,9,2023-04-16,Net Banking
14739,3885,13,2025-01-08,Debit Card
14740,520,6,2023-11-13,Debit Card
14741,3455,4,2025-05-23,Credit Card
14742,4491,1,2023-12-29,Credit Card
14743,932,15,2024-03-20,Cash
14744,4354,7,2024-12-07,UPI
14745,270,7,2025-06-30,Cash
14746,3420,6,2025-11-27,Cash
14747,4019,3,2025-07-18,Debit Card
14748,2322,5,2025-03-25,Debit Card
14749,1071,7,2025-01-17,UPI
14750,4645,6,2025-04-19,Net Banking
14751,101,7,2025-12-19,Credit Card
14752,2854,5,2024-11-02,UPI
14753,1953,12,2024-01-18,Net Banking
14754,2400,1,2025-04-14,UPI
14755,2758,10,2025-10-27,Net Banking
14756,2750,11,2024-11-06,Credit Card
14757,1071,5,2024-10-30,UPI
14758,3491,2,2023-04-05,Credit Card
14759,95,10,2025-03-19,Debit Card
14760,108,10,2024-09-15,Debit Card
14761,2485,2,2024-12-17,Net Banking
14762,2792,4,2025-02-21,Credit Card
14763,1424,14,2023-10-26,Credit Card
14764,2836,6,2025-01-31,UPI
14765,2649,5,2023-03-15,Credit Card
14766,1829,7,2023-07-02,Net Banking
14767,3338,10,2025-03-08,UPI
14768,4805,15,2023-04-17,UPI
14769,2530,8,2025-11-03,UPI
14770,3995,10,2025-04-10,Cash
14771,1281,1,2023-01-01,Cash
14772,3896,13,2023-08-05,UPI
14773,3322,15,2024-06-04,Debit Card
14774,3274,8,2023-04-05,UPI
14775,4506,14,2023-02-10,Cash
14776,1212,3,2025-02-25,Credit Card
14777,1932,10,2023-05-31,Cash
14778,427,12,2024-02-16,UPI
14779,3706,14,2025-06-28,UPI
14780,4262,10,2024-09-30,Net Banking
14781,2119,2,2023-09-03,Debit Card
14782,1869,14,2025-04-16,UPI
14783,3371,2,2024-08-10,Cash
14784,397,5,2023-02-28,Cash
14785,1521,13,2023-10-22,Credit Card
14786,1918,2,2023-09-13,UPI
14787,2663,4,2023-01-22,Credit Card
14788,2476,3,2024-01-25,Credit Card
14789,1088,15,2023-03-03,UPI
14790,2784,8,2024-03-18,Cash
14791,4651,9,2025-06-07,Cash
14792,144,11,2025-04-21,UPI
14793,3493,14,2023-06-06,UPI
14794,3195,12,2023-11-10,Credit Card
14795,4643,14,2024-05-04,Net Banking
14796,3301,14,2023-06-30,Debit Card
14797,3195,14,2023-06-08,Net Banking
14798,3929,6,2025-09-22,UPI
14799,1388,4,2023-08-04,Net Banking
14800,3057,11,2024-04-11,Credit Card
14801,2667,11,2024-02-27,Debit Card
14802,2280,14,2024-05-12,UPI
14803,413,2,2023-12-17,Credit Card
14804,1516,11,2024-08-20,Debit Card
14805,1455,8,2025-11-23,UPI
14806,3693,15,2024-09-03,UPI
14807,4625,14,2025-05-11,Cash
14808,1201,3,2023-10-09,UPI
14809,392,2,2024-08-28,UPI
14810,5000,4,2024-01-18,Debit Card
14811,3543,13,2025-04-16,Debit Card
14812,4476,2,2025-12-07,Credit Card
14813,753,3,2025-01-09,UPI
14814,4064,9,2025-01-10,Debit Card
14815,4115,7,2023-08-27,Credit Card
14816,793,11,2023-04-04,Debit Card
14817,837,15,2025-06-26,UPI
14818,1527,1,2023-09-14,UPI
14819,1130,10,2024-03-13,Debit Card
14820,4878,5,2024-07-24,Debit Card
14821,1899,5,2025-07-25,UPI
14822,3891,9,2023-08-20,Credit Card
14823,4081,12,2025-06-09,UPI
14824,2025,1,2023-10-11,Debit Card
14825,3504,1,2025-07-13,Cash
14826,552,14,2025-01-02,UPI
14827,2079,10,2023-07-31,Debit Card
14828,4841,7,2024-02-13,Credit Card
14829,878,7,2025-05-26,UPI
14830,2024,11,2024-08-10,Credit Card
14831,4016,15,2023-04-19,UPI
14832,3410,8,2025-09-22,Debit Card
14833,3226,4,2023-06-21,Net Banking
14834,4312,14,2023-10-19,Debit Card
14835,152,7,2023-08-19,Cash
14836,3935,6,2023-02-09,UPI
14837,4446,15,2023-02-27,UPI
14838,81,1,2023-02-11,UPI
14839,2878,2,2023-04-05,Debit Card
14840,1825,8,2024-10-14,Cash
14841,263,6,2025-11-23,UPI
14842,2174,7,2025-10-29,Credit Card
14843,3293,8,2025-06-25,Credit Card
14844,4616,12,2024-07-15,Net Banking
14845,3173,15,2023-03-23,Cash
14846,4333,5,2024-01-30,UPI
14847,628,5,2024-03-27,UPI
14848,1095,2,2024-10-18,Net Banking
14849,4850,4,2024-06-16,UPI
14850,4480,11,2025-08-07,Credit Card
14851,1221,2,2025-02-25,UPI
14852,3176,7,2024-02-09,Debit Card
14853,1897,14,2025-12-02,UPI
14854,2436,14,2025-11-06,UPI
14855,4344,15,2025-06-04,UPI
14856,3754,11,2023-09-07,Credit Card
14857,1239,9,2023-10-19,Credit Card
14858,1644,11,2025-05-29,Debit Card
14859,1503,2,2025-07-10,UPI
14860,3970,4,2023-06-29,UPI
14861,2526,11,2025-02-28,Debit Card
14862,4765,15,2024-10-19,Net Banking
14863,4122,8,2024-05-08,UPI
14864,1098,9,2024-09-27,UPI
14865,3995,4,2025-05-24,UPI
14866,2603,8,2023-10-24,Debit Card
14867,1313,7,2024-10-31,Debit Card
14868,1903,13,2025-09-10,Net Banking
14869,4859,5,2023-07-26,Cash
14870,2509,4,2025-10-05,UPI
14871,3678,6,2025-08-30,UPI
14872,2478,6,2024-04-11,UPI
14873,1944,2,2023-03-22,Net Banking
14874,4049,3,2024-03-24,Debit Card
14875,4283,11,2024-12-11,Net Banking
14876,380,6,2024-12-19,UPI
14877,1450,4,2024-01-05,Net Banking
14878,2611,3,2024-12-14,Debit Card
14879,1648,13,2025-09-28,Cash
14880,3982,4,2023-09-22,Net Banking
14881,588,6,2024-02-23,Credit Card
14882,4055,15,2023-05-23,Cash
14883,3158,3,2023-12-11,Net Banking
14884,1501,1,2025-09-11,Debit Card
14885,1800,14,2024-06-19,UPI
14886,955,6,2024-12-17,UPI
14887,1308,15,2024-03-28,Debit Card
14888,3664,2,2024-06-22,UPI
14889,1972,9,2023-11-30,Credit Card
14890,3528,6,2024-04-18,Credit Card
14891,2638,1,2025-12-06,Cash
14892,762,11,2023-03-25,Debit Card
14893,2571,4,2024-09-29,UPI
14894,3864,5,2023-01-02,UPI
14895,1540,12,2023-11-17,UPI
14896,3316,8,2025-03-20,UPI
14897,1047,3,2023-09-11,Debit Card
14898,708,11,2024-11-24,Credit Card
14899,1886,13,2024-06-20,Net Banking
14900,2042,9,2025-04-02,UPI
14901,3891,9,2025-09-04,UPI
14902,2397,15,2024-07-27,UPI
14903,416,12,2023-02-01,UPI
14904,3244,10,2024-03-07,Credit Card
14905,2438,11,2025-10-05,Cash
14906,1722,5,2023-05-27,Credit Card
14907,4070,4,2025-01-28,UPI
14908,803,7,2023-01-06,Net Banking
14909,4585,13,2024-05-29,UPI
14910,1738,9,2025-04-04,Debit Card
14911,2399,6,2023-04-11,UPI
14912,4673,7,2024-06-18,Net Banking
14913,3891,1,2023-05-11,UPI
14914,392,4,2024-03-21,Cash
14915,2971,15,2025-09-26,Credit Card
14916,1604,2,2025-01-16,Credit Card
14917,2613,1,2023-06-05,Debit Card
14918,3802,13,2024-11-25,Credit Card
14919,2553,11,2025-04-26,UPI
14920,374,7,2024-09-24,UPI
14921,2720,11,2024-01-30,UPI
14922,126,10,2025-07-11,Debit Card
14923,1824,4,2025-12-16,UPI
14924,2485,2,2024-08-03,Credit Card
14925,3296,5,2023-01-19,UPI
14926,2603,7,2023-06-27,UPI
14927,796,2,2023-04-17,Debit Card
14928,4688,7,2023-11-03,Credit Card
14929,3328,3,2025-09-12,UPI
14930,1651,14,2025-06-04,Cash
14931,4839,8,2023-06-07,Cash
14932,4446,7,2024-12-09,Credit Card
14933,752,1,2023-10-01,UPI
14934,3356,9,2024-12-05,UPI
14935,2881,15,2025-06-24,Credit Card
14936,1005,6,2024-02-28,UPI
14937,1212,12,2023-09-21,Credit Card
14938,2901,15,2024-07-17,UPI
14939,1664,13,2024-03-29,Cash
14940,4210,4,2024-06-25,UPI
14941,508,15,2024-06-02,UPI
14942,4589,6,2024-06-22,UPI
14943,4238,2,2025-02-23,Debit Card
14944,3772,2,2025-09-18,Debit Card
14945,1360,8,2023-08-17,UPI
14946,3653,10,2025-09-04,Debit Card
14947,2281,5,2023-05-20,Debit Card
14948,3241,7,2024-11-22,Debit Card
14949,1619,1,2025-12-15,Debit Card
14950,4216,6,2025-01-07,Cash
14951,210,11,2025-06-10,Debit Card
14952,3545,11,2024-02-03,Credit Card
14953,4183,10,2025-11-04,Net Banking
14954,3307,7,2023-05-02,Cash
14955,1002,10,2023-10-05,Cash
14956,1474,7,2023-01-31,Credit Card
14957,2644,10,2024-10-18,Debit Card
14958,1708,13,2025-05-26,Cash
14959,19,3,2023-08-10,Credit Card
14960,211,12,2023-06-20,Cash
14961,3925,9,2025-06-22,Debit Card
14962,432,12,2023-07-14,Debit Card
14963,4665,9,2025-10-10,Net Banking
14964,2307,5,2023-11-17,UPI
14965,3871,9,2025-01-29,Credit Card
14966,653,13,2025-01-28,UPI
14967,4653,11,2025-06-04,Credit Card
14968,176,7,2024-09-23,Credit Card
14969,222,7,2023-06-21,Credit Card
14970,285,9,2025-10-01,UPI
14971,530,2,2023-09-10,Debit Card
14972,2521,10,2025-07-10,Cash
14973,4007,15,2025-05-09,UPI
14974,1474,5,2024-07-18,UPI
14975,3809,8,2023-06-27,UPI
14976,3946,8,2023-10-29,Debit Card
14977,4565,3,2024-10-12,UPI
14978,783,5,2023-11-28,Debit Card
14979,707,12,2024-11-27,Cash
14980,631,4,2024-03-20,Cash
14981,1881,4,2025-09-22,Net Banking
14982,2525,2,2025-07-21,Cash
14983,2402,6,2025-09-05,UPI
14984,1331,12,2025-09-02,UPI
14985,3182,1,2024-07-26,UPI
14986,1763,8,2023-12-16,UPI
14987,1918,12,2025-09-04,Debit Card
14988,543,10,2025-01-25,UPI
14989,3038,9,2024-04-09,UPI
14990,3355,11,2024-10-24,Debit Card
14991,3870,5,2023-06-15,UPI
14992,4555,13,2025-04-04,Net Banking
14993,3916,6,2024-12-13,Debit Card
14994,1224,1,2024-11-03,Debit Card
14995,1223,6,2024-03-21,Cash
14996,4597,1,2024-10-14,Debit Card
14997,4012,14,2023-04-05,Debit Card
14998,3977,5,2024-06-17,Cash
14999,3678,13,2025-12-18,Credit Card
15000,1382,9,2025-03-28,UPI
15001,4280,5,2025-10-01,Net Banking
15002,751,15,2025-07-23,UPI
15003,1836,15,2024-05-24,UPI
15004,1813,14,2023-01-03,Cash
15005,2881,3,2025-03-09,Credit Card
15006,2410,12,2024-03-04,UPI
15007,2396,15,2024-10-10,Net Banking
15008,2845,14,2025-06-11,Cash
15009,2167,4,2025-04-23,Credit Card
15010,1293,3,2025-06-18,Net Banking
15011,3406,4,2025-04-20,UPI
15012,4017,12,2024-07-10,Net Banking
15013,2486,12,2023-03-19,Credit Card
15014,3324,10,2024-07-21,Credit Card
15015,2753,15,2023-02-13,Credit Card
15016,309,14,2024-06-06,Credit Card
15017,2210,6,2023-01-05,Credit Card
15018,45,3,2024-12-11,Net Banking
15019,3390,14,2025-05-21,UPI
15020,2612,5,2023-11-02,Credit Card
15021,661,7,2023-10-05,UPI
15022,2793,1,2023-03-26,UPI
15023,4531,3,2024-05-10,Net Banking
15024,1773,11,2025-12-07,Credit Card
15025,4909,6,2024-02-28,Credit Card
15026,4812,10,2025-02-08,Net Banking
15027,3990,2,2024-03-17,Credit Card
15028,4117,8,2025-10-16,UPI
15029,2143,7,2023-01-06,UPI
15030,2106,12,2024-01-23,Credit Card
15031,4784,2,2023-11-03,Cash
15032,1918,5,2024-05-02,UPI
15033,502,13,2024-12-31,Credit Card
15034,800,15,2025-10-08,Debit Card
15035,3634,4,2023-05-22,UPI
15036,2010,15,2025-12-02,UPI
15037,1048,2,2024-03-08,UPI
15038,4117,4,2023-09-11,UPI
15039,2523,9,2024-09-10,UPI
15040,2920,10,2023-02-15,Credit Card
15041,802,2,2024-07-02,Credit Card
15042,1004,10,2024-08-21,Credit Card
15043,656,10,2024-11-03,UPI
15044,2641,13,2024-10-17,Debit Card
15045,3954,6,2025-11-13,Debit Card
15046,3737,4,2024-06-05,UPI
15047,1351,8,2024-03-08,UPI
15048,4302,13,2024-06-17,UPI
15049,544,4,2024-03-21,Credit Card
15050,585,9,2025-08-20,Credit Card
15051,4289,15,2025-02-03,UPI
15052,1269,10,2025-11-03,UPI
15053,3626,3,2023-03-20,UPI
15054,42,7,2024-07-24,Debit Card
15055,485,15,2025-07-12,UPI
15056,3126,5,2024-02-24,UPI
15057,951,14,2023-01-24,UPI
15058,151,11,2023-02-12,Debit Card
15059,2429,1,2023-02-15,UPI
15060,1712,3,2023-03-20,Credit Card
15061,4070,9,2024-10-07,Cash
15062,4131,13,2023-05-22,Debit Card
15063,3142,9,2023-10-07,Cash
15064,1517,5,2023-10-15,Debit Card
15065,2402,14,2025-08-15,Net Banking
15066,3601,5,2025-01-31,Credit Card
15067,366,11,2025-09-06,UPI
15068,1726,4,2024-10-10,Debit Card
15069,4149,14,2023-04-29,Cash
15070,2119,15,2025-12-06,Net Banking
15071,3195,4,2023-12-09,Debit Card
15072,498,4,2023-07-30,Cash
15073,3957,2,2024-07-20,Debit Card
15074,520,7,2023-08-28,Debit Card
15075,4350,3,2025-01-22,Credit Card
15076,547,1,2025-02-20,UPI
15077,4495,12,2023-03-20,UPI
15078,1906,11,2025-10-05,Debit Card
15079,3194,10,2025-12-20,Cash
15080,4275,3,2025-12-24,Debit Card
15081,47,9,2024-04-22,UPI
15082,1373,12,2024-02-01,UPI
15083,4565,9,2025-06-06,UPI
15084,2037,10,2025-09-23,Cash
15085,3617,7,2023-12-26,Debit Card
15086,732,1,2024-04-10,Credit Card
15087,3486,6,2024-07-20,UPI
15088,387,10,2024-11-10,UPI
15089,3664,1,2024-11-03,Cash
15090,1676,2,2024-11-30,Cash
15091,2427,3,2023-09-30,UPI
15092,865,11,2024-09-06,Cash
15093,3207,11,2023-03-18,UPI
15094,1758,14,2023-06-16,Cash
15095,2012,6,2025-06-02,UPI
15096,3338,11,2025-08-17,UPI
15097,931,7,2025-04-23,Debit Card
15098,4305,8,2025-12-18,UPI
15099,3778,9,2024-12-17,UPI
15100,2968,7,2025-05-18,UPI
15101,670,6,2025-06-10,Net Banking
15102,3527,5,2025-06-22,Debit Card
15103,90,10,2023-04-07,UPI
15104,4078,2,2025-07-13,Debit Card
15105,1574,15,2025-07-03,Debit Card
15106,600,8,2025-10-19,Credit Card
15107,857,5,2025-01-26,Debit Card
15108,4830,10,2024-08-24,UPI
15109,3946,2,2023-10-31,UPI
15110,1235,3,2025-11-28,UPI
15111,4831,10,2023-09-10,Cash
15112,733,10,2024-10-31,Cash
15113,3743,12,2024-09-02,UPI
15114,3362,15,2025-03-25,Debit Card
15115,4144,15,2024-03-30,Cash
15116,2003,7,2023-01-15,Credit Card
15117,2103,10,2025-12-26,Cash
15118,3194,8,2023-03-05,Credit Card
15119,2086,5,2024-07-08,Cash
15120,218,10,2024-02-04,Debit Card
15121,3725,8,2024-06-18,Credit Card
15122,3282,13,2023-06-09,Credit Card
15123,2214,14,2024-08-24,UPI
15124,1569,10,2025-06-07,Credit Card
15125,1663,13,2024-07-19,Credit Card
15126,3789,10,2023-01-28,UPI
15127,3721,6,2024-07-31,Credit Card
15128,4132,2,2024-08-02,Credit Card
15129,3899,12,2024-10-23,Net Banking
15130,3870,14,2024-07-19,UPI
15131,1302,12,2023-08-11,Credit Card
15132,523,2,2025-09-18,Credit Card
15133,3894,8,2025-05-20,Cash
15134,511,4,2024-11-25,UPI
15135,4908,8,2023-07-03,UPI
15136,4415,9,2024-08-25,Credit Card
15137,2742,6,2024-07-03,UPI
15138,1843,9,2025-12-26,Debit Card
15139,2707,6,2025-02-19,Cash
15140,3745,11,2024-11-25,UPI
15141,3863,14,2025-02-22,UPI
15142,389,3,2024-08-10,Credit Card
15143,4080,8,2024-08-01,Cash
15144,3284,1,2025-05-06,Credit Card
15145,210,6,2025-05-28,Cash
15146,1626,15,2025-10-30,Credit Card
15147,2624,15,2024-01-26,Credit Card
15148,982,3,2023-12-10,UPI
15149,807,10,2024-12-19,UPI
15150,67,10,2024-07-16,Debit Card
15151,4580,3,2025-01-19,UPI
15152,293,9,2025-01-21,Credit Card
15153,1918,7,2024-06-23,Credit Card
15154,1078,13,2023-10-05,UPI
15155,3789,14,2025-07-15,Cash
15156,3619,2,2024-06-04,Credit Card
15157,4090,6,2025-07-08,UPI
15158,3150,12,2024-01-22,UPI
15159,3036,13,2024-09-09,UPI
15160,2124,4,2024-10-06,UPI
15161,3256,10,2025-11-14,UPI
15162,591,11,2024-04-03,Debit Card
15163,3511,7,2023-03-15,Net Banking
15164,534,4,2023-12-31,Credit Card
15165,4351,7,2025-03-12,Debit Card
15166,2601,6,2025-03-05,UPI
15167,2723,8,2024-01-13,Net Banking
15168,3000,7,2025-06-27,Cash
15169,3954,9,2024-11-14,Debit Card
15170,2485,4,2023-03-21,UPI
15171,2231,9,2025-06-17,UPI
15172,1493,5,2023-04-09,Net Banking
15173,669,13,2024-12-20,Debit Card
15174,993,11,2025-11-20,UPI
15175,2,9,2023-05-20,Credit Card
15176,4390,15,2023-10-01,Debit Card
15177,3914,14,2025-01-08,Credit Card
15178,1138,11,2023-02-02,Credit Card
15179,8,4,2025-03-09,Credit Card
15180,2537,15,2024-06-08,Cash
15181,2158,3,2025-08-04,Cash
15182,3954,15,2025-03-17,Net Banking
15183,2107,14,2023-09-27,UPI
15184,4363,7,2024-02-09,UPI
15185,497,4,2024-08-12,Debit Card
15186,1917,5,2024-12-16,Debit Card
15187,4695,3,2023-08-09,UPI
15188,53,6,2024-03-12,Net Banking
15189,2052,13,2023-02-14,Cash
15190,1347,4,2023-09-25,Credit Card
15191,2731,1,2024-10-27,Debit Card
15192,1449,2,2025-02-12,Credit Card
15193,4393,8,2023-05-23,UPI
15194,4708,15,2024-01-21,UPI
15195,4288,4,2024-01-02,UPI
15196,2088,12,2023-10-23,Cash
15197,4951,15,2025-08-19,UPI
15198,3751,15,2025-05-13,Cash
15199,1865,10,2024-10-24,Cash
15200,485,2,2023-07-07,Debit Card
15201,3420,13,2025-11-09,Cash
15202,3717,12,2023-06-29,UPI
15203,632,4,2024-12-06,UPI
15204,2828,7,2024-07-05,Debit Card
15205,4932,11,2025-04-30,Cash
15206,1687,2,2025-10-28,Credit Card
15207,1561,6,2024-10-23,UPI
15208,4553,1,2024-03-12,Debit Card
15209,600,12,2025-11-27,UPI
15210,4695,3,2023-08-21,Credit Card
15211,3965,9,2025-04-25,UPI
15212,2052,5,2025-06-09,Debit Card
15213,430,14,2023-02-10,Credit Card
15214,95,11,2024-07-24,UPI
15215,1972,8,2025-04-02,UPI
15216,3611,1,2024-04-02,Credit Card
15217,2521,4,2023-09-09,UPI
15218,3773,3,2025-08-03,Cash
15219,3443,10,2023-10-13,UPI
15220,2943,9,2025-06-12,Debit Card
15221,4841,15,2024-12-28,UPI
15222,3716,7,2023-12-19,Net Banking
15223,4592,12,2025-10-24,UPI
15224,1255,3,2025-09-06,Debit Card
15225,3645,14,2024-04-09,Net Banking
15226,3064,1,2024-10-08,Net Banking
15227,4642,13,2025-06-28,UPI
15228,2624,15,2025-09-15,UPI
15229,1453,5,2023-10-18,UPI
15230,2018,10,2023-09-12,UPI
15231,1140,3,2025-11-17,Debit Card
15232,1145,11,2024-04-03,UPI
15233,2443,2,2024-03-26,Debit Card
15234,4500,3,2023-10-15,UPI
15235,1002,5,2025-08-14,Debit Card
15236,1492,5,2024-04-19,Cash
15237,4311,10,2023-02-05,UPI
15238,1766,8,2024-09-30,Credit Card
15239,4823,4,2023-09-22,Debit Card
15240,1393,2,2023-02-10,Cash
15241,2303,8,2023-05-09,Net Banking
15242,495,13,2024-04-26,Credit Card
15243,4963,15,2024-05-24,Cash
15244,4493,8,2024-05-15,UPI
15245,4126,10,2024-03-11,UPI
15246,819,13,2025-10-17,Cash
15247,4846,8,2024-03-17,UPI
15248,4673,12,2025-04-08,UPI
15249,2262,13,2025-03-23,Credit Card
15250,3500,14,2023-04-14,Credit Card
15251,4966,11,2023-04-05,UPI
15252,2139,1,2025-11-11,UPI
15253,583,15,2023-04-26,UPI
15254,4381,12,2025-06-20,Debit Card
15255,2476,9,2023-03-29,Cash
15256,4932,4,2024-10-18,UPI
15257,2833,4,2025-04-28,UPI
15258,154,8,2024-11-24,Cash
15259,2535,12,2025-11-24,UPI
15260,3668,8,2023-11-15,Debit Card
15261,140,6,2023-10-14,UPI
15262,2161,4,2024-12-08,Debit Card
15263,808,13,2023-06-30,Debit Card
15264,3289,3,2025-09-25,Net Banking
15265,4804,5,2023-02-17,UPI
15266,3194,13,2023-06-20,UPI
15267,3561,14,2024-05-19,Credit Card
15268,2075,8,2024-07-27,Net Banking
15269,2897,7,2025-02-24,UPI
15270,2799,11,2024-06-10,UPI
15271,3883,8,2025-06-18,Cash
15272,4333,15,2023-06-16,Debit Card
15273,3398,14,2025-03-23,Credit Card
15274,4897,12,2024-09-05,Credit Card
15275,4182,11,2023-08-02,UPI
15276,648,1,2023-01-04,Net Banking
15277,2607,11,2024-04-10,UPI
15278,4552,13,2025-05-21,UPI
15279,4736,4,2024-04-18,Credit Card
15280,1991,13,2025-08-09,UPI
15281,3703,9,2023-09-08,UPI
15282,2143,6,2025-09-06,Debit Card
15283,642,14,2025-02-23,Debit Card
15284,4463,12,2025-04-15,Debit Card
15285,4686,10,2023-10-05,Credit Card
15286,2597,8,2025-06-24,Debit Card
15287,90,14,2023-09-02,Credit Card
15288,4118,13,2024-04-15,Cash
15289,2478,8,2024-08-14,Credit Card
15290,394,5,2023-12-11,UPI
15291,988,11,2024-06-11,Credit Card
15292,797,8,2024-12-16,Cash
15293,3523,4,2023-07-23,Cash
15294,1549,6,2025-07-23,Credit Card
15295,668,7,2023-11-26,UPI
15296,4613,6,2024-01-26,Debit Card
15297,4799,6,2025-06-09,Debit Card
15298,727,15,2024-05-21,Credit Card
15299,1197,8,2024-09-01,UPI
15300,3038,14,2025-05-01,Debit Card
15301,791,15,2025-02-16,Credit Card
15302,827,5,2023-08-17,UPI
15303,1753,8,2023-11-17,Credit Card
15304,4758,9,2023-01-24,Net Banking
15305,4823,12,2025-06-28,Credit Card
15306,4246,4,2024-05-28,Credit Card
15307,3568,15,2023-10-15,Credit Card
15308,3683,3,2024-07-18,UPI
15309,2439,5,2023-10-31,UPI
15310,2722,13,2025-07-13,Debit Card
15311,3247,10,2023-08-27,Credit Card
15312,3735,10,2025-06-18,Debit Card
15313,501,12,2023-04-20,Credit Card
15314,1171,5,2025-08-08,UPI
15315,4828,14,2023-11-27,Credit Card
15316,1742,7,2023-07-12,UPI
15317,1392,3,2025-06-04,UPI
15318,2200,13,2023-03-01,Cash
15319,1508,11,2025-08-13,Net Banking
15320,472,10,2025-01-30,UPI
15321,1084,14,2024-11-22,Net Banking
15322,3274,9,2023-02-09,Debit Card
15323,1165,14,2023-07-11,UPI
15324,3311,13,2023-06-19,Credit Card
15325,520,6,2023-05-17,Cash
15326,221,14,2024-11-18,Cash
15327,4350,10,2025-03-09,Cash
15328,3885,9,2025-01-16,Cash
15329,3412,1,2025-01-07,Debit Card
15330,161,2,2024-03-28,Credit Card
15331,1242,10,2023-10-16,UPI
15332,4112,2,2024-05-16,UPI
15333,758,11,2024-04-14,Cash
15334,4114,8,2025-10-22,Debit Card
15335,2999,4,2023-03-17,Cash
15336,3784,7,2024-06-16,UPI
15337,3296,4,2025-09-27,Debit Card
15338,2173,4,2023-05-11,Debit Card
15339,1514,8,2025-01-21,Credit Card
15340,3460,14,2025-09-05,Credit Card
15341,4092,11,2024-02-08,Credit Card
15342,235,10,2025-03-08,Credit Card
15343,1990,4,2023-09-02,UPI
15344,1838,3,2024-04-06,Net Banking
15345,2880,11,2024-04-15,Cash
15346,585,10,2025-02-11,Cash
15347,4695,9,2023-11-28,Cash
15348,2824,3,2025-12-22,Cash
15349,4641,5,2025-09-21,UPI
15350,4125,11,2025-12-01,Credit Card
15351,1002,1,2023-10-09,Credit Card
15352,693,9,2024-03-02,UPI
15353,4348,6,2024-08-14,UPI
15354,2756,5,2025-02-11,UPI
15355,99,4,2025-08-25,Credit Card
15356,4695,8,2023-07-01,UPI
15357,2456,11,2023-12-16,UPI
15358,1557,2,2023-07-13,Credit Card
15359,2650,14,2025-06-30,UPI
15360,4151,10,2023-06-02,Credit Card
15361,568,5,2023-03-13,UPI
15362,1879,8,2023-06-05,Debit Card
15363,1658,1,2024-01-01,UPI
15364,4230,12,2023-09-07,Debit Card
15365,3959,3,2025-11-10,Cash
15366,2096,7,2023-01-04,Net Banking
15367,3407,11,2024-12-21,UPI
15368,2063,15,2023-01-12,Cash
15369,2937,11,2023-08-08,Credit Card
15370,4956,10,2024-10-25,UPI
15371,2754,12,2024-02-20,Debit Card
15372,4944,5,2024-10-16,UPI
15373,3819,10,2024-01-15,Cash
15374,625,9,2023-11-28,Debit Card
15375,4046,12,2024-02-26,UPI
15376,836,14,2024-12-06,Debit Card
15377,2734,1,2024-08-14,UPI
15378,3138,11,2025-09-23,Credit Card
15379,4500,14,2023-07-06,UPI
15380,1095,7,2023-05-25,Net Banking
15381,4420,10,2025-07-13,UPI
15382,4697,12,2023-07-20,Debit Card
15383,461,6,2024-05-06,Debit Card
15384,4469,10,2024-12-12,Debit Card
15385,1345,4,2024-11-29,UPI
15386,416,11,2023-03-14,Debit Card
15387,4810,12,2025-07-25,Debit Card
15388,2056,11,2024-04-07,Debit Card
15389,3186,10,2025-03-19,Credit Card
15390,2839,10,2025-01-05,UPI
15391,1111,6,2023-02-06,UPI
15392,3436,10,2023-06-24,Credit Card
15393,241,11,2024-07-23,Credit Card
15394,1067,9,2023-05-13,Debit Card
15395,4738,9,2025-10-15,UPI
15396,4779,12,2023-03-25,Cash
15397,2504,2,2025-04-02,Net Banking
15398,883,14,2025-05-10,Debit Card
15399,2197,9,2024-05-19,Credit Card
15400,4424,13,2023-09-01,UPI
15401,371,2,2023-01-28,Net Banking
15402,668,6,2025-05-14,UPI
15403,4516,13,2025-06-25,Credit Card
15404,2167,7,2025-11-23,Credit Card
15405,430,14,2024-08-06,UPI
15406,728,9,2024-09-24,Cash
15407,4445,11,2023-02-07,UPI
15408,2527,13,2023-01-07,Credit Card
15409,847,6,2025-01-06,UPI
15410,4507,13,2024-08-01,Credit Card
15411,4271,8,2023-07-06,Cash
15412,118,10,2023-01-12,Cash
15413,2981,15,2024-10-15,Credit Card
15414,1268,12,2023-01-06,UPI
15415,2739,3,2024-01-05,Credit Card
15416,1452,10,2024-01-03,Debit Card
15417,1644,6,2023-05-01,UPI
15418,3088,2,2025-02-04,UPI
15419,2773,15,2025-10-27,UPI
15420,2067,1,2025-01-21,UPI
15421,551,12,2025-05-06,UPI
15422,4846,6,2025-10-23,UPI
15423,912,12,2023-12-06,UPI
15424,3238,3,2025-07-11,Cash
15425,425,11,2023-04-13,UPI
15426,3531,12,2025-05-31,Cash
15427,491,5,2025-12-24,Net Banking
15428,1195,6,2024-01-26,Credit Card
15429,3308,13,2024-11-03,Credit Card
15430,1468,10,2023-04-04,UPI
15431,2737,6,2025-03-23,UPI
15432,647,12,2023-01-17,Debit Card
15433,1064,10,2025-04-24,Cash
15434,3744,13,2024-04-18,Debit Card
15435,184,7,2023-04-03,UPI
15436,575,15,2023-06-15,Debit Card
15437,1118,7,2024-11-05,Debit Card
15438,102,11,2024-03-05,Debit Card
15439,494,6,2024-05-30,UPI
15440,1459,12,2025-09-07,Debit Card
15441,482,1,2023-03-19,Debit Card
15442,4373,8,2025-10-03,Cash
15443,349,10,2025-03-07,UPI
15444,4346,14,2023-07-25,UPI
15445,4151,4,2023-07-18,Cash
15446,520,1,2023-02-04,UPI
15447,133,10,2024-12-03,Credit Card
15448,260,13,2024-08-12,Cash
15449,3028,2,2025-01-10,UPI
15450,3442,3,2025-12-29,Credit Card
15451,3174,6,2025-10-07,Debit Card
15452,2789,2,2023-10-16,Debit Card
15453,912,2,2023-05-11,Credit Card
15454,4243,14,2024-04-10,UPI
15455,1695,6,2023-07-09,Debit Card
15456,4929,12,2025-04-15,Cash
15457,2018,4,2025-11-05,UPI
15458,1361,5,2025-03-22,Debit Card
15459,4508,11,2025-04-06,Credit Card
15460,2920,8,2023-09-14,UPI
15461,3686,3,2024-08-11,Debit Card
15462,2133,5,2024-06-20,Credit Card
15463,4477,1,2023-08-04,UPI
15464,4613,10,2025-05-07,UPI
15465,2270,4,2025-11-23,Debit Card
15466,1248,14,2025-03-08,Net Banking
15467,3311,14,2024-05-06,UPI
15468,4785,5,2025-06-28,Credit Card
15469,3185,14,2025-11-06,UPI
15470,4783,13,2023-06-12,Credit Card
15471,1794,4,2025-02-07,UPI
15472,4597,12,2023-02-20,Credit Card
15473,578,14,2025-11-24,Cash
15474,1879,9,2024-02-13,Debit Card
15475,2546,8,2023-04-21,UPI
15476,3344,11,2025-09-14,Debit Card
15477,1522,12,2025-06-23,Credit Card
15478,4642,13,2024-03-08,UPI
15479,4553,2,2023-04-16,UPI
15480,4062,9,2025-03-27,UPI
15481,585,2,2024-12-03,Cash
15482,409,6,2025-03-04,UPI
15483,2566,2,2025-10-26,Credit Card
15484,3916,6,2023-01-30,Debit Card
15485,638,6,2023-12-27,UPI
15486,3284,11,2024-04-18,UPI
15487,2711,7,2025-01-08,Cash
15488,3705,10,2024-05-22,UPI
15489,2260,13,2025-03-08,Debit Card
15490,3550,5,2025-12-25,Debit Card
15491,834,12,2023-03-01,Debit Card
15492,1117,3,2023-08-24,Credit Card
15493,4553,12,2025-02-25,Credit Card
15494,1707,15,2023-08-13,Credit Card
15495,4924,2,2024-08-24,UPI
15496,241,13,2023-07-01,Net Banking
15497,2551,4,2025-09-27,Debit Card
15498,1679,13,2023-11-17,UPI
15499,4981,14,2023-10-31,Cash
15500,4951,12,2023-12-11,Cash
15501,1221,1,2024-08-10,Debit Card
15502,1383,11,2023-10-15,UPI
15503,3833,12,2024-08-12,UPI
15504,4491,2,2023-11-22,Debit Card
15505,3402,8,2024-10-08,UPI
15506,4367,5,2023-07-21,Cash
15507,331,5,2023-03-22,Debit Card
15508,3278,3,2025-06-22,UPI
15509,3590,14,2023-08-26,Credit Card
15510,993,11,2024-03-14,Credit Card
15511,3959,1,2024-11-16,UPI
15512,4737,6,2023-06-14,UPI
15513,4528,15,2023-10-07,Net Banking
15514,1271,15,2023-11-30,Debit Card
15515,1676,14,2024-10-06,UPI
15516,2575,12,2024-04-15,UPI
15517,825,1,2023-07-12,UPI
15518,4782,4,2023-04-17,Credit Card
15519,840,14,2023-10-30,Net Banking
15520,3891,4,2024-04-04,UPI
15521,1778,11,2025-01-29,Credit Card
15522,2945,3,2024-03-15,UPI
15523,248,4,2024-04-25,UPI
15524,1076,14,2025-03-27,Debit Card
15525,2320,6,2025-05-29,UPI
15526,3486,6,2024-05-11,Debit Card
15527,3958,14,2025-11-26,Credit Card
15528,158,11,2025-04-12,UPI
15529,799,6,2023-08-26,Cash
15530,3725,6,2023-11-19,Debit Card
15531,4114,4,2025-12-23,Debit Card
15532,1226,11,2023-06-04,UPI
15533,1195,7,2025-10-12,Debit Card
15534,455,7,2025-05-21,Credit Card
15535,789,2,2025-05-05,Credit Card
15536,33,12,2025-12-22,UPI
15537,3024,6,2025-02-19,UPI
15538,4554,5,2025-05-19,UPI
15539,784,10,2025-10-06,UPI
15540,3841,1,2024-12-31,Credit Card
15541,2945,14,2025-10-19,UPI
15542,4718,3,2025-03-31,Debit Card
15543,4056,9,2023-09-30,Credit Card
15544,4308,13,2024-05-22,UPI
15545,3273,11,2025-03-31,Debit Card
15546,4107,9,2025-05-02,UPI
15547,1839,10,2024-03-06,UPI
15548,1089,9,2023-03-05,Credit Card
15549,4583,11,2025-07-16,Credit Card
15550,3746,10,2025-02-01,UPI
15551,468,5,2023-08-19,Credit Card
15552,4376,6,2024-02-29,UPI
15553,1827,9,2024-03-24,UPI
15554,1545,4,2024-11-27,Credit Card
15555,3187,11,2024-04-04,UPI
15556,2923,4,2025-12-21,UPI
15557,2769,12,2023-06-27,Debit Card
15558,1319,9,2025-06-13,UPI
15559,4813,12,2025-09-23,Cash
15560,4762,7,2025-12-13,Credit Card
15561,16,6,2024-06-09,Debit Card
15562,1760,10,2024-10-11,Cash
15563,238,6,2024-08-30,Credit Card
15564,4296,13,2025-02-16,Debit Card
15565,4476,15,2023-12-31,Cash
15566,2660,5,2025-05-24,UPI
15567,4230,12,2023-02-13,Cash
15568,3601,11,2023-02-20,Cash
15569,2575,4,2024-03-17,UPI
15570,1906,3,2025-12-02,Credit Card
15571,1376,14,2025-07-21,UPI
15572,1346,7,2025-12-26,Cash
15573,2890,5,2024-05-18,UPI
15574,867,2,2023-12-22,UPI
15575,912,3,2024-03-01,Net Banking
15576,48,5,2024-10-25,Credit Card
15577,3138,9,2024-05-27,Net Banking
15578,4973,12,2025-10-01,Credit Card
15579,4490,6,2024-02-12,Net Banking
15580,3611,15,2025-08-05,Net Banking
15581,3991,11,2023-01-29,UPI
15582,2172,2,2023-11-19,Credit Card
15583,1543,8,2025-12-07,Net Banking
15584,1934,12,2025-03-04,Cash
15585,418,14,2025-05-07,UPI
15586,3241,6,2025-08-26,Cash
15587,912,6,2023-02-04,UPI
15588,3903,13,2023-10-03,Net Banking
15589,990,14,2025-05-17,UPI
15590,1191,8,2025-01-13,Net Banking
15591,4804,15,2024-02-21,UPI
15592,543,7,2025-12-29,UPI
15593,2569,15,2024-07-19,Credit Card
15594,327,13,2024-03-24,UPI
15595,465,15,2025-02-18,Credit Card
15596,3239,5,2023-02-16,UPI
15597,3221,11,2025-01-15,Credit Card
15598,1007,14,2023-07-04,Debit Card
15599,4404,9,2023-12-03,UPI
15600,3601,1,2025-12-18,UPI
15601,1555,13,2023-02-27,Debit Card
15602,1285,4,2023-11-03,UPI
15603,3853,15,2025-01-02,Credit Card
15604,3743,10,2024-05-24,UPI
15605,780,12,2025-01-13,Credit Card
15606,1829,11,2023-05-22,Cash
15607,1129,9,2023-11-19,Net Banking
15608,1522,2,2023-04-01,UPI
15609,1490,13,2025-12-29,UPI
15610,4881,13,2024-08-28,UPI
15611,3836,3,2025-01-20,Cash
15612,3968,3,2024-03-14,Cash
15613,1439,6,2023-11-07,UPI
15614,2,15,2024-10-02,UPI
15615,304,3,2024-11-21,Debit Card
15616,2840,3,2023-03-26,UPI
15617,1479,5,2025-11-09,Cash
15618,1006,13,2025-03-29,Cash
15619,258,3,2024-09-21,UPI
15620,4420,5,2024-04-17,Net Banking
15621,3079,3,2023-09-16,Debit Card
15622,551,2,2025-10-02,Debit Card
15623,3918,8,2024-06-17,Net Banking
15624,3859,3,2024-04-15,Credit Card
15625,1501,6,2025-07-25,UPI
15626,982,11,2024-08-15,Net Banking
15627,4118,2,2024-11-27,Net Banking
15628,1709,1,2024-01-28,Net Banking
15629,4280,8,2025-12-03,Credit Card
15630,229,12,2023-08-07,UPI
15631,2574,3,2024-05-04,UPI
15632,932,2,2025-10-06,Credit Card
15633,3455,2,2025-02-16,Debit Card
15634,4990,5,2023-12-17,Credit Card
15635,2157,6,2023-12-24,Credit Card
15636,520,11,2023-11-30,Net Banking
15637,1655,14,2024-04-01,Debit Card
15638,4497,2,2025-03-27,Credit Card
15639,3916,6,2024-06-29,Debit Card
15640,1209,1,2023-10-03,Cash
15641,4779,9,2025-03-17,UPI
15642,3185,4,2024-02-06,Credit Card
15643,874,13,2023-12-08,Debit Card
15644,2941,14,2023-06-04,Debit Card
15645,2357,13,2023-03-02,UPI
15646,4139,5,2024-04-06,Credit Card
15647,1797,3,2023-10-23,UPI
15648,4415,6,2024-03-04,Cash
15649,4110,1,2025-08-17,Credit Card
15650,3473,7,2023-12-02,Debit Card
15651,1342,8,2025-03-05,UPI
15652,4851,3,2024-09-05,Credit Card
15653,2824,2,2023-12-10,UPI
15654,4565,12,2023-06-18,Credit Card
15655,1123,14,2024-05-03,Cash
15656,4916,4,2023-07-28,Net Banking
15657,4118,8,2025-11-01,Cash
15658,4758,11,2024-12-09,UPI
15659,1105,8,2024-11-25,UPI
15660,2241,14,2024-06-28,Debit Card
15661,507,12,2023-01-26,UPI
15662,715,11,2025-02-22,UPI
15663,1474,13,2023-02-02,Net Banking
15664,4771,8,2024-05-12,UPI
15665,3420,2,2023-07-07,Credit Card
15666,1637,13,2023-10-31,UPI
15667,4785,4,2025-08-26,UPI
15668,3781,10,2024-11-03,Net Banking
15669,4563,15,2023-12-23,UPI
15670,4656,1,2025-07-26,Credit Card
15671,3839,11,2024-04-06,Debit Card
15672,1262,7,2025-11-14,UPI
15673,4987,15,2023-01-17,Debit Card
15674,1679,10,2023-05-27,Debit Card
15675,3451,6,2024-11-20,Net Banking
15676,4268,11,2024-08-17,Credit Card
15677,913,7,2024-12-23,Credit Card
15678,3124,10,2023-08-05,UPI
15679,1966,12,2025-08-30,UPI
15680,1268,5,2025-11-18,UPI
15681,54,6,2023-09-22,UPI
15682,4402,12,2023-12-10,UPI
15683,709,6,2024-06-26,Cash
15684,4426,6,2024-07-04,UPI
15685,3084,9,2024-08-03,UPI
15686,3176,14,2025-08-31,UPI
15687,4183,4,2024-05-13,Debit Card
15688,2619,2,2024-04-03,UPI
15689,1871,9,2023-06-03,UPI
15690,727,10,2025-02-08,Cash
15691,2933,7,2024-02-14,Debit Card
15692,2843,5,2023-04-30,UPI
15693,1521,6,2024-07-30,Debit Card
15694,3079,11,2025-10-29,UPI
15695,2285,7,2025-10-09,Net Banking
15696,4085,5,2025-03-16,Credit Card
15697,2881,5,2023-11-15,UPI
15698,4695,6,2024-03-21,UPI
15699,2658,8,2024-05-16,UPI
15700,4480,13,2024-06-20,UPI
15701,2676,2,2025-08-08,UPI
15702,2872,15,2025-05-10,Credit Card
15703,1921,11,2025-03-25,Cash
15704,2097,10,2025-07-17,UPI
15705,4691,9,2023-02-07,UPI
15706,1165,14,2024-12-03,UPI
15707,627,10,2023-04-11,UPI
15708,4188,5,2025-11-07,Net Banking
15709,2963,4,2025-11-21,Credit Card
15710,1474,8,2024-01-31,Debit Card
15711,2246,4,2025-10-04,Cash
15712,2696,2,2023-01-01,UPI
15713,3038,5,2024-05-24,UPI
15714,4141,5,2023-02-11,Credit Card
15715,2063,4,2024-02-15,UPI
15716,3482,3,2024-12-25,UPI
15717,4210,11,2025-01-13,Cash
15718,4261,5,2024-08-05,UPI
15719,1315,9,2025-04-24,UPI
15720,1837,9,2023-07-16,Credit Card
15721,3054,9,2024-04-13,Cash
15722,4469,6,2023-02-06,UPI
15723,4015,8,2023-02-04,Credit Card
15724,2997,1,2023-11-13,UPI
15725,4918,15,2024-07-11,Cash
15726,2282,1,2025-10-08,Credit Card
15727,4252,7,2024-06-17,Credit Card
15728,4130,12,2023-10-08,Debit Card
15729,4565,5,2024-06-29,Net Banking
15730,4936,2,2024-11-29,UPI
15731,2550,4,2024-02-23,Cash
15732,1019,4,2025-08-17,Credit Card
15733,2399,6,2023-05-31,Debit Card
15734,4317,8,2024-05-03,Cash
15735,4217,13,2024-11-17,UPI
15736,1749,3,2023-01-22,Cash
15737,249,12,2024-02-17,Debit Card
15738,2620,12,2023-02-19,UPI
15739,2461,14,2025-11-19,Cash
15740,443,7,2025-05-22,UPI
15741,4040,15,2024-08-24,Credit Card
15742,1472,2,2023-06-29,UPI
15743,3303,9,2023-02-12,UPI
15744,522,12,2024-09-14,UPI
15745,4343,7,2025-05-07,Cash
15746,3778,15,2025-10-07,Credit Card
15747,2038,1,2025-04-11,UPI
15748,3213,13,2023-05-25,Credit Card
15749,977,4,2025-01-07,Cash
15750,4924,2,2024-06-21,Credit Card
15751,4047,10,2025-08-10,UPI
15752,4007,5,2025-02-05,Cash
15753,800,9,2023-02-22,Credit Card
15754,89,3,2023-03-08,UPI
15755,3003,5,2024-06-07,Debit Card
15756,755,11,2024-08-31,Credit Card
15757,3970,10,2025-06-23,UPI
15758,2169,2,2025-07-09,Debit Card
15759,1764,15,2025-08-06,Debit Card
15760,389,4,2024-06-21,Net Banking
15761,4982,2,2023-10-16,UPI
15762,4793,8,2024-03-20,Credit Card
15763,688,7,2025-01-17,UPI
15764,1727,7,2023-01-02,UPI
15765,2052,7,2023-01-22,Credit Card
15766,1538,9,2025-09-21,Debit Card
15767,4697,2,2024-06-17,Debit Card
15768,3685,6,2023-09-02,UPI
15769,4793,15,2025-03-22,Net Banking
15770,4411,12,2023-04-19,Debit Card
15771,3853,13,2024-01-25,Credit Card
15772,3573,14,2025-09-07,UPI
15773,4373,4,2025-03-29,UPI
15774,3509,13,2024-08-29,UPI
15775,983,12,2024-10-03,Net Banking
15776,3316,10,2023-07-02,UPI
15777,2644,11,2023-12-21,Debit Card
15778,4907,6,2023-09-01,Debit Card
15779,2620,9,2025-04-15,UPI
15780,200,11,2025-11-08,Debit Card
15781,1368,1,2025-03-19,Credit Card
15782,4610,2,2025-09-25,Credit Card
15783,4823,6,2024-07-24,UPI
15784,3717,15,2024-01-08,Cash
15785,298,12,2024-11-30,Debit Card
15786,123,12,2025-12-04,Debit Card
15787,2488,7,2025-06-01,Credit Card
15788,4999,13,2025-05-07,Debit Card
15789,4390,3,2023-02-01,Cash
15790,4691,1,2025-01-17,Credit Card
15791,3188,7,2023-06-27,Credit Card
15792,4337,12,2023-06-06,UPI
15793,1661,2,2023-03-21,UPI
15794,147,12,2025-04-11,Credit Card
15795,4616,13,2023-10-05,Debit Card
15796,1137,6,2023-01-04,Net Banking
15797,3716,4,2023-06-17,UPI
15798,3374,10,2023-01-11,Credit Card
15799,825,4,2024-05-03,Debit Card
15800,1019,9,2025-08-30,Cash
15801,1705,7,2023-09-29,Cash
15802,3866,1,2023-03-24,Debit Card
15803,203,4,2023-09-16,UPI
15804,2124,10,2023-03-28,Debit Card
15805,3410,6,2023-01-30,Credit Card
15806,895,2,2024-08-07,Net Banking
15807,616,4,2023-02-20,Net Banking
15808,2050,2,2024-04-26,Credit Card
15809,1486,1,2025-08-14,Net Banking
15810,3323,1,2024-08-21,UPI
15811,4846,9,2023-04-08,Cash
15812,17,13,2023-12-01,Net Banking
15813,4549,14,2024-12-17,Net Banking
15814,2249,11,2023-10-05,Debit Card
15815,3405,9,2025-10-02,UPI
15816,4301,4,2023-03-31,Net Banking
15817,2945,14,2023-12-18,Credit Card
15818,504,13,2025-03-08,Credit Card
15819,735,8,2023-06-17,UPI
15820,4009,12,2024-05-13,UPI
15821,1193,10,2024-10-23,UPI
15822,2926,11,2025-01-19,Credit Card
15823,2231,7,2024-03-09,UPI
15824,1573,5,2025-06-26,Credit Card
15825,4003,15,2025-08-11,UPI
15826,3735,10,2024-07-04,Net Banking
15827,3305,2,2023-11-15,Debit Card
15828,1952,9,2025-11-02,Net Banking
15829,1178,7,2023-08-29,UPI
15830,2648,4,2025-05-25,Cash
15831,4125,15,2024-11-08,UPI
15832,2957,10,2024-08-11,Debit Card
15833,4850,14,2023-06-27,Net Banking
15834,76,2,2023-02-12,UPI
15835,4998,2,2024-04-26,Net Banking
15836,3545,3,2024-08-14,Credit Card
15837,4202,13,2024-03-09,UPI
15838,1740,15,2024-07-19,Cash
15839,2612,15,2024-12-18,Cash
15840,4050,14,2024-08-01,Cash
15841,3888,6,2023-12-31,Debit Card
15842,1737,14,2025-09-15,UPI
15843,1677,1,2023-11-30,UPI
15844,3397,5,2025-01-08,UPI
15845,4695,10,2025-12-02,UPI
15846,2281,14,2024-01-20,Credit Card
15847,1846,3,2024-11-09,Cash
15848,4512,7,2024-05-24,Net Banking
15849,3506,7,2025-01-15,Debit Card
15850,2037,10,2023-02-24,UPI
15851,298,15,2025-03-04,Debit Card
15852,3685,12,2024-12-08,UPI
15853,1846,5,2023-06-01,Debit Card
15854,372,15,2023-09-22,UPI
15855,3137,9,2023-11-18,UPI
15856,1668,11,2025-12-01,Debit Card
15857,1763,13,2023-12-16,Debit Card
15858,2487,10,2024-07-05,UPI
15859,3665,8,2025-11-28,Credit Card
15860,1432,9,2025-04-25,Cash
15861,416,11,2024-02-16,Debit Card
15862,2216,6,2023-06-05,Debit Card
15863,287,8,2023-08-29,Debit Card
15864,3575,10,2024-06-30,UPI
15865,4812,2,2024-11-12,UPI
15866,3371,5,2024-06-03,Debit Card
15867,1428,8,2025-11-02,Cash
15868,945,2,2023-12-16,Cash
15869,1211,15,2024-10-03,Cash
15870,1155,2,2023-12-05,UPI
15871,1631,3,2025-02-26,Credit Card
15872,504,2,2023-07-29,Debit Card
15873,4516,4,2025-11-08,Credit Card
15874,4467,4,2023-09-16,Credit Card
15875,3145,1,2025-03-30,Net Banking
15876,323,6,2024-07-12,Net Banking
15877,4078,12,2023-05-18,Debit Card
15878,322,7,2023-10-11,Cash
15879,546,7,2025-10-24,UPI
15880,1680,14,2025-01-19,Credit Card
15881,2244,12,2025-07-06,Credit Card
15882,1855,5,2025-06-24,UPI
15883,859,4,2023-10-12,Cash
15884,576,2,2023-05-23,UPI
15885,4337,5,2023-06-19,Net Banking
15886,1901,15,2024-09-10,Debit Card
15887,1137,4,2023-12-25,Cash
15888,2521,8,2023-08-31,Credit Card
15889,193,15,2025-08-07,UPI
15890,3080,10,2023-11-06,Cash
15891,1285,1,2023-10-09,Cash
15892,3068,7,2024-05-04,Debit Card
15893,3141,5,2024-11-02,UPI
15894,4099,10,2025-12-14,Credit Card
15895,1195,5,2025-05-18,UPI
15896,2410,1,2025-12-20,Debit Card
15897,4821,15,2024-05-10,Credit Card
15898,3711,9,2025-10-23,UPI
15899,4877,13,2024-11-19,Debit Card
15900,4657,15,2023-06-04,UPI
15901,3131,7,2024-04-20,UPI
15902,1366,2,2024-06-25,UPI
15903,3866,11,2023-08-30,Credit Card
15904,3580,5,2024-07-19,Debit Card
15905,3022,8,2024-04-26,Cash
15906,3578,14,2024-07-27,UPI
15907,3138,15,2023-10-31,Credit Card
15908,2667,11,2024-11-19,UPI
15909,2169,7,2024-03-24,UPI
15910,235,14,2024-06-03,Credit Card
15911,4373,2,2023-03-28,Credit Card
15912,4373,7,2025-10-21,Net Banking
15913,3049,6,2024-02-03,Debit Card
15914,1390,12,2023-11-24,Net Banking
15915,151,13,2023-09-10,UPI
15916,4,8,2023-05-17,Debit Card
15917,385,9,2024-10-21,Credit Card
15918,1884,14,2024-06-27,UPI
15919,982,7,2025-01-07,UPI
15920,1371,14,2023-03-21,UPI
15921,3588,8,2025-01-28,Net Banking
15922,4812,12,2023-06-02,UPI
15923,1079,10,2024-04-23,Cash
15924,2424,7,2023-08-05,Debit Card
15925,4958,7,2025-02-28,Credit Card
15926,4685,1,2023-05-09,Cash
15927,1844,5,2025-05-26,UPI
15928,1661,10,2024-08-30,Credit Card
15929,1255,5,2024-12-19,UPI
15930,807,15,2025-03-20,UPI
15931,2397,4,2025-09-23,Debit Card
15932,1777,15,2025-08-23,Debit Card
15933,3806,13,2024-03-31,Credit Card
15934,1228,14,2024-02-26,Credit Card
15935,3758,1,2025-03-19,Cash
15936,1493,7,2024-03-25,UPI
15937,3040,8,2025-06-28,Debit Card
15938,3269,5,2025-09-30,Net Banking
15939,3453,4,2025-09-21,Cash
15940,913,12,2025-07-20,Debit Card
15941,1466,9,2025-12-29,Debit Card
15942,1273,3,2023-06-20,Cash
15943,2960,14,2024-02-02,UPI
15944,397,3,2024-09-27,UPI
15945,2659,13,2023-05-04,UPI
15946,450,4,2025-08-06,Debit Card
15947,1757,7,2025-10-30,Debit Card
15948,3523,2,2025-08-09,UPI
15949,2158,8,2023-07-24,UPI
15950,1457,2,2024-02-29,Net Banking
15951,3146,4,2023-02-13,Credit Card
15952,3784,2,2024-11-01,Credit Card
15953,1318,14,2024-05-01,Debit Card
15954,1549,9,2024-07-16,Net Banking
15955,3276,13,2023-03-13,UPI
15956,4839,4,2023-10-08,Debit Card
15957,1113,5,2023-01-18,UPI
15958,3352,9,2023-12-26,Credit Card
15959,4563,2,2025-03-04,Credit Card
15960,2403,4,2024-03-08,UPI
15961,1651,6,2025-10-25,Credit Card
15962,3420,1,2024-12-16,Debit Card
15963,163,1,2025-02-26,Cash
15964,1885,7,2024-04-17,Cash
15965,1338,6,2024-12-07,Credit Card
15966,1170,13,2024-06-09,Cash
15967,932,4,2025-01-31,Debit Card
15968,3763,5,2025-06-04,Cash
15969,4788,5,2025-08-28,Credit Card
15970,2017,9,2025-11-17,Debit Card
15971,255,5,2024-05-20,UPI
15972,3673,2,2025-05-10,Net Banking
15973,2768,7,2025-07-19,Debit Card
15974,3692,15,2025-01-21,Cash
15975,3314,15,2023-11-06,Credit Card
15976,4560,10,2025-05-26,UPI
15977,734,9,2025-11-30,Credit Card
15978,883,7,2023-09-04,Debit Card
15979,1779,8,2024-07-06,UPI
15980,2533,13,2023-09-04,UPI
15981,4650,15,2024-05-20,UPI
15982,4563,10,2024-01-07,UPI
15983,4402,3,2024-04-28,Debit Card
15984,1161,11,2023-11-08,Cash
15985,3724,13,2023-11-08,Credit Card
15986,2012,9,2023-01-19,Cash
15987,4682,7,2025-07-24,Credit Card
15988,1117,10,2025-02-21,Cash
15989,740,4,2024-05-05,UPI
15990,4250,12,2023-10-06,Credit Card
15991,3663,10,2023-01-24,Credit Card
15992,4144,13,2025-08-27,UPI
15993,822,7,2024-12-01,UPI
15994,4465,3,2024-07-21,Credit Card
15995,3486,11,2023-05-05,Debit Card
15996,3338,10,2024-07-24,Cash
15997,2989,14,2025-05-22,Debit Card
15998,3914,7,2024-02-16,UPI
15999,2168,3,2025-10-30,UPI
16000,694,2,2024-12-29,Credit Card
16001,2776,1,2024-06-11,UPI
16002,3826,11,2024-04-22,Credit Card
16003,801,6,2023-06-05,Credit Card
16004,1166,13,2023-02-11,UPI
16005,3571,14,2025-11-21,Cash
16006,1395,3,2024-08-16,Debit Card
16007,887,10,2023-01-08,Debit Card
16008,4490,12,2025-05-17,UPI
16009,836,11,2025-03-07,Credit Card
16010,1797,14,2023-12-04,Debit Card
16011,2231,2,2024-12-27,Credit Card
16012,2474,11,2023-06-29,Credit Card
16013,1891,3,2024-12-16,Net Banking
16014,4583,8,2024-03-12,UPI
16015,3371,3,2023-12-26,UPI
16016,1882,4,2025-02-16,Credit Card
16017,1875,2,2023-03-10,Credit Card
16018,2586,15,2023-06-30,Credit Card
16019,175,8,2024-01-26,Credit Card
16020,4653,6,2024-08-09,UPI
16021,1165,9,2024-08-15,UPI
16022,3578,14,2024-12-09,Credit Card
16023,3959,15,2023-05-17,UPI
16024,4178,8,2024-11-21,Cash
16025,862,13,2025-08-03,Cash
16026,2759,4,2023-12-19,Credit Card
16027,431,13,2023-07-07,Credit Card
16028,4080,13,2025-09-22,Net Banking
16029,2519,8,2024-08-07,Debit Card
16030,827,15,2023-02-10,UPI
16031,3672,1,2024-09-17,UPI
16032,1718,11,2024-10-18,UPI
16033,586,9,2025-08-23,Net Banking
16034,2400,5,2024-06-05,Credit Card
16035,1221,4,2025-04-27,UPI
16036,4762,5,2025-02-10,UPI
16037,1891,13,2023-11-24,Net Banking
16038,2941,1,2025-01-31,UPI
16039,4755,2,2025-12-04,UPI
16040,2059,13,2025-04-26,UPI
16041,1877,2,2024-07-29,Cash
16042,843,15,2024-08-16,UPI
16043,4714,11,2023-10-03,Net Banking
16044,4064,13,2023-12-26,Cash
16045,1153,15,2023-01-02,UPI
16046,1727,9,2024-12-29,Cash
16047,4595,6,2023-08-08,Credit Card
16048,2763,3,2024-01-20,UPI
16049,2861,4,2025-06-10,Credit Card
16050,3316,13,2025-11-21,Cash
16051,3898,1,2025-04-22,Credit Card
16052,4717,15,2025-04-29,UPI
16053,4070,7,2023-04-11,UPI
16054,4697,7,2025-08-17,Debit Card
16055,4139,13,2024-12-11,Cash
16056,243,8,2024-09-28,Cash
16057,603,1,2023-09-19,Cash
16058,4465,9,2025-03-27,Credit Card
16059,150,2,2024-01-12,UPI
16060,4036,13,2023-08-14,Net Banking
16061,4292,1,2024-12-26,Net Banking
16062,2167,1,2024-10-11,Debit Card
16063,1861,8,2025-03-16,Credit Card
16064,1013,3,2023-02-09,Net Banking
16065,254,13,2023-04-12,UPI
16066,3807,6,2023-02-17,Debit Card
16067,390,6,2023-06-03,UPI
16068,4738,11,2023-03-11,Cash
16069,1537,2,2025-03-05,Cash
16070,4037,2,2025-10-16,Credit Card
16071,312,1,2025-12-08,Credit Card
16072,2756,9,2023-07-09,Net Banking
16073,1829,1,2024-02-17,UPI
16074,157,13,2024-06-15,Credit Card
16075,3359,13,2024-05-01,Credit Card
16076,4733,6,2025-10-21,Cash
16077,50,12,2023-09-18,Debit Card
16078,1399,9,2024-11-05,Debit Card
16079,3602,6,2023-06-27,UPI
16080,4398,11,2024-07-19,Credit Card
16081,994,6,2025-01-28,UPI
16082,372,4,2025-05-15,UPI
16083,37,5,2024-02-18,UPI
16084,1119,13,2024-10-30,UPI
16085,377,1,2025-02-07,Credit Card
16086,1881,3,2024-12-06,Debit Card
16087,2292,11,2025-12-03,UPI
16088,2490,6,2025-09-19,Cash
16089,748,2,2025-09-16,Net Banking
16090,2413,1,2024-05-30,Net Banking
16091,42,13,2023-12-29,Credit Card
16092,1242,1,2024-05-12,Credit Card
16093,1936,14,2024-01-25,Credit Card
16094,608,1,2023-09-22,Debit Card
16095,4118,10,2025-08-08,UPI
16096,1059,10,2024-01-27,Debit Card
16097,3854,12,2025-01-20,UPI
16098,2461,1,2023-04-16,Debit Card
16099,2490,13,2023-02-14,Debit Card
16100,3299,6,2025-12-24,UPI
16101,232,14,2023-11-01,Cash
16102,410,10,2025-05-05,UPI
16103,1692,4,2024-08-21,Net Banking
16104,2172,4,2023-01-18,Credit Card
16105,2237,14,2023-03-09,Credit Card
16106,3484,4,2024-06-01,UPI
16107,3,8,2025-10-21,Debit Card
16108,4812,7,2023-04-15,UPI
16109,912,5,2024-01-16,Net Banking
16110,1285,14,2024-06-22,Cash
16111,4560,15,2024-01-25,UPI
16112,22,7,2024-04-02,Credit Card
16113,4957,8,2025-05-02,Credit Card
16114,187,10,2025-09-02,Debit Card
16115,624,8,2025-12-20,UPI
16116,1248,11,2023-12-18,Cash
16117,2281,7,2024-09-09,Net Banking
16118,2661,7,2023-07-15,Credit Card
16119,540,13,2025-08-24,Net Banking
16120,389,14,2024-08-13,UPI
16121,164,9,2025-05-18,UPI
16122,1331,11,2024-05-31,Debit Card
16123,4628,15,2023-11-30,Credit Card
16124,2048,15,2023-05-09,UPI
16125,3909,5,2025-10-19,UPI
16126,992,8,2023-09-17,Cash
16127,341,2,2023-03-05,Debit Card
16128,2849,12,2024-11-24,Cash
16129,4149,15,2024-10-15,Credit Card
16130,4531,13,2023-11-22,Net Banking
16131,2814,8,2023-09-02,Cash
16132,1522,1,2023-12-08,UPI
16133,562,9,2025-06-20,UPI
16134,3423,1,2023-08-21,UPI
16135,1457,14,2025-02-06,UPI
16136,4262,8,2023-03-26,Net Banking
16137,3103,15,2023-06-09,Cash
16138,4337,3,2023-09-18,UPI
16139,2917,14,2024-03-15,UPI
16140,3938,4,2024-05-15,Debit Card
16141,1522,15,2023-04-30,UPI
16142,2587,13,2025-08-27,UPI
16143,97,11,2024-07-25,Cash
16144,3118,13,2023-01-28,Credit Card
16145,2743,10,2025-12-12,Credit Card
16146,3856,7,2024-09-05,UPI
16147,3719,15,2025-02-20,Credit Card
16148,3204,10,2025-07-08,Debit Card
16149,298,13,2023-05-03,UPI
16150,4551,3,2023-01-19,Cash
16151,90,9,2024-11-21,Debit Card
16152,4076,3,2023-09-11,Credit Card
16153,2488,8,2023-12-19,Credit Card
16154,4127,8,2025-11-08,UPI
16155,2420,14,2025-10-18,Cash
16156,3308,3,2023-02-13,Cash
16157,1902,13,2024-04-14,Credit Card
16158,3805,3,2023-12-08,Debit Card
16159,1314,10,2025-09-05,Debit Card
16160,3675,5,2023-03-03,Cash
16161,1009,8,2025-04-02,Debit Card
16162,3687,6,2025-05-22,Credit Card
16163,1520,5,2023-11-03,Debit Card
16164,1447,5,2024-07-26,Net Banking
16165,4108,11,2024-11-07,Credit Card
16166,4117,12,2024-02-01,UPI
16167,3545,6,2025-10-26,Cash
16168,4641,8,2025-03-20,Debit Card
16169,811,6,2025-11-30,UPI
16170,1394,7,2023-11-14,Credit Card
16171,1522,9,2023-04-07,UPI
16172,1584,7,2024-04-12,Credit Card
16173,1697,14,2024-02-20,Credit Card
16174,3574,9,2024-09-16,UPI
16175,1403,10,2025-03-05,UPI
16176,1481,13,2025-03-15,UPI
16177,2933,1,2024-06-02,Net Banking
16178,1009,3,2023-09-10,Credit Card
16179,1912,6,2024-10-01,UPI
16180,302,15,2024-12-01,Cash
16181,4776,3,2025-11-11,UPI
16182,1653,11,2023-06-19,Cash
16183,4295,14,2025-09-15,UPI
16184,2720,2,2023-06-20,Net Banking
16185,1191,5,2024-05-22,Credit Card
16186,1009,1,2023-07-30,Debit Card
16187,3561,5,2023-07-07,UPI
16188,4839,13,2024-07-05,Cash
16189,955,11,2024-03-09,Debit Card
16190,591,8,2024-07-28,UPI
16191,2034,9,2024-08-04,UPI
16192,2060,10,2024-05-05,UPI
16193,4090,13,2024-12-03,UPI
16194,2437,6,2025-09-07,UPI
16195,327,4,2023-09-17,UPI
16196,4625,3,2025-09-13,UPI
16197,1956,8,2025-04-23,UPI
16198,3427,12,2024-03-02,Credit Card
16199,3421,15,2023-04-04,UPI
16200,296,2,2025-06-22,Debit Card
16201,12,8,2023-10-14,UPI
16202,455,7,2023-08-31,Debit Card
16203,4799,2,2025-10-11,Net Banking
16204,4035,2,2025-05-29,Credit Card
16205,690,2,2024-06-14,Debit Card
16206,3145,15,2023-01-23,UPI
16207,3137,1,2023-12-12,Cash
16208,2,7,2025-09-15,Debit Card
16209,2231,8,2025-12-19,UPI
16210,3639,7,2023-06-28,Credit Card
16211,975,15,2024-01-19,Cash
16212,4301,4,2023-09-20,Debit Card
16213,3381,11,2024-01-19,UPI
16214,26,15,2025-06-21,UPI
16215,4324,12,2023-06-03,Debit Card
16216,97,9,2025-11-26,Credit Card
16217,4484,13,2025-12-21,Credit Card
16218,1736,2,2024-06-12,Net Banking
16219,3582,5,2024-04-04,UPI
16220,4005,15,2023-08-15,UPI
16221,1459,2,2023-03-08,UPI
16222,1868,3,2024-10-27,Debit Card
16223,2619,2,2025-12-09,UPI
16224,2989,8,2023-05-10,Credit Card
16225,1514,15,2023-07-13,Cash
16226,4965,10,2024-05-05,Cash
16227,3763,14,2023-08-04,UPI
16228,1421,13,2025-12-16,Cash
16229,3277,6,2025-12-21,Net Banking
16230,2260,5,2024-05-20,Net Banking
16231,4341,5,2025-05-27,Cash
16232,1704,9,2023-01-22,UPI
16233,979,2,2025-01-20,Debit Card
16234,241,13,2023-07-31,Credit Card
16235,4921,1,2025-02-14,UPI
16236,1881,6,2024-06-10,UPI
16237,1149,8,2023-09-10,Net Banking
16238,2535,8,2025-02-04,Net Banking
16239,1511,6,2023-05-26,UPI
16240,1212,3,2024-04-22,UPI
16241,3149,3,2023-09-30,Cash
16242,394,2,2023-09-09,Debit Card
16243,2617,13,2024-03-20,Debit Card
16244,2034,2,2024-06-22,UPI
16245,2735,2,2024-04-25,UPI
16246,1662,7,2025-09-23,Credit Card
16247,2932,15,2023-09-19,UPI
16248,421,10,2023-04-30,Net Banking
16249,1973,9,2024-02-21,UPI
16250,1230,10,2023-06-12,Net Banking
16251,2278,14,2024-05-20,Cash
16252,2088,11,2025-11-14,Credit Card
16253,3225,13,2024-10-10,UPI
16254,3210,7,2023-06-11,Debit Card
16255,2160,12,2024-05-04,Credit Card
16256,944,8,2023-03-25,UPI
16257,2987,12,2025-02-26,UPI
16258,4840,12,2025-02-27,UPI
16259,967,5,2023-06-26,Credit Card
16260,364,2,2024-05-04,UPI
16261,1370,14,2023-02-21,UPI
16262,2158,8,2023-12-02,UPI
16263,1589,5,2023-03-10,UPI
16264,4209,13,2025-08-15,UPI
16265,2540,14,2025-05-12,Net Banking
16266,1273,9,2025-06-24,Cash
16267,4762,6,2025-12-06,UPI
16268,649,13,2023-05-05,UPI
16269,637,7,2023-02-25,Credit Card
16270,1273,1,2024-01-19,UPI
16271,400,8,2024-08-22,Credit Card
16272,3841,7,2023-12-25,Cash
16273,1624,7,2025-06-01,Credit Card
16274,3726,7,2025-04-14,Credit Card
16275,3903,15,2025-08-25,Credit Card
16276,1230,7,2025-11-07,UPI
16277,2661,15,2025-08-23,UPI
16278,2667,11,2024-05-04,UPI
16279,4399,1,2023-10-26,Cash
16280,137,12,2025-05-08,UPI
16281,1650,9,2024-02-10,Cash
16282,4445,7,2024-03-18,Credit Card
16283,1228,7,2023-05-13,Credit Card
16284,714,11,2025-05-04,Debit Card
16285,2960,13,2025-03-29,UPI
16286,1587,12,2025-05-15,Cash
16287,2431,1,2024-01-26,Debit Card
16288,4139,6,2025-08-01,Cash
16289,2678,10,2025-07-02,Credit Card
16290,2648,8,2025-04-09,UPI
16291,1444,14,2025-12-10,UPI
16292,4029,5,2025-06-19,UPI
16293,3781,12,2023-03-05,Cash
16294,1215,12,2023-02-18,UPI
16295,1662,1,2023-06-18,Credit Card
16296,4007,13,2024-04-14,UPI
16297,1875,5,2025-01-11,Debit Card
16298,2109,15,2025-11-15,Debit Card
16299,1909,2,2025-07-24,Cash
16300,840,2,2025-09-04,UPI
16301,1777,4,2025-04-02,Net Banking
16302,4073,14,2024-04-12,Cash
16303,2532,12,2023-03-13,Credit Card
16304,2387,11,2024-07-30,Cash
16305,812,4,2024-01-31,Credit Card
16306,923,15,2024-12-13,Cash
16307,226,10,2024-06-25,UPI
16308,67,7,2024-04-17,UPI
16309,2522,9,2025-02-22,Debit Card
16310,2137,11,2024-09-20,Net Banking
16311,1428,12,2025-07-24,Debit Card
16312,4951,2,2025-01-26,Net Banking
16313,2084,8,2024-01-24,Net Banking
16314,4007,14,2025-07-28,Credit Card
16315,1095,8,2024-12-17,Credit Card
16316,1280,11,2023-11-03,UPI
16317,2922,8,2024-09-25,Credit Card
16318,15,9,2025-07-08,Debit Card
16319,89,9,2024-05-21,Credit Card
16320,747,14,2023-08-28,Net Banking
16321,1165,10,2024-02-18,UPI
16322,2711,7,2024-02-28,Credit Card
16323,3523,5,2025-04-27,Credit Card
16324,1614,7,2025-06-04,UPI
16325,1241,14,2023-05-20,Cash
16326,4151,7,2024-09-29,Cash
16327,846,10,2023-07-11,Cash
16328,3486,10,2024-07-28,Net Banking
16329,4684,7,2023-08-16,Debit Card
16330,1209,8,2023-04-13,Cash
16331,448,15,2023-01-09,UPI
16332,4897,2,2024-01-30,Credit Card
16333,1403,13,2023-11-02,UPI
16334,1429,4,2024-08-02,Cash
16335,2507,12,2023-11-04,UPI
16336,1203,9,2023-01-04,Credit Card
16337,4967,4,2024-12-12,Credit Card
16338,226,2,2023-03-13,Debit Card
16339,2357,7,2023-04-09,Credit Card
16340,2824,6,2025-02-28,Credit Card
16341,2429,4,2023-08-18,UPI
16342,2676,13,2023-01-18,UPI
16343,4935,8,2025-12-19,Debit Card
16344,4423,6,2025-06-28,UPI
16345,1596,8,2023-05-26,Credit Card
16346,2835,4,2024-07-13,Debit Card
16347,1,2,2025-02-21,UPI
16348,2138,12,2024-06-15,Debit Card
16349,852,6,2023-03-23,Debit Card
16350,3637,9,2024-04-10,Cash
16351,1153,12,2023-03-19,UPI
16352,3830,9,2025-10-04,Debit Card
16353,1626,15,2024-05-15,Credit Card
16354,4651,11,2025-04-15,Credit Card
16355,2329,13,2025-04-29,Credit Card
16356,4229,9,2023-11-28,Cash
16357,3209,14,2023-12-27,UPI
16358,4892,3,2024-11-03,Debit Card
16359,3801,3,2024-06-05,UPI
16360,3713,10,2025-06-28,Credit Card
16361,1371,3,2024-09-09,UPI
16362,2598,5,2024-08-25,Credit Card
16363,1505,5,2023-10-05,Credit Card
16364,96,13,2025-02-21,Debit Card
16365,3634,5,2023-11-18,UPI
16366,1225,8,2025-02-16,UPI
16367,2080,10,2024-07-24,Credit Card
16368,1474,12,2024-09-30,Debit Card
16369,1051,8,2023-04-01,Credit Card
16370,354,15,2025-10-17,Cash
16371,1761,14,2025-11-05,Debit Card
16372,420,8,2024-08-31,Cash
16373,2784,14,2025-03-19,Debit Card
16374,99,9,2024-09-28,UPI
16375,4718,10,2025-05-08,UPI
16376,4840,6,2024-01-20,Debit Card
16377,1581,2,2023-11-02,Net Banking
16378,1350,9,2025-10-27,Credit Card
16379,538,6,2023-09-02,UPI
16380,4559,1,2025-12-13,UPI
16381,3011,12,2023-03-21,Credit Card
16382,3129,12,2023-11-02,UPI
16383,4517,5,2025-07-02,UPI
16384,4578,7,2024-08-29,Cash
16385,4182,14,2024-08-16,UPI
16386,3944,12,2024-12-21,Net Banking
16387,4424,12,2023-12-02,UPI
16388,4421,1,2023-09-24,UPI
16389,1934,15,2024-12-31,Cash
16390,4867,7,2025-04-02,UPI
16391,3631,11,2025-10-02,UPI
16392,1941,5,2024-09-21,Credit Card
16393,2302,5,2025-03-04,Cash
16394,3527,2,2023-07-09,Credit Card
16395,1890,12,2023-06-27,Cash
16396,4171,4,2024-09-25,Cash
16397,774,9,2023-11-22,UPI
16398,4565,12,2023-09-04,UPI
16399,1559,2,2024-01-23,UPI
16400,800,9,2024-02-27,Cash
16401,4337,8,2023-06-03,Credit Card
16402,1243,15,2023-04-27,Net Banking
16403,4258,13,2025-04-19,UPI
16404,1535,4,2023-05-24,Credit Card
16405,4695,12,2024-01-06,UPI
16406,1141,2,2024-09-01,Cash
16407,369,6,2025-02-27,UPI
16408,4703,15,2024-10-15,Net Banking
16409,862,7,2025-05-05,UPI
16410,4737,15,2023-12-27,Net Banking
16411,4157,2,2024-07-28,Debit Card
16412,422,8,2023-11-14,Credit Card
16413,2326,9,2024-02-05,UPI
16414,389,5,2023-02-07,UPI
16415,1710,6,2023-02-13,UPI
16416,1842,6,2024-03-09,UPI
16417,3078,10,2024-04-30,Debit Card
16418,4880,2,2023-10-07,UPI
16419,885,13,2023-09-09,Debit Card
16420,1706,11,2025-07-04,UPI
16421,3013,1,2023-01-17,Cash
16422,895,14,2025-05-20,Cash
16423,3634,11,2025-05-18,Cash
16424,2109,5,2024-06-03,Credit Card
16425,4759,6,2024-06-24,UPI
16426,3214,14,2025-08-31,Credit Card
16427,1901,12,2025-01-27,Debit Card
16428,3676,14,2023-11-20,UPI
16429,4226,1,2025-12-20,Debit Card
16430,4064,8,2024-06-20,UPI
16431,1361,5,2023-03-21,Cash
16432,2173,5,2023-11-30,UPI
16433,2357,8,2024-02-16,Cash
16434,2037,14,2025-10-08,Credit Card
16435,1610,8,2023-05-19,UPI
16436,3845,9,2025-02-22,Debit Card
16437,56,11,2023-11-02,UPI
16438,1519,4,2024-02-05,Debit Card
16439,743,3,2024-11-24,UPI
16440,672,10,2025-09-13,Cash
16441,1437,11,2024-10-27,Net Banking
16442,3898,2,2023-07-13,Debit Card
16443,4846,1,2024-01-15,Credit Card
16444,2642,14,2023-09-03,Credit Card
16445,1765,10,2023-04-11,Net Banking
16446,4184,5,2023-12-06,Credit Card
16447,354,6,2025-04-24,Cash
16448,483,8,2023-08-03,UPI
16449,1807,14,2025-02-01,Cash
16450,2347,15,2023-01-02,Credit Card
16451,4055,6,2023-02-11,UPI
16452,4649,15,2024-04-27,UPI
16453,2731,2,2024-01-22,UPI
16454,2550,8,2025-04-28,Cash
16455,1109,5,2025-03-06,UPI
16456,2357,13,2024-04-25,Net Banking
16457,4641,3,2024-02-20,Credit Card
16458,2057,14,2025-07-15,Net Banking
16459,1096,6,2024-02-05,Debit Card
16460,1758,12,2025-01-08,UPI
16461,2642,6,2025-11-27,UPI
16462,3073,3,2023-11-30,Net Banking
16463,2247,7,2025-09-08,Credit Card
16464,3875,7,2025-06-04,UPI
16465,3000,7,2025-02-25,UPI
16466,3410,8,2023-08-18,Cash
16467,4358,11,2023-01-30,Net Banking
16468,4373,7,2025-08-20,UPI
16469,1070,13,2023-06-22,Credit Card
16470,3187,4,2024-07-14,UPI
16471,3662,5,2025-11-19,Net Banking
16472,766,14,2023-07-17,Credit Card
16473,4253,4,2025-10-19,Net Banking
16474,938,2,2024-07-01,Debit Card
16475,4062,7,2024-11-09,Cash
16476,837,13,2023-08-06,Net Banking
16477,3795,3,2023-01-16,UPI
16478,776,13,2024-05-06,UPI
16479,1983,1,2024-01-17,UPI
16480,752,1,2025-11-13,Credit Card
16481,1402,9,2023-11-17,UPI
16482,4922,11,2025-09-04,Net Banking
16483,551,3,2023-06-19,UPI
16484,2120,7,2023-04-23,UPI
16485,3484,9,2024-05-24,UPI
16486,489,14,2023-10-30,Credit Card
16487,558,7,2024-03-22,UPI
16488,752,11,2025-08-10,Debit Card
16489,3299,8,2023-07-09,UPI
16490,4571,6,2023-05-07,Net Banking
16491,4166,11,2025-01-23,UPI
16492,4914,3,2023-05-11,UPI
16493,2970,1,2025-11-21,Credit Card
16494,4817,10,2024-09-08,UPI
16495,1582,14,2024-06-02,Cash
16496,2195,8,2023-01-07,Credit Card
16497,2071,6,2025-04-25,Credit Card
16498,249,15,2024-10-02,Debit Card
16499,4186,2,2025-01-12,Debit Card
16500,129,12,2025-03-15,UPI
16501,3726,13,2025-08-07,Debit Card
16502,2124,10,2025-06-19,Debit Card
16503,24,8,2024-08-30,UPI
16504,1504,4,2024-10-08,Debit Card
16505,1813,10,2024-09-23,Net Banking
16506,4839,9,2025-12-24,UPI
16507,3384,15,2025-06-06,UPI
16508,2798,12,2023-11-08,Cash
16509,664,9,2025-07-16,UPI
16510,2052,9,2023-06-24,Debit Card
16511,187,4,2023-10-12,Credit Card
16512,3894,6,2025-07-29,Cash
16513,846,14,2024-01-16,Net Banking
16514,3050,4,2023-09-02,Credit Card
16515,3588,10,2023-03-04,Net Banking
16516,1919,10,2023-08-05,UPI
16517,3234,5,2024-10-01,Credit Card
16518,3910,7,2025-08-21,Debit Card
16519,960,7,2023-10-08,Credit Card
16520,3084,10,2024-03-10,Debit Card
16521,3744,6,2025-09-17,UPI
16522,1871,12,2024-06-02,UPI
16523,843,10,2023-02-15,Cash
16524,1483,4,2025-04-20,UPI
16525,4691,15,2024-08-21,UPI
16526,1872,13,2024-08-15,UPI
16527,551,12,2024-09-15,Cash
16528,425,13,2024-08-12,UPI
16529,938,15,2023-10-12,Credit Card
16530,668,5,2024-10-07,UPI
16531,2549,15,2023-02-21,Debit Card
16532,1820,5,2025-03-26,Cash
16533,4245,9,2023-11-29,Credit Card
16534,4441,14,2024-10-23,Debit Card
16535,2457,15,2025-06-30,Debit Card
16536,4486,11,2024-01-14,Credit Card
16537,2353,6,2025-04-22,UPI
16538,3284,4,2025-10-06,Debit Card
16539,844,6,2025-11-12,Debit Card
16540,278,7,2025-10-25,Cash
16541,835,7,2024-07-02,UPI
16542,1302,10,2024-05-28,Credit Card
16543,3839,3,2023-08-09,UPI
16544,905,6,2023-11-10,Net Banking
16545,683,11,2024-12-24,Debit Card
16546,4661,14,2025-02-11,Credit Card
16547,3535,7,2023-05-27,Net Banking
16548,2457,15,2023-10-05,UPI
16549,491,1,2025-06-07,UPI
16550,4304,4,2024-01-29,Debit Card
16551,554,7,2025-09-07,Credit Card
16552,3133,12,2025-05-24,Credit Card
16553,3422,10,2025-07-06,Debit Card
16554,2096,1,2025-03-26,Debit Card
16555,4579,14,2023-06-21,Debit Card
16556,262,8,2024-03-26,Debit Card
16557,4128,6,2024-09-12,Cash
16558,2848,14,2025-03-01,UPI
16559,3134,6,2024-06-12,Debit Card
16560,4931,3,2023-03-28,Debit Card
16561,2989,6,2024-04-27,Debit Card
16562,4050,4,2024-10-14,UPI
16563,800,9,2025-06-08,UPI
16564,4099,13,2024-03-09,Debit Card
16565,3891,4,2025-11-11,UPI
16566,4842,6,2025-01-04,Net Banking
16567,4702,11,2023-05-07,UPI
16568,1113,13,2025-07-27,UPI
16569,2420,15,2025-02-09,UPI
16570,4580,13,2024-10-06,UPI
16571,3280,14,2025-11-26,Cash
16572,2411,13,2024-01-19,UPI
16573,558,6,2025-05-10,Credit Card
16574,1842,11,2025-08-12,Credit Card
16575,3410,1,2024-11-24,Cash
16576,3956,4,2024-12-27,UPI
16577,2340,9,2024-03-03,Cash
16578,292,14,2023-03-11,Credit Card
16579,3238,11,2024-09-27,UPI
16580,4628,10,2025-01-15,Credit Card
16581,2555,6,2023-11-06,Credit Card
16582,4667,12,2025-11-03,UPI
16583,1856,4,2024-03-01,UPI
16584,4476,7,2024-09-21,Cash
16585,3998,14,2023-05-08,Credit Card
16586,4819,10,2023-08-26,UPI
16587,4019,7,2023-11-05,Credit Card
16588,1664,5,2023-05-01,Debit Card
16589,4544,4,2023-02-03,Debit Card
16590,3438,15,2023-12-12,Debit Card
16591,842,4,2023-01-22,UPI
16592,240,15,2024-01-22,UPI
16593,1917,7,2025-12-07,UPI
16594,4003,6,2023-12-15,UPI
16595,3160,4,2024-03-05,UPI
16596,2708,3,2023-09-05,UPI
16597,12,2,2024-11-22,Net Banking
16598,2260,15,2023-10-09,UPI
16599,821,4,2025-01-02,Debit Card
16600,2367,7,2023-11-03,Credit Card
16601,4959,14,2025-12-02,UPI
16602,4435,2,2025-12-18,Net Banking
16603,1607,13,2025-02-11,Cash
16604,3045,12,2023-06-25,UPI
16605,2584,9,2025-12-16,UPI
16606,680,14,2023-06-19,UPI
16607,4951,9,2024-03-08,UPI
16608,2220,6,2025-08-27,UPI
16609,2601,9,2023-05-31,UPI
16610,3311,1,2024-02-06,Credit Card
16611,1001,6,2023-07-01,UPI
16612,1158,3,2025-08-07,Credit Card
16613,1004,6,2025-01-26,UPI
16614,2016,5,2025-06-20,Debit Card
16615,1051,12,2025-06-27,Net Banking
16616,4653,5,2024-04-14,Net Banking
16617,3651,14,2025-01-18,UPI
16618,4528,1,2025-09-30,Credit Card
16619,4284,14,2024-05-23,Net Banking
16620,3601,5,2024-04-04,UPI
16621,1260,13,2023-06-08,Credit Card
16622,3145,11,2023-05-31,Cash
16623,973,6,2024-05-09,UPI
16624,693,15,2024-11-14,UPI
16625,3233,15,2023-09-04,UPI
16626,3194,1,2025-11-29,Credit Card
16627,814,10,2024-12-27,UPI
16628,1844,13,2024-12-10,Credit Card
16629,350,14,2023-02-23,UPI
16630,3657,7,2025-02-28,Cash
16631,4935,13,2025-03-26,Credit Card
16632,3782,1,2025-03-06,UPI
16633,4264,7,2025-01-19,Credit Card
16634,2475,11,2024-06-27,Credit Card
16635,495,14,2025-06-03,UPI
16636,3707,12,2023-03-28,UPI
16637,1328,9,2025-06-08,Net Banking
16638,2037,7,2024-05-06,UPI
16639,3601,14,2024-07-16,Debit Card
16640,4558,12,2023-12-18,Debit Card
16641,2517,10,2025-01-14,Credit Card
16642,4817,15,2023-11-27,Net Banking
16643,2670,12,2025-10-06,Debit Card
16644,633,5,2023-03-30,UPI
16645,2661,3,2023-01-18,Credit Card
16646,4343,7,2023-08-04,UPI
16647,2766,6,2025-10-25,UPI
16648,3825,8,2023-06-25,UPI
16649,2820,14,2024-12-17,Debit Card
16650,2813,8,2025-07-12,UPI
16651,1474,10,2024-12-21,Net Banking
16652,1059,11,2023-07-03,UPI
16653,1450,6,2023-06-07,Credit Card
16654,2298,7,2024-06-06,Credit Card
16655,4099,3,2025-01-28,Credit Card
16656,4184,14,2023-01-04,UPI
16657,849,4,2023-05-24,UPI
16658,2839,7,2024-01-22,Credit Card
16659,2169,6,2024-06-03,Cash
16660,2936,3,2025-05-26,Debit Card
16661,3311,15,2023-09-17,Credit Card
16662,1453,10,2025-06-17,Net Banking
16663,4618,7,2024-03-15,Debit Card
16664,4701,3,2023-05-12,Cash
16665,543,10,2025-11-13,UPI
16666,3601,13,2024-06-06,UPI
16667,173,14,2025-03-23,Debit Card
16668,243,8,2025-09-30,UPI
16669,4805,13,2023-01-18,UPI
16670,3561,7,2025-01-05,Credit Card
16671,1677,4,2025-01-11,Credit Card
16672,3440,1,2025-12-30,UPI
16673,4273,6,2024-02-27,Cash
16674,4398,15,2025-04-21,Debit Card
16675,105,5,2024-09-05,Debit Card
16676,4128,14,2025-09-19,Cash
16677,4312,9,2025-02-28,UPI
16678,3057,10,2024-11-05,Credit Card
16679,2490,15,2025-09-26,UPI
16680,570,6,2024-05-02,UPI
16681,1244,1,2025-01-12,Debit Card
16682,2528,3,2023-07-24,Cash
16683,4370,15,2025-12-27,UPI
16684,4075,2,2025-06-12,Cash
16685,2551,3,2024-11-20,UPI
16686,3992,1,2023-12-11,Debit Card
16687,3916,11,2025-11-10,Debit Card
16688,2972,2,2023-05-15,Debit Card
16689,1147,8,2025-11-21,Credit Card
16690,1824,14,2023-02-02,UPI
16691,854,3,2023-12-31,UPI
16692,28,9,2023-06-18,UPI
16693,416,11,2024-09-07,Net Banking
16694,3883,11,2024-05-01,UPI
16695,174,4,2024-09-03,UPI
16696,2093,2,2023-09-19,Net Banking
16697,4925,12,2024-01-04,UPI
16698,4043,7,2025-11-10,Debit Card
16699,3838,9,2025-06-29,Cash
16700,1423,5,2025-07-04,Debit Card
16701,3284,1,2024-09-04,Net Banking
16702,2568,9,2023-12-25,UPI
16703,3189,9,2023-08-05,UPI
16704,2262,7,2023-03-16,UPI
16705,2729,1,2023-07-17,UPI
16706,4943,4,2025-05-28,Credit Card
16707,1707,1,2025-08-24,Net Banking
16708,1129,3,2025-04-27,Credit Card
16709,2347,7,2023-07-24,UPI
16710,2691,1,2025-03-06,Cash
16711,441,8,2024-07-27,Debit Card
16712,4089,13,2025-03-25,Net Banking
16713,2202,10,2025-07-13,Net Banking
16714,2160,4,2024-09-19,Net Banking
16715,3373,4,2023-06-09,Debit Card
16716,3944,12,2023-04-08,Credit Card
16717,4927,12,2023-02-01,UPI
16718,906,1,2023-02-11,Net Banking
16719,1809,5,2024-04-06,Credit Card
16720,875,8,2024-01-17,Net Banking
16721,4440,8,2025-06-18,Cash
16722,2824,14,2025-06-24,UPI
16723,4307,7,2025-12-13,Cash
16724,4923,7,2024-05-04,Credit Card
16725,2831,8,2024-01-12,Debit Card
16726,607,8,2025-12-23,Credit Card
16727,1891,15,2024-06-22,Net Banking
16728,187,1,2024-08-01,Credit Card
16729,4289,2,2025-05-05,UPI
16730,89,10,2025-06-19,Cash
16731,3038,8,2023-07-07,Debit Card
16732,546,1,2025-10-24,UPI
16733,30,9,2024-06-27,Credit Card
16734,1326,9,2025-02-03,Debit Card
16735,2837,13,2024-05-04,Credit Card
16736,394,12,2023-08-25,Cash
16737,3145,15,2024-11-21,Net Banking
16738,3454,10,2025-03-31,Cash
16739,4846,2,2025-04-25,Credit Card
16740,4537,12,2023-09-24,Credit Card
16741,2917,6,2024-02-23,Credit Card
16742,4032,15,2023-09-21,Credit Card
16743,1905,15,2025-03-30,UPI
16744,3004,4,2025-01-16,Cash
16745,2109,10,2023-05-31,Net Banking
16746,1757,7,2025-09-02,Credit Card
16747,3713,15,2024-02-03,UPI
16748,1536,2,2023-08-06,UPI
16749,1993,13,2025-10-20,UPI
16750,1923,10,2024-03-13,Net Banking
16751,4396,1,2025-05-12,UPI
16752,888,15,2024-12-14,UPI
16753,2000,9,2025-09-30,Credit Card
16754,4483,12,2023-05-27,UPI
16755,75,12,2023-05-28,Debit Card
16756,4754,9,2023-06-17,Cash
16757,4533,12,2025-07-10,UPI
16758,2175,9,2025-07-13,Net Banking
16759,3344,5,2024-08-30,Debit Card
16760,4954,12,2025-09-17,UPI
16761,2853,3,2024-03-07,Debit Card
16762,502,6,2025-10-15,UPI
16763,4316,10,2023-08-11,UPI
16764,698,1,2023-02-18,UPI
16765,1332,14,2025-05-03,Credit Card
16766,4411,10,2025-03-02,Cash
16767,1325,8,2024-09-05,Debit Card
16768,3806,10,2025-02-20,UPI
16769,2341,4,2025-12-24,UPI
16770,3884,2,2025-10-17,Debit Card
16771,1209,11,2025-02-24,Debit Card
16772,2184,4,2025-06-28,UPI
16773,1656,14,2025-12-29,Debit Card
16774,1287,1,2024-06-24,Cash
16775,1634,10,2023-03-14,Debit Card
16776,1668,15,2023-01-06,Credit Card
16777,4789,10,2025-09-21,Cash
16778,2739,13,2023-03-08,Credit Card
16779,2403,8,2025-02-03,Debit Card
16780,2591,15,2025-12-07,Debit Card
16781,4983,6,2023-09-05,Debit Card
16782,3347,1,2023-12-15,UPI
16783,3601,13,2023-12-28,Credit Card
16784,1629,1,2025-10-24,Debit Card
16785,2447,2,2025-10-09,UPI
16786,960,7,2024-03-06,UPI
16787,3515,2,2024-03-09,UPI
16788,1800,3,2025-12-26,UPI
16789,3827,12,2023-04-29,UPI
16790,1111,11,2024-05-21,UPI
16791,2109,9,2024-07-29,Cash
16792,2446,1,2025-10-11,UPI
16793,866,9,2023-09-18,UPI
16794,369,6,2023-05-28,Debit Card
16795,1652,15,2025-04-20,Credit Card
16796,2808,9,2025-12-03,Net Banking
16797,3342,12,2024-04-05,Debit Card
16798,2220,10,2023-07-18,UPI
16799,2577,11,2025-09-26,Debit Card
16800,2798,8,2023-09-19,UPI
16801,2627,7,2024-10-06,Debit Card
16802,464,10,2024-06-05,UPI
16803,2119,7,2025-03-15,UPI
16804,1072,6,2025-10-07,UPI
16805,2743,13,2024-11-21,Credit Card
16806,3871,11,2024-08-14,Credit Card
16807,2974,14,2025-09-06,UPI
16808,1157,8,2023-01-06,Net Banking
16809,1082,9,2025-01-04,Credit Card
16810,194,8,2023-07-18,Credit Card
16811,2226,9,2024-07-13,Credit Card
16812,2248,5,2025-04-30,Cash
16813,1225,3,2024-07-22,UPI
16814,3910,4,2024-06-20,Net Banking
16815,2027,4,2024-02-16,Cash
16816,3435,9,2023-12-08,UPI
16817,3274,9,2023-07-26,Cash
16818,3101,1,2024-06-27,UPI
16819,4565,14,2024-08-19,UPI
16820,79,15,2024-09-05,UPI
16821,359,13,2023-05-02,UPI
16822,3687,15,2024-02-08,Debit Card
16823,1851,5,2023-07-15,Credit Card
16824,4930,2,2025-04-04,Credit Card
16825,1129,5,2024-04-25,Debit Card
16826,956,11,2024-08-31,Credit Card
16827,3019,5,2024-05-01,Net Banking
16828,1452,3,2025-08-26,Debit Card
16829,1773,4,2023-12-29,Credit Card
16830,4625,7,2023-06-22,Credit Card
16831,141,10,2023-04-15,Credit Card
16832,2731,13,2025-08-11,Net Banking
16833,1740,4,2025-03-06,UPI
16834,1813,3,2023-03-07,UPI
16835,1282,10,2023-03-18,UPI
16836,703,4,2025-06-26,Cash
16837,180,11,2025-06-11,Net Banking
16838,4936,2,2023-05-21,UPI
16839,3381,1,2024-10-02,UPI
16840,3958,5,2024-04-28,Cash
16841,342,9,2024-01-05,UPI
16842,70,9,2024-10-06,Credit Card
16843,3081,1,2025-01-13,UPI
16844,3692,12,2023-10-01,Credit Card
16845,2065,1,2024-01-19,Cash
16846,2036,8,2023-07-09,UPI
16847,2017,7,2023-06-08,Cash
16848,800,7,2023-03-19,UPI
16849,3851,14,2025-05-24,Debit Card
16850,1118,9,2024-09-28,UPI
16851,1677,12,2024-04-30,Credit Card
16852,3447,5,2025-12-20,Cash
16853,1,8,2023-12-29,Cash
16854,3917,7,2024-02-06,UPI
16855,4535,14,2025-02-27,Net Banking
16856,270,2,2023-07-16,Credit Card
16857,3036,2,2025-11-16,UPI
16858,2134,13,2025-10-15,Cash
16859,409,4,2025-04-29,Debit Card
16860,3503,1,2025-09-01,Credit Card
16861,3138,10,2024-04-16,Cash
16862,3286,5,2024-01-21,UPI
16863,4116,5,2024-09-30,Credit Card
16864,1487,1,2025-05-01,Net Banking
16865,3485,5,2024-08-10,Debit Card
16866,3804,4,2025-02-12,Credit Card
16867,881,12,2025-07-10,UPI
16868,4802,14,2024-10-08,UPI
16869,1769,10,2024-11-06,Debit Card
16870,3646,11,2024-10-09,Debit Card
16871,3851,5,2024-02-12,Cash
16872,2595,4,2025-06-26,Cash
16873,672,9,2025-06-29,UPI
16874,1429,9,2024-07-14,Debit Card
16875,1215,3,2023-12-18,Credit Card
16876,2664,3,2024-12-23,Credit Card
16877,1352,3,2024-08-01,Net Banking
16878,2819,7,2025-12-25,Debit Card
16879,1493,1,2023-09-13,Net Banking
16880,3,13,2024-07-02,Debit Card
16881,1902,4,2024-11-07,Debit Card
16882,3113,9,2024-02-21,Credit Card
16883,3945,12,2024-04-28,UPI
16884,151,8,2023-03-20,Debit Card
16885,1339,3,2025-03-04,Credit Card
16886,4924,8,2024-02-25,Credit Card
16887,1353,6,2024-07-03,UPI
16888,3958,10,2023-03-31,UPI
16889,2619,13,2024-12-09,UPI
16890,631,14,2024-02-24,Debit Card
16891,3289,11,2023-03-17,Net Banking
16892,4839,3,2024-01-21,Net Banking
16893,4477,12,2025-05-20,Cash
16894,3539,9,2024-11-24,Net Banking
16895,2629,10,2023-01-04,UPI
16896,1660,13,2025-03-28,UPI
16897,1871,7,2025-01-28,UPI
16898,1813,8,2024-10-26,Debit Card
16899,4630,10,2024-05-22,Cash
16900,1099,11,2023-10-21,Cash
16901,1979,2,2024-06-12,Cash
16902,2245,13,2025-06-18,Debit Card
16903,2136,3,2025-10-29,UPI
16904,16,13,2023-11-25,UPI
16905,1405,7,2023-11-07,Credit Card
16906,2566,2,2023-12-23,UPI
16907,3887,6,2025-10-19,UPI
16908,2927,7,2025-01-29,Credit Card
16909,2018,11,2024-03-17,Credit Card
16910,3410,11,2023-08-12,Debit Card
16911,3411,6,2024-11-06,Cash
16912,1282,5,2024-01-20,Credit Card
16913,534,9,2024-08-11,Net Banking
16914,4075,3,2023-10-17,Cash
16915,2719,5,2024-02-22,Credit Card
16916,917,13,2025-02-17,UPI
16917,1357,5,2025-04-13,UPI
16918,3918,8,2025-08-27,Credit Card
16919,3345,8,2025-04-10,UPI
16920,4740,1,2023-02-13,Credit Card
16921,2420,14,2025-01-28,Credit Card
16922,274,6,2023-08-06,UPI
16923,3593,12,2024-12-20,Cash
16924,1319,6,2024-08-13,UPI
16925,1676,15,2023-11-16,Credit Card
16926,1029,11,2025-05-28,UPI
16927,1599,10,2025-02-21,UPI
16928,4186,13,2023-08-30,Credit Card
16929,2962,2,2024-11-06,Debit Card
16930,559,5,2023-07-02,Debit Card
16931,3010,13,2023-10-15,UPI
16932,3239,6,2023-01-14,Credit Card
16933,4465,3,2024-01-18,UPI
16934,4338,1,2023-10-17,Cash
16935,328,9,2023-03-18,Credit Card
16936,4375,2,2024-01-08,Debit Card
16937,264,4,2024-12-13,UPI
16938,802,9,2023-10-11,Debit Card
16939,572,9,2025-03-01,Net Banking
16940,945,8,2023-03-11,UPI
16941,4076,14,2025-07-29,Credit Card
16942,3523,4,2024-04-08,Credit Card
16943,3525,1,2025-01-02,Credit Card
16944,4630,11,2024-08-05,UPI
16945,2056,11,2024-03-02,UPI
16946,11,7,2025-08-22,UPI
16947,3274,2,2023-11-13,UPI
16948,4383,8,2023-02-07,Cash
16949,4885,14,2024-07-09,Cash
16950,1907,15,2024-05-10,Net Banking
16951,4149,10,2023-11-19,Debit Card
16952,4289,10,2023-03-07,UPI
16953,757,14,2025-05-07,Cash
16954,3226,11,2023-08-31,Cash
16955,903,2,2024-07-23,Debit Card
16956,2336,10,2023-08-24,Credit Card
16957,4432,3,2025-05-19,Debit Card
16958,4009,15,2024-10-07,Net Banking
16959,2932,6,2025-11-04,Cash
16960,4099,4,2025-09-07,UPI
16961,800,2,2025-12-14,UPI
16962,1013,1,2023-08-18,UPI
16963,1088,3,2025-11-12,Debit Card
16964,3954,4,2024-03-05,UPI
16965,4496,9,2025-11-24,Debit Card
16966,2895,9,2024-08-20,UPI
16967,4805,5,2025-04-22,Credit Card
16968,3714,12,2024-07-07,UPI
16969,2900,5,2024-10-24,UPI
16970,3136,7,2024-04-05,UPI
16971,4291,8,2023-09-22,Cash
16972,463,3,2025-03-19,Cash
16973,874,15,2025-10-15,UPI
16974,1377,12,2023-01-08,Credit Card
16975,4513,5,2025-08-19,UPI
16976,4740,7,2024-09-09,Debit Card
16977,1866,15,2024-05-29,Cash
16978,4641,11,2024-10-13,Cash
16979,2819,2,2024-11-22,UPI
16980,2457,9,2023-07-02,UPI
16981,4203,3,2025-05-17,UPI
16982,2814,7,2024-12-10,UPI
16983,2367,12,2024-09-10,UPI
16984,80,9,2025-08-26,Net Banking
16985,58,9,2023-08-01,Cash
16986,3204,3,2025-08-22,UPI
16987,389,2,2024-03-14,Credit Card
16988,3762,11,2024-12-19,Net Banking
16989,3185,14,2025-04-20,UPI
16990,2386,5,2023-09-05,Debit Card
16991,3631,5,2023-01-14,UPI
16992,4967,14,2024-05-17,UPI
16993,1274,13,2023-04-23,UPI
16994,2869,8,2023-05-08,Credit Card
16995,4253,6,2024-05-16,Debit Card
16996,84,12,2025-02-03,UPI
16997,1070,7,2023-06-26,Credit Card
16998,2680,11,2025-06-15,UPI
16999,2837,8,2024-11-30,Debit Card
17000,446,9,2023-08-17,Credit Card
17001,2126,4,2023-03-03,UPI
17002,2668,5,2025-06-03,UPI
17003,2210,4,2025-10-01,Credit Card
17004,3594,9,2024-10-25,UPI
17005,3935,12,2025-10-06,Cash
17006,2397,2,2024-01-01,Cash
17007,2223,13,2025-01-04,UPI
17008,3611,15,2023-11-15,Cash
17009,2856,15,2023-10-26,Credit Card
17010,4396,8,2023-04-01,Cash
17011,2494,11,2024-03-24,Debit Card
17012,2950,14,2024-01-16,Cash
17013,672,7,2023-03-26,Credit Card
17014,4217,15,2025-04-11,Net Banking
17015,2205,13,2023-04-04,Cash
17016,3673,7,2023-09-02,Debit Card
17017,2234,8,2025-12-22,Credit Card
17018,3,13,2024-07-04,Debit Card
17019,2097,11,2023-08-10,Debit Card
17020,772,11,2024-02-02,UPI
17021,2089,1,2023-07-21,Credit Card
17022,1664,1,2024-05-28,Cash
17023,1064,7,2023-01-07,Net Banking
17024,642,2,2025-08-03,Debit Card
17025,3717,12,2024-07-15,UPI
17026,3854,4,2024-04-21,Debit Card
17027,1371,12,2025-10-26,UPI
17028,2549,6,2023-06-20,UPI
17029,2413,5,2023-12-15,UPI
17030,1863,5,2023-08-06,UPI
17031,1440,11,2025-08-13,Credit Card
17032,973,6,2023-04-15,UPI
17033,4407,10,2024-04-04,Debit Card
17034,4205,7,2023-03-10,Credit Card
17035,2173,2,2024-01-18,UPI
17036,3684,12,2024-01-11,UPI
17037,2566,11,2024-05-05,UPI
17038,440,4,2025-06-20,UPI
17039,4149,7,2023-06-03,UPI
17040,1141,5,2023-04-30,Credit Card
17041,3618,11,2023-08-30,Credit Card
17042,2709,14,2024-08-24,Cash
17043,3542,12,2025-08-15,Credit Card
17044,2446,10,2024-07-26,Credit Card
17045,3601,15,2024-07-23,UPI
17046,170,9,2023-07-12,UPI
17047,213,6,2024-04-20,Cash
17048,4518,13,2023-08-08,Credit Card
17049,3833,4,2024-06-12,UPI
17050,4183,11,2024-10-01,Credit Card
17051,2381,11,2024-10-04,UPI
17052,2396,12,2024-06-12,UPI
17053,2745,14,2025-09-28,UPI
17054,1264,10,2025-07-24,UPI
17055,3743,4,2025-03-14,UPI
17056,4186,13,2024-11-24,Debit Card
17057,4564,3,2024-08-19,UPI
17058,2652,13,2023-06-30,Debit Card
17059,2163,14,2025-10-29,Debit Card
17060,4190,6,2024-06-14,UPI
17061,3845,8,2025-02-05,Debit Card
17062,4378,1,2023-08-14,UPI
17063,3358,15,2024-09-16,UPI
17064,4452,2,2023-04-10,Debit Card
17065,460,4,2025-10-29,Cash
17066,3490,7,2024-12-15,Net Banking
17067,458,12,2025-08-18,Credit Card
17068,3830,2,2025-01-04,Credit Card
17069,3209,11,2023-02-04,Credit Card
17070,80,12,2023-11-02,UPI
17071,3077,10,2025-08-25,UPI
17072,767,12,2025-02-21,UPI
17073,748,8,2023-01-06,UPI
17074,790,3,2024-01-03,Debit Card
17075,2508,15,2023-11-18,UPI
17076,591,2,2024-10-15,UPI
17077,655,7,2024-03-08,Net Banking
17078,1326,11,2025-12-19,UPI
17079,3,12,2023-12-22,Net Banking
17080,1430,10,2024-05-28,UPI
17081,3162,9,2023-01-12,Credit Card
17082,3087,4,2025-02-25,Credit Card
17083,4846,2,2024-12-14,Credit Card
17084,618,9,2024-09-23,Debit Card
17085,4373,10,2024-10-11,Debit Card
17086,2053,5,2025-01-11,Net Banking
17087,2033,13,2023-02-05,Debit Card
17088,1827,10,2023-06-17,Debit Card
17089,648,7,2024-04-02,UPI
17090,2485,10,2025-12-27,Credit Card
17091,4004,5,2025-12-14,Credit Card
17092,4418,12,2025-10-22,Debit Card
17093,4827,13,2024-09-08,UPI
17094,3989,5,2024-04-07,UPI
17095,3187,6,2023-01-04,Cash
17096,2561,5,2023-05-04,UPI
17097,4415,8,2024-01-11,UPI
17098,3779,11,2023-03-25,Credit Card
17099,836,12,2024-03-23,Cash
17100,3504,11,2025-05-27,UPI
17101,2242,4,2023-09-12,Debit Card
17102,3057,3,2023-09-15,UPI
17103,4531,14,2024-05-12,UPI
17104,3342,3,2024-11-21,Cash
17105,4716,2,2023-01-16,Net Banking
17106,4375,8,2025-08-28,UPI
17107,673,13,2025-12-21,Cash
17108,52,14,2024-07-09,Debit Card
17109,2016,7,2025-05-23,UPI
17110,4372,6,2025-04-23,Debit Card
17111,1197,2,2023-12-05,Cash
17112,3545,2,2025-06-11,Credit Card
17113,2473,10,2023-09-16,Cash
17114,3812,1,2023-12-09,Credit Card
17115,857,14,2024-01-26,UPI
17116,1241,12,2025-07-26,Debit Card
17117,1258,10,2024-04-02,Debit Card
17118,2824,2,2023-11-27,Debit Card
17119,1502,9,2025-05-31,Cash
17120,4109,1,2025-03-29,Credit Card
17121,1815,13,2023-05-10,Debit Card
17122,3383,10,2024-08-08,Net Banking
17123,4756,4,2024-01-03,UPI
17124,3113,2,2025-05-02,Credit Card
17125,1255,5,2025-09-08,UPI
17126,4188,14,2025-11-07,UPI
17127,57,10,2023-05-03,Credit Card
17128,1328,8,2023-01-30,Cash
17129,2034,1,2025-10-19,Credit Card
17130,1022,9,2025-03-29,Credit Card
17131,3098,7,2024-04-14,Cash
17132,2872,5,2024-06-25,Net Banking
17133,2120,5,2023-03-28,UPI
17134,1522,9,2025-07-25,UPI
17135,2253,9,2025-10-16,Credit Card
17136,1510,2,2025-07-23,Cash
17137,1154,8,2024-08-27,UPI
17138,1842,5,2025-05-22,Credit Card
17139,3092,14,2025-01-15,Credit Card
17140,3318,2,2024-02-17,Net Banking
17141,1539,9,2024-06-11,Credit Card
17142,4752,4,2023-11-15,Credit Card
17143,1355,5,2023-12-07,UPI
17144,3639,7,2024-12-21,Credit Card
17145,418,2,2025-04-02,UPI
17146,3409,5,2024-01-20,UPI
17147,2397,8,2025-08-28,Credit Card
17148,2927,12,2024-03-08,Debit Card
17149,960,14,2025-05-05,UPI
17150,2251,11,2025-11-14,UPI
17151,3917,1,2023-10-11,UPI
17152,3921,12,2024-11-25,Debit Card
17153,1231,11,2023-12-04,Cash
17154,1845,8,2024-10-24,Cash
17155,12,2,2023-08-20,Net Banking
17156,461,4,2025-12-04,UPI
17157,661,11,2023-08-07,UPI
17158,1520,12,2024-04-03,Net Banking
17159,3877,3,2023-02-06,UPI
17160,2622,2,2023-07-24,UPI
17161,4027,10,2023-03-14,Credit Card
17162,3854,10,2025-12-25,UPI
17163,3013,2,2024-04-05,Credit Card
17164,2575,10,2025-03-29,Credit Card
17165,4684,6,2024-05-21,Debit Card
17166,2927,3,2025-10-25,Debit Card
17167,2504,10,2024-01-18,Debit Card
17168,4390,4,2025-08-25,Debit Card
17169,378,4,2023-03-07,UPI
17170,3360,2,2023-10-23,Credit Card
17171,583,4,2023-09-06,Debit Card
17172,4139,2,2023-09-05,UPI
17173,4028,14,2025-07-09,Debit Card
17174,2593,4,2024-08-08,Net Banking
17175,3384,13,2024-09-08,UPI
17176,3940,8,2023-10-05,Credit Card
17177,2504,15,2024-02-20,Credit Card
17178,4561,15,2023-11-04,Debit Card
17179,2271,9,2024-01-14,UPI
17180,4499,15,2023-04-17,Credit Card
17181,2989,4,2025-05-30,Net Banking
17182,2226,4,2023-09-09,UPI
17183,15,15,2024-03-31,Credit Card
17184,1528,14,2024-03-28,Debit Card
17185,4381,7,2023-08-15,Cash
17186,2231,1,2024-06-07,UPI
17187,2194,7,2023-05-27,Cash
17188,2525,13,2025-09-26,Debit Card
17189,1484,9,2024-11-03,Debit Card
17190,2535,4,2025-09-25,UPI
17191,1972,15,2025-06-14,UPI
17192,4571,2,2023-10-26,UPI
17193,2903,13,2024-04-20,Credit Card
17194,4209,15,2024-02-16,Cash
17195,3525,15,2023-03-20,Credit Card
17196,1106,4,2024-02-08,UPI
17197,4380,2,2023-08-04,UPI
17198,450,10,2025-06-15,Credit Card
17199,2347,7,2023-01-04,Debit Card
17200,1241,6,2023-01-27,Debit Card
17201,2763,13,2023-05-16,Net Banking
17202,1553,12,2023-01-20,Cash
17203,3687,11,2024-10-13,UPI
17204,4706,2,2024-04-28,Debit Card
17205,3630,15,2025-08-17,Credit Card
17206,1863,6,2025-06-22,UPI
17207,3079,9,2025-02-26,Credit Card
17208,4486,11,2025-02-16,Debit Card
17209,1397,14,2024-07-07,Credit Card
17210,607,8,2025-06-19,Cash
17211,683,9,2024-08-28,Credit Card
17212,2546,5,2025-02-15,UPI
17213,3737,14,2023-02-13,Debit Card
17214,3363,15,2025-04-16,Cash
17215,2363,10,2023-08-23,UPI
17216,3723,2,2024-02-04,UPI
17217,3244,5,2023-03-17,Debit Card
17218,3209,10,2023-05-25,UPI
17219,1064,14,2025-12-08,Cash
17220,1619,3,2024-01-12,Debit Card
17221,1800,14,2025-08-01,Credit Card
17222,4099,11,2024-07-20,Net Banking
17223,3952,14,2023-07-23,UPI
17224,1309,13,2025-04-29,Credit Card
17225,288,14,2024-12-03,Debit Card
17226,3925,15,2023-08-03,Credit Card
17227,2140,4,2024-05-15,UPI
17228,1144,7,2024-11-19,Credit Card
17229,599,2,2024-10-07,Cash
17230,58,14,2023-11-24,UPI
17231,2231,6,2024-09-28,UPI
17232,1769,15,2024-02-11,UPI
17233,3571,11,2023-03-22,Credit Card
17234,4888,1,2025-09-08,UPI
17235,1079,10,2023-05-31,UPI
17236,1262,3,2024-04-28,Cash
17237,1758,11,2025-11-30,Debit Card
17238,2427,7,2024-02-12,UPI
17239,3578,11,2025-06-17,Credit Card
17240,1842,12,2024-10-01,Cash
17241,536,5,2023-12-18,Cash
17242,3727,12,2025-04-22,Debit Card
17243,4039,8,2023-01-04,UPI
17244,1281,7,2023-09-16,UPI
17245,714,7,2023-03-10,Debit Card
17246,2711,14,2025-05-03,Credit Card
17247,1085,1,2023-07-06,Credit Card
17248,1961,1,2024-09-02,Credit Card
17249,3958,13,2025-04-10,UPI
17250,1144,6,2025-02-25,UPI
17251,4090,13,2023-07-05,Cash
17252,3469,8,2024-02-22,Cash
17253,1144,3,2025-03-05,Cash
17254,2706,8,2025-01-25,Credit Card
17255,3140,8,2023-04-12,Net Banking
17256,1054,1,2024-05-31,Cash
17257,760,11,2024-07-31,Credit Card
17258,2730,5,2025-01-20,UPI
17259,3552,9,2024-12-29,Debit Card
17260,2420,11,2024-11-12,Debit Card
17261,370,10,2023-05-13,Cash
17262,4649,14,2023-03-31,UPI
17263,3561,10,2024-12-08,UPI
17264,3176,11,2024-07-19,UPI
17265,3290,12,2025-07-03,UPI
17266,2088,3,2023-09-24,Credit Card
17267,4921,9,2023-03-07,UPI
17268,694,13,2024-04-30,Cash
17269,3777,11,2025-05-16,UPI
17270,2190,9,2024-10-13,Credit Card
17271,4441,1,2025-03-24,Cash
17272,3664,2,2024-10-21,UPI
17273,2891,3,2023-10-24,Debit Card
17274,4712,14,2024-08-25,Net Banking
17275,4583,4,2023-10-01,Credit Card
17276,276,12,2024-09-19,UPI
17277,1004,5,2025-04-15,Net Banking
17278,3479,5,2023-01-25,UPI
17279,4629,10,2025-06-13,UPI
17280,2240,11,2025-08-07,Cash
17281,199,5,2024-06-02,UPI
17282,3289,3,2023-07-09,UPI
17283,1013,6,2023-11-08,Credit Card
17284,2837,4,2024-07-20,UPI
17285,2017,9,2023-07-11,Cash
17286,2872,12,2023-02-13,UPI
17287,4690,2,2024-08-23,Debit Card
17288,2517,11,2024-11-21,Credit Card
17289,180,1,2024-03-04,Credit Card
17290,2980,7,2025-09-28,Credit Card
17291,1685,15,2025-03-14,UPI
17292,3959,9,2023-10-27,UPI
17293,2441,10,2023-10-09,Credit Card
17294,3792,9,2025-07-25,Debit Card
17295,4568,3,2024-09-23,Debit Card
17296,1896,12,2023-08-17,Debit Card
17297,4949,15,2025-01-20,Debit Card
17298,785,11,2023-09-30,UPI
17299,3293,13,2024-02-09,UPI
17300,182,15,2025-12-14,Debit Card
17301,1109,1,2024-12-26,UPI
17302,3241,9,2024-03-13,UPI
17303,241,7,2025-10-30,Debit Card
17304,523,8,2023-01-06,Cash
17305,1509,11,2025-01-29,UPI
17306,2957,15,2024-12-27,Credit Card
17307,80,6,2023-04-13,UPI
17308,2504,10,2024-06-23,UPI
17309,3200,6,2025-04-22,Credit Card
17310,2105,11,2025-04-13,Debit Card
17311,357,15,2025-07-21,Credit Card
17312,3131,4,2023-11-26,UPI
17313,3107,2,2023-02-11,UPI
17314,2603,1,2024-04-09,Net Banking
17315,3549,14,2024-02-26,Debit Card
17316,1082,6,2025-12-28,Debit Card
17317,3486,9,2025-02-15,UPI
17318,837,10,2025-05-16,Net Banking
17319,2057,10,2023-07-10,UPI
17320,357,2,2025-11-12,UPI
17321,4134,1,2024-06-21,Credit Card
17322,2768,1,2023-05-17,Credit Card
17323,4853,14,2024-02-01,UPI
17324,4729,7,2023-05-07,Debit Card
17325,4998,14,2025-12-15,UPI
17326,522,1,2025-05-24,UPI
17327,3111,9,2023-01-05,Credit Card
17328,2127,9,2024-02-01,UPI
17329,2736,11,2023-04-15,UPI
17330,1598,3,2024-03-16,Credit Card
17331,253,11,2025-02-16,Debit Card
17332,3624,2,2025-07-17,Cash
17333,4839,9,2025-10-31,UPI
17334,2735,14,2025-11-10,Credit Card
17335,1709,14,2024-01-25,Net Banking
17336,4714,3,2025-10-25,Credit Card
17337,1912,2,2024-08-10,Debit Card
17338,4591,4,2023-03-20,UPI
17339,4328,15,2025-12-18,Debit Card
17340,2716,7,2025-12-04,Cash
17341,3484,13,2024-04-07,Cash
17342,3592,4,2025-08-04,Net Banking
17343,3283,8,2023-09-29,UPI
17344,835,12,2023-08-02,UPI
17345,3549,5,2024-03-21,Cash
17346,10,14,2023-12-04,Debit Card
17347,3632,2,2023-06-24,Credit Card
17348,2852,13,2024-09-16,UPI
17349,1348,10,2025-11-23,UPI
17350,4078,4,2023-09-30,UPI
17351,2119,13,2023-01-21,Credit Card
17352,2517,12,2025-03-11,Cash
17353,150,13,2025-12-06,UPI
17354,2102,7,2025-04-25,UPI
17355,869,13,2025-11-21,Cash
17356,1432,1,2023-10-03,Credit Card
17357,1304,7,2025-06-13,Debit Card
17358,240,3,2023-06-29,UPI
17359,2398,7,2023-06-03,UPI
17360,2685,3,2023-08-24,Debit Card
17361,2936,12,2024-07-19,UPI
17362,2404,12,2024-01-18,UPI
17363,4391,8,2024-02-08,UPI
17364,197,4,2024-12-16,UPI
17365,3138,1,2023-03-21,Net Banking
17366,4373,1,2023-07-30,UPI
17367,215,4,2025-07-26,Net Banking
17368,2555,9,2025-06-11,Cash
17369,3023,5,2024-09-04,UPI
17370,996,13,2023-10-03,Credit Card
17371,1307,5,2023-08-25,UPI
17372,3992,3,2024-09-11,Debit Card
17373,2920,5,2024-01-11,UPI
17374,1643,7,2023-11-30,Credit Card
17375,3914,3,2025-01-09,Debit Card
17376,3818,5,2023-10-10,Credit Card
17377,1807,12,2023-12-15,Debit Card
17378,2523,3,2024-11-24,UPI
17379,3408,1,2025-08-10,Credit Card
17380,1788,6,2024-01-30,UPI
17381,3211,3,2024-11-21,Net Banking
17382,1298,2,2023-09-02,Credit Card
17383,1514,3,2024-04-18,UPI
17384,1608,13,2023-11-30,Credit Card
17385,4703,5,2024-12-05,Credit Card
17386,4208,5,2024-09-01,Debit Card
17387,2909,9,2024-05-24,Net Banking
17388,2902,12,2024-11-25,UPI
17389,293,11,2025-01-11,Net Banking
17390,3324,9,2024-01-03,UPI
17391,1698,2,2025-12-21,UPI
17392,3137,11,2025-03-29,Debit Card
17393,4237,6,2025-02-06,UPI
17394,238,13,2024-07-14,Cash
17395,3114,9,2023-10-19,Debit Card
17396,2904,9,2023-11-04,Cash
17397,1079,11,2024-03-12,Credit Card
17398,3307,6,2025-10-05,Net Banking
17399,2852,1,2024-08-31,Credit Card
17400,3922,1,2025-01-24,Credit Card
17401,568,9,2024-08-15,Net Banking
17402,2313,15,2023-04-14,UPI
17403,4995,3,2024-03-11,Credit Card
17404,3537,5,2023-05-24,Debit Card
17405,3510,6,2024-09-13,UPI
17406,1656,1,2023-12-22,UPI
17407,485,15,2024-03-21,Credit Card
17408,4759,1,2025-07-07,Cash
17409,543,4,2025-10-16,Credit Card
17410,4967,6,2023-08-15,Debit Card
17411,656,8,2024-09-02,Debit Card
17412,891,7,2025-09-05,UPI
17413,1596,14,2025-12-04,UPI
17414,2630,2,2023-07-15,Cash
17415,4014,4,2023-11-11,UPI
17416,4853,5,2025-09-10,Credit Card
17417,1879,8,2024-11-15,Net Banking
17418,104,7,2023-04-26,Credit Card
17419,3150,4,2025-09-11,Cash
17420,3634,8,2024-08-17,UPI
17421,2081,11,2023-03-09,UPI
17422,956,8,2023-10-14,UPI
17423,1587,4,2024-11-24,Credit Card
17424,3359,11,2023-12-01,Debit Card
17425,2545,12,2025-09-13,Credit Card
17426,3805,12,2023-03-13,Credit Card
17427,1137,2,2024-01-21,Net Banking
17428,4247,15,2024-12-09,Debit Card
17429,809,14,2025-08-20,Net Banking
17430,1711,3,2023-04-21,UPI
17431,3034,5,2023-09-06,Net Banking
17432,3761,14,2024-08-18,Debit Card
17433,1376,1,2025-11-24,Net Banking
17434,4754,5,2023-01-08,Debit Card
17435,3614,4,2023-01-18,UPI
17436,1133,5,2024-08-03,UPI
17437,3703,12,2025-08-18,UPI
17438,3571,12,2025-02-06,UPI
17439,3845,1,2024-07-22,Net Banking
17440,4601,10,2025-06-03,Cash
17441,3639,7,2023-06-11,Cash
17442,1842,10,2024-07-27,UPI
17443,4016,9,2023-10-14,Credit Card
17444,3569,5,2025-04-19,Cash
17445,2950,3,2024-10-30,UPI
17446,1854,9,2025-09-14,Credit Card
17447,4625,6,2024-03-09,UPI
17448,2630,12,2025-11-07,Debit Card
17449,3208,6,2025-04-21,Debit Card
17450,2167,10,2025-09-06,UPI
17451,3970,10,2023-04-08,Credit Card
17452,1777,13,2023-10-31,Credit Card
17453,4103,3,2025-12-09,Debit Card
17454,553,14,2025-01-10,Debit Card
17455,3629,1,2023-10-22,UPI
17456,2478,4,2023-01-08,UPI
17457,3583,14,2025-02-06,Cash
17458,2731,4,2023-09-17,Net Banking
17459,699,3,2025-12-04,Debit Card
17460,2478,13,2024-05-22,UPI
17461,4839,14,2024-04-18,UPI
17462,3854,11,2023-04-15,Debit Card
17463,1553,5,2024-08-23,Debit Card
17464,4737,13,2025-07-10,Cash
17465,3962,14,2023-04-07,Cash
17466,1910,9,2023-07-23,UPI
17467,3097,9,2024-08-01,Cash
17468,2229,8,2023-01-21,UPI
17469,500,12,2023-07-08,Cash
17470,4089,10,2024-01-31,UPI
17471,998,6,2025-10-10,UPI
17472,2387,13,2023-11-14,UPI
17473,3601,4,2024-11-09,UPI
17474,4688,14,2025-05-08,UPI
17475,327,2,2023-01-25,Debit Card
17476,2057,12,2025-06-21,Debit Card
17477,3143,13,2024-09-09,Credit Card
17478,3964,10,2024-04-22,Debit Card
17479,4625,3,2023-07-26,Credit Card
17480,2,9,2023-10-27,Debit Card
17481,3207,1,2023-11-02,UPI
17482,26,7,2024-09-22,Credit Card
17483,4004,10,2023-03-20,UPI
17484,784,6,2025-01-23,Debit Card
17485,4512,2,2025-04-01,UPI
17486,806,5,2023-02-08,Credit Card
17487,3910,2,2024-07-14,Debit Card
17488,1501,14,2024-06-25,Credit Card
17489,2871,9,2024-05-16,UPI
17490,3121,5,2023-01-25,Debit Card
17491,1078,6,2025-12-18,Cash
17492,1548,4,2024-07-29,Credit Card
17493,551,15,2025-02-07,Credit Card
17494,22,1,2025-05-24,Credit Card
17495,1243,15,2023-10-31,Credit Card
17496,2648,3,2024-03-08,Credit Card
17497,3644,5,2025-04-15,Debit Card
17498,4034,3,2023-02-13,UPI
17499,370,8,2025-05-19,Credit Card
17500,1412,2,2023-10-22,UPI
17501,3931,12,2025-11-15,UPI
17502,2492,15,2024-07-04,Credit Card
17503,950,2,2023-03-19,Net Banking
17504,2056,1,2024-12-22,Credit Card
17505,1397,12,2023-04-21,Credit Card
17506,262,14,2025-09-02,Debit Card
17507,3906,1,2023-12-11,Net Banking
17508,1511,4,2024-06-11,Credit Card
17509,4740,8,2024-12-17,Credit Card
17510,4484,8,2023-02-20,Net Banking
17511,3660,8,2025-06-22,Credit Card
17512,1691,11,2024-03-13,Cash
17513,1455,1,2025-08-15,Credit Card
17514,2469,14,2024-08-25,UPI
17515,1859,1,2024-03-31,Net Banking
17516,4545,7,2025-10-22,Debit Card
17517,641,7,2023-12-20,Cash
17518,3694,10,2024-08-23,UPI
17519,3131,14,2025-01-28,Debit Card
17520,4090,5,2023-08-11,Debit Card
17521,2797,8,2024-05-01,Credit Card
17522,3213,6,2024-03-16,UPI
17523,4827,1,2023-12-14,Credit Card
17524,476,14,2025-12-04,Debit Card
17525,541,7,2023-05-30,Debit Card
17526,2058,15,2024-09-10,UPI
17527,2456,8,2025-11-02,Credit Card
17528,1052,12,2023-07-24,Credit Card
17529,424,8,2024-11-20,Cash
17530,112,10,2023-07-04,UPI
17531,3912,13,2023-12-20,Cash
17532,2514,15,2024-03-27,Cash
17533,4258,9,2025-02-13,Debit Card
17534,1890,3,2025-07-05,Cash
17535,3601,14,2024-05-03,Credit Card
17536,2523,2,2024-10-03,UPI
17537,3137,8,2024-03-08,UPI
17538,1941,14,2025-02-09,Debit Card
17539,416,11,2024-06-29,UPI
17540,4752,4,2025-07-14,Debit Card
17541,4217,2,2024-11-29,UPI
17542,1614,2,2024-03-13,UPI
17543,4811,2,2023-04-09,UPI
17544,1555,5,2023-10-24,Net Banking
17545,2309,14,2023-04-23,UPI
17546,3856,13,2025-05-09,Cash
17547,1600,8,2023-08-27,Cash
17548,1677,9,2024-12-03,UPI
17549,2141,11,2025-05-05,UPI
17550,2435,6,2023-07-19,Credit Card
17551,642,8,2025-11-11,Credit Card
17552,89,15,2023-09-04,Credit Card
17553,4617,6,2025-12-05,Credit Card
17554,1848,1,2024-09-18,Credit Card
17555,523,11,2024-12-14,Debit Card
17556,3879,9,2025-06-08,Debit Card
17557,1524,10,2023-05-30,UPI
17558,945,7,2025-02-02,Credit Card
17559,4825,2,2023-05-16,Debit Card
17560,4624,3,2025-09-10,UPI
17561,544,2,2025-04-26,Debit Card
17562,4537,9,2024-05-08,UPI
17563,4495,8,2024-06-09,Debit Card
17564,3247,5,2023-07-17,Debit Card
17565,2719,4,2024-07-17,UPI
17566,1133,7,2023-01-30,Cash
17567,627,14,2024-08-04,Cash
17568,3110,14,2025-03-30,Debit Card
17569,4149,9,2023-12-24,Credit Card
17570,3533,8,2025-07-17,UPI
17571,940,8,2024-12-16,Cash
17572,1504,11,2023-10-13,UPI
17573,2816,2,2023-09-08,Credit Card
17574,3195,12,2023-05-09,UPI
17575,380,12,2025-05-10,UPI
17576,3140,10,2023-03-24,Debit Card
17577,3758,9,2025-10-08,Net Banking
17578,942,2,2025-02-09,Credit Card
17579,1274,8,2024-10-12,Credit Card
17580,1343,5,2025-08-25,UPI
17581,4718,11,2024-11-30,UPI
17582,2123,6,2024-09-30,UPI
17583,2725,10,2025-11-23,Cash
17584,3693,9,2024-03-23,Net Banking
17585,1943,8,2025-12-24,Cash
17586,543,5,2024-02-13,UPI
17587,3352,6,2024-05-19,Debit Card
17588,3420,5,2023-02-02,Credit Card
17589,1350,9,2025-04-18,Debit Card
17590,184,11,2023-06-26,Cash
17591,3410,12,2023-12-09,Credit Card
17592,3601,5,2023-04-09,UPI
17593,141,6,2024-10-01,UPI
17594,3549,1,2025-06-18,Debit Card
17595,4716,8,2024-05-21,UPI
17596,930,14,2024-12-28,Net Banking
17597,2681,8,2024-05-06,UPI
17598,3572,14,2025-09-15,Net Banking
17599,1196,8,2023-09-05,Credit Card
17600,3841,13,2025-10-07,Debit Card
17601,4383,14,2024-12-06,Credit Card
17602,4118,12,2024-10-30,Debit Card
17603,1343,7,2024-06-03,UPI
17604,4078,7,2023-04-02,Cash
17605,2160,6,2023-02-08,Cash
17606,1377,7,2023-04-25,Cash
17607,874,9,2024-02-14,Credit Card
17608,4569,5,2023-04-25,Debit Card
17609,2230,9,2023-04-30,Credit Card
17610,4373,14,2025-06-17,UPI
17611,834,9,2024-03-06,UPI
17612,3920,4,2025-02-13,UPI
17613,567,9,2024-03-20,UPI
17614,89,8,2024-10-19,UPI
17615,4975,14,2023-06-02,Credit Card
17616,389,11,2024-06-25,Credit Card
17617,2402,5,2023-01-02,UPI
17618,4427,10,2025-07-31,Cash
17619,4137,15,2024-07-16,Debit Card
17620,2446,11,2024-06-11,UPI
17621,3131,3,2025-12-15,Credit Card
17622,3214,9,2023-04-15,Debit Card
17623,564,3,2025-06-05,UPI
17624,1474,3,2025-07-31,UPI
17625,1557,3,2024-07-05,UPI
17626,1980,1,2025-10-14,Debit Card
17627,1421,6,2025-05-07,Net Banking
17628,1301,3,2024-03-18,Credit Card
17629,1861,10,2023-06-08,Net Banking
17630,1985,15,2023-05-04,Net Banking
17631,2521,3,2025-05-31,Debit Card
17632,906,9,2025-07-18,Credit Card
17633,4007,7,2025-02-07,Debit Card
17634,4343,15,2023-03-21,Cash
17635,1284,14,2024-01-09,Net Banking
17636,639,8,2024-06-14,Debit Card
17637,3687,1,2025-02-15,Credit Card
17638,4642,8,2025-02-28,Credit Card
17639,184,8,2024-03-04,UPI
17640,69,12,2024-02-02,UPI
17641,956,12,2023-11-15,UPI
17642,3512,14,2024-01-21,Cash
17643,4839,8,2023-09-03,UPI
17644,3836,6,2024-06-13,UPI
17645,2943,10,2025-12-29,UPI
17646,3594,14,2024-12-06,UPI
17647,1201,5,2024-05-15,Net Banking
17648,3532,4,2024-08-09,Net Banking
17649,1664,11,2023-11-19,Debit Card
17650,1160,9,2023-07-16,Cash
17651,1226,7,2024-12-03,UPI
17652,3423,12,2024-02-11,Credit Card
17653,3922,15,2025-09-26,Net Banking
17654,2986,14,2024-09-04,UPI
17655,336,15,2024-12-23,Net Banking
17656,198,1,2023-09-21,UPI
17657,1133,11,2025-12-07,Debit Card
17658,1486,1,2024-03-17,Cash
17659,2117,1,2024-02-11,Credit Card
17660,397,4,2025-05-03,UPI
17661,3701,9,2023-09-06,Cash
17662,3637,3,2025-01-08,UPI
17663,1815,10,2024-05-09,Credit Card
17664,2896,1,2024-07-13,UPI
17665,522,14,2023-02-16,Credit Card
17666,2166,1,2024-09-09,Credit Card
17667,4336,3,2023-07-14,UPI
17668,3382,13,2025-06-18,Debit Card
17669,535,15,2024-11-04,UPI
17670,4280,11,2024-06-11,Credit Card
17671,3495,15,2025-12-10,Cash
17672,2357,7,2024-04-30,Credit Card
17673,3547,8,2024-08-17,Cash
17674,902,4,2025-08-29,Credit Card
17675,2832,12,2024-10-15,Net Banking
17676,3158,2,2024-12-12,UPI
17677,4662,7,2025-04-15,Cash
17678,353,9,2024-10-22,Debit Card
17679,1962,10,2023-11-23,Debit Card
17680,4705,6,2025-09-20,UPI
17681,1133,14,2024-11-26,Debit Card
17682,4115,2,2023-06-28,Credit Card
17683,5,9,2025-10-05,UPI
17684,139,7,2024-06-17,Cash
17685,1695,9,2023-10-07,Credit Card
17686,3927,11,2023-12-29,UPI
17687,536,2,2023-08-13,Credit Card
17688,2009,10,2025-02-24,UPI
17689,688,4,2023-08-18,UPI
17690,1165,6,2025-10-28,Net Banking
17691,2587,10,2025-05-16,Debit Card
17692,1660,7,2025-04-11,UPI
17693,1101,14,2023-07-09,Debit Card
17694,2057,3,2025-05-19,Cash
17695,3597,14,2024-10-17,UPI
17696,616,13,2025-02-06,Net Banking
17697,2488,10,2024-05-31,Cash
17698,1423,11,2024-11-12,Cash
17699,1982,11,2025-11-28,Debit Card
17700,4145,5,2025-03-13,UPI
17701,4673,11,2025-06-14,UPI
17702,1262,4,2025-01-02,UPI
17703,3214,5,2024-03-29,Cash
17704,3484,6,2023-03-03,UPI
17705,4252,6,2024-10-15,Debit Card
17706,4534,14,2024-07-19,Net Banking
17707,2434,7,2023-09-02,Net Banking
17708,4910,6,2023-05-05,Credit Card
17709,4851,14,2025-04-10,Debit Card
17710,2603,6,2024-12-24,Debit Card
17711,2792,4,2023-07-14,Credit Card
17712,3423,2,2023-12-31,Credit Card
17713,1958,10,2025-11-08,UPI
17714,3390,7,2024-09-22,Debit Card
17715,2639,7,2023-03-01,UPI
17716,186,11,2023-04-08,UPI
17717,4308,3,2023-04-13,UPI
17718,4719,14,2024-12-31,UPI
17719,141,15,2023-08-22,Cash
17720,4009,5,2025-08-31,Cash
17721,2024,6,2025-11-07,Debit Card
17722,3004,10,2025-03-26,Net Banking
17723,2575,9,2024-10-30,Debit Card
17724,2834,3,2024-12-27,Debit Card
17725,2549,13,2025-10-11,Cash
17726,4314,3,2023-11-23,UPI
17727,3508,5,2023-04-20,Credit Card
17728,2158,2,2024-05-10,Debit Card
17729,3532,3,2025-06-11,UPI
17730,4839,15,2023-02-20,UPI
17731,415,15,2023-12-23,Cash
17732,2037,6,2024-11-21,Net Banking
17733,4396,3,2023-11-12,Credit Card
17734,3776,1,2023-02-08,UPI
17735,4699,7,2024-04-15,Credit Card
17736,205,7,2024-11-03,UPI
17737,4358,2,2024-08-15,Cash
17738,4024,5,2024-05-09,Cash
17739,4118,9,2024-12-02,Credit Card
17740,3063,13,2025-03-25,Credit Card
17741,272,3,2024-01-13,UPI
17742,2775,8,2024-07-07,Credit Card
17743,2129,4,2024-02-24,UPI
17744,2708,3,2023-12-19,Debit Card
17745,3784,2,2024-12-07,UPI
17746,3058,14,2023-08-11,Cash
17747,1516,15,2024-02-19,Debit Card
17748,3078,13,2024-05-17,Net Banking
17749,428,9,2025-02-09,Net Banking
17750,22,11,2024-07-23,UPI
17751,2102,5,2023-03-21,Credit Card
17752,3867,9,2025-10-17,UPI
17753,4150,8,2024-06-29,Credit Card
17754,2829,3,2023-12-04,Credit Card
17755,4382,4,2024-04-02,Debit Card
17756,656,12,2023-11-14,Net Banking
17757,4836,6,2025-04-16,Debit Card
17758,4629,11,2023-07-08,Cash
17759,3077,10,2023-06-29,Credit Card
17760,309,12,2024-09-08,UPI
17761,2364,5,2024-06-13,Credit Card
17762,932,10,2025-10-15,Cash
17763,3209,10,2025-04-02,UPI
17764,990,3,2025-04-30,UPI
17765,2500,5,2023-11-12,UPI
17766,1078,5,2023-10-10,Net Banking
17767,947,9,2023-05-09,Credit Card
17768,1282,4,2023-07-21,UPI
17769,154,8,2024-12-09,Net Banking
17770,3659,4,2023-11-28,Cash
17771,1590,10,2025-02-09,Cash
17772,3580,2,2023-08-16,Net Banking
17773,3345,3,2025-09-02,Cash
17774,349,13,2023-08-27,Net Banking
17775,1615,4,2025-06-17,Debit Card
17776,2917,8,2023-04-19,UPI
17777,4616,9,2023-10-22,UPI
17778,2102,12,2025-10-17,Debit Card
17779,2598,12,2024-12-22,UPI
17780,3836,6,2025-12-28,UPI
17781,4076,14,2024-08-08,Cash
17782,4641,8,2025-09-30,UPI
17783,2559,12,2023-07-28,Credit Card
17784,1012,10,2025-09-17,Debit Card
17785,3911,5,2024-03-10,Credit Card
17786,654,5,2025-12-20,Cash
17787,2181,8,2024-11-18,Net Banking
17788,3209,15,2023-05-04,Credit Card
17789,3545,15,2023-05-17,UPI
17790,3739,4,2024-04-24,UPI
17791,1010,13,2024-07-03,Debit Card
17792,4904,3,2023-06-26,UPI
17793,926,10,2024-02-11,Debit Card
17794,497,15,2023-07-29,Credit Card
17795,3405,2,2025-08-18,UPI
17796,4574,15,2025-10-31,Credit Card
17797,2880,13,2025-04-23,UPI
17798,3057,12,2025-07-15,UPI
17799,2771,8,2023-06-11,Net Banking
17800,224,12,2025-08-12,UPI
17801,3498,14,2024-08-01,Credit Card
17802,1877,12,2024-03-30,Debit Card
17803,4702,15,2024-03-23,Debit Card
17804,975,5,2024-11-06,Credit Card
17805,1563,12,2025-07-02,UPI
17806,2598,6,2023-04-08,Credit Card
17807,2481,14,2025-01-15,Cash
17808,2097,13,2024-12-15,Cash
17809,1634,9,2024-06-18,Credit Card
17810,771,14,2025-08-23,Credit Card
17811,4141,13,2025-02-09,Net Banking
17812,2347,3,2025-06-26,UPI
17813,2943,15,2025-09-16,UPI
17814,2817,4,2024-05-22,Credit Card
17815,2957,12,2023-02-19,UPI
17816,3607,2,2024-05-31,UPI
17817,3212,6,2023-03-05,UPI
17818,1421,15,2023-01-20,Debit Card
17819,2847,13,2025-06-08,Debit Card
17820,1269,9,2025-05-19,UPI
17821,3021,12,2024-07-25,Credit Card
17822,2245,2,2023-12-04,Credit Card
17823,203,5,2025-11-27,Credit Card
17824,3744,10,2023-05-27,UPI
17825,1423,1,2024-09-25,Cash
17826,4622,13,2023-07-03,UPI
17827,1457,12,2025-08-10,UPI
17828,4987,13,2024-06-29,Debit Card
17829,2408,4,2023-02-27,Net Banking
17830,141,8,2025-06-01,UPI
17831,398,3,2025-10-15,UPI
17832,423,4,2025-03-24,UPI
17833,294,2,2024-08-20,Credit Card
17834,1388,9,2025-01-19,Cash
17835,1678,5,2024-06-24,Debit Card
17836,570,3,2025-05-15,UPI
17837,2279,11,2024-10-30,Debit Card
17838,1915,11,2025-03-05,UPI
17839,3256,10,2025-09-22,UPI
17840,1021,12,2025-05-23,Credit Card
17841,4589,7,2025-12-05,UPI
17842,2648,11,2023-05-01,Cash
17843,3188,1,2023-12-29,Net Banking
17844,203,9,2025-04-16,UPI
17845,2879,7,2024-10-01,Debit Card
17846,1930,13,2025-03-28,Credit Card
17847,4642,1,2023-06-10,Debit Card
17848,4469,4,2024-04-13,Debit Card
17849,3263,15,2023-05-17,UPI
17850,3926,7,2023-09-26,Cash
17851,3296,4,2023-07-18,Credit Card
17852,85,7,2023-09-25,Net Banking
17853,3601,3,2025-11-10,Credit Card
17854,919,4,2024-02-19,UPI
17855,3504,12,2024-01-08,Cash
17856,49,3,2023-11-08,Cash
17857,1610,13,2023-12-18,Net Banking
17858,2651,4,2025-07-18,Cash
17859,1728,12,2023-03-20,UPI
17860,3553,10,2023-08-16,Cash
17861,2685,13,2023-03-31,Credit Card
17862,4813,3,2024-12-04,Credit Card
17863,1875,10,2024-09-24,UPI
17864,3686,14,2024-09-29,Debit Card
17865,4216,10,2024-05-06,Cash
17866,1312,5,2023-02-23,Debit Card
17867,3851,4,2023-10-03,UPI
17868,2057,3,2023-09-29,UPI
17869,672,5,2024-10-31,Debit Card
17870,12,10,2025-07-30,Credit Card
17871,3805,9,2025-08-16,Credit Card
17872,973,11,2023-08-20,Credit Card
17873,267,1,2023-01-23,Debit Card
17874,2559,14,2024-06-24,Credit Card
17875,1815,14,2024-02-16,Credit Card
17876,3545,4,2024-01-18,Credit Card
17877,551,13,2023-06-29,Credit Card
17878,694,7,2023-05-24,Debit Card
17879,2112,4,2023-03-27,UPI
17880,2675,8,2025-04-30,Debit Card
17881,4157,15,2023-01-16,UPI
17882,3004,7,2024-04-29,UPI
17883,4550,5,2024-08-22,Debit Card
17884,1134,10,2025-06-05,UPI
17885,3059,4,2023-04-13,Debit Card
17886,3354,8,2024-03-27,UPI
17887,3703,1,2023-10-24,Debit Card
17888,4945,2,2023-05-24,Debit Card
17889,2434,5,2023-10-09,Debit Card
17890,1938,10,2025-04-05,Debit Card
17891,4306,7,2025-12-29,Credit Card
17892,918,9,2024-03-04,Cash
17893,194,3,2024-10-30,UPI
17894,2313,5,2024-09-15,Credit Card
17895,1281,11,2025-06-04,Net Banking
17896,2075,2,2023-08-23,Cash
17897,4928,6,2024-02-27,Debit Card
17898,1824,6,2024-10-05,Debit Card
17899,3625,4,2025-12-13,UPI
17900,1295,14,2023-11-17,Net Banking
17901,1572,13,2023-06-15,UPI
17902,1262,2,2025-01-14,UPI
17903,2940,15,2023-02-17,UPI
17904,1176,8,2025-02-21,Credit Card
17905,3670,8,2025-02-03,Debit Card
17906,3493,15,2023-10-26,Credit Card
17907,2193,13,2025-10-22,Cash
17908,136,1,2025-10-18,UPI
17909,115,2,2025-06-30,UPI
17910,2737,4,2024-12-17,UPI
17911,4228,13,2024-06-07,UPI
17912,3074,14,2023-01-05,Cash
17913,2262,12,2025-07-29,UPI
17914,4443,12,2024-11-19,Credit Card
17915,1031,1,2025-06-12,Credit Card
17916,1881,6,2024-01-07,UPI
17917,2911,11,2025-08-28,Cash
17918,1511,2,2024-04-03,Debit Card
17919,4994,3,2024-06-26,UPI
17920,2357,11,2023-04-23,Credit Card
17921,270,9,2024-08-15,UPI
17922,915,7,2025-12-29,Debit Card
17923,2735,4,2023-04-30,Credit Card
17924,2830,12,2024-03-08,Cash
17925,4920,10,2024-11-21,Debit Card
17926,3078,1,2025-07-24,Cash
17927,3418,13,2025-03-11,Cash
17928,1113,4,2024-11-26,UPI
17929,548,10,2023-08-13,Credit Card
17930,3090,13,2025-08-04,UPI
17931,4368,6,2023-09-21,UPI
17932,3014,8,2023-10-03,UPI
17933,2307,11,2025-10-12,UPI
17934,2970,9,2023-06-22,Cash
17935,2436,15,2023-05-24,UPI
17936,745,13,2024-09-11,Debit Card
17937,3790,4,2023-01-04,UPI
17938,2739,6,2023-07-14,Credit Card
17939,2091,2,2024-10-26,UPI
17940,2881,2,2025-05-17,Debit Card
17941,1248,6,2023-12-11,Net Banking
17942,2231,9,2025-09-17,Credit Card
17943,3185,3,2025-10-11,Credit Card
17944,1177,4,2023-05-22,Net Banking
17945,3830,11,2023-08-02,UPI
17946,2680,9,2023-08-23,Credit Card
17947,4351,9,2025-12-26,Debit Card
17948,4279,11,2024-03-15,Credit Card
17949,2546,15,2023-02-02,Debit Card
17950,1018,13,2024-01-15,Credit Card
17951,3760,5,2024-08-20,Debit Card
17952,2182,9,2025-12-16,Debit Card
17953,3052,5,2024-05-21,Debit Card
17954,549,5,2025-01-12,UPI
17955,3226,7,2023-02-24,Credit Card
17956,1957,15,2025-03-07,Net Banking
17957,1739,6,2023-12-05,UPI
17958,4897,10,2025-06-12,Debit Card
17959,2247,11,2024-09-21,Cash
17960,3486,7,2024-06-26,Debit Card
17961,3206,10,2023-02-06,UPI
17962,537,2,2025-03-29,UPI
17963,3825,14,2023-04-04,Credit Card
17964,1670,9,2025-08-24,UPI
17965,4062,6,2023-10-20,Credit Card
17966,3116,9,2025-03-08,UPI
17967,1653,1,2023-06-17,Cash
17968,1866,2,2025-08-11,Cash
17969,3736,7,2024-10-25,UPI
17970,2830,12,2023-09-17,Cash
17971,3426,2,2025-06-06,Debit Card
17972,825,6,2024-02-27,Credit Card
17973,4003,2,2025-12-08,UPI
17974,1662,14,2023-06-30,Debit Card
17975,3172,10,2025-04-07,UPI
17976,588,5,2025-12-19,Credit Card
17977,1664,6,2025-01-03,UPI
17978,3322,7,2023-01-22,Cash
17979,1422,15,2025-12-08,UPI
17980,4438,13,2024-02-01,Debit Card
17981,3385,1,2025-09-30,Credit Card
17982,4395,2,2023-12-05,Cash
17983,2068,2,2023-04-15,UPI
17984,177,1,2024-10-12,Net Banking
17985,2960,3,2024-08-25,Debit Card
17986,1766,12,2025-06-29,Debit Card
17987,2347,6,2023-01-24,Cash
17988,3497,12,2024-06-04,Debit Card
17989,3594,11,2023-03-18,UPI
17990,148,9,2025-08-31,Debit Card
17991,3929,3,2024-09-06,Credit Card
17992,2542,12,2025-01-15,Credit Card
17993,2865,15,2023-06-15,Credit Card
17994,1543,3,2023-03-12,UPI
17995,2189,2,2025-09-10,Credit Card
17996,3634,13,2025-09-03,UPI
17997,3956,2,2023-09-19,UPI
17998,2034,7,2024-06-07,Credit Card
17999,3543,4,2025-02-12,UPI
18000,1338,6,2024-09-17,Debit Card
18001,4199,8,2024-06-08,UPI
18002,3129,14,2024-06-17,Cash
18003,3952,14,2024-09-25,UPI
18004,2478,5,2023-10-24,Credit Card
18005,1193,13,2025-10-30,Credit Card
18006,2232,3,2025-07-23,Debit Card
18007,2000,2,2023-02-09,Credit Card
18008,1727,15,2023-10-28,Debit Card
18009,1104,6,2024-12-07,Debit Card
18010,3879,11,2023-08-15,UPI
18011,446,12,2025-09-24,UPI
18012,4481,8,2023-04-18,Debit Card
18013,913,13,2025-02-06,Cash
18014,4897,11,2023-08-11,Credit Card
18015,4943,13,2025-10-07,Debit Card
18016,2088,10,2024-10-14,UPI
18017,4937,14,2025-10-06,Cash
18018,4390,4,2023-11-05,Debit Card
18019,424,2,2023-12-28,Credit Card
18020,4752,3,2025-03-17,UPI
18021,223,3,2024-10-02,Credit Card
18022,948,15,2023-09-12,UPI
18023,3000,9,2025-03-27,Credit Card
18024,416,10,2025-05-27,UPI
18025,841,4,2025-08-24,UPI
18026,4779,6,2024-09-18,UPI
18027,4974,13,2024-07-15,Cash
18028,4056,9,2023-07-03,Credit Card
18029,2644,12,2023-06-20,Credit Card
18030,4543,14,2024-04-16,Credit Card
18031,575,10,2024-08-06,Credit Card
18032,4732,8,2024-02-26,UPI
18033,1842,13,2024-08-03,UPI
18034,4350,12,2023-03-01,UPI
18035,3426,9,2023-08-22,UPI
18036,4816,6,2023-09-22,UPI
18037,4366,14,2023-01-21,Cash
18038,4484,13,2025-10-02,UPI
18039,3229,2,2025-04-21,UPI
18040,4205,5,2025-01-15,UPI
18041,3867,10,2025-07-09,Debit Card
18042,840,3,2023-06-22,Debit Card
18043,3320,3,2024-10-22,UPI
18044,776,10,2023-11-11,UPI
18045,4391,12,2023-05-04,UPI
18046,348,1,2024-12-08,UPI
18047,4932,11,2023-02-11,Debit Card
18048,2098,4,2025-10-13,Net Banking
18049,889,13,2023-03-03,Credit Card
18050,4702,7,2023-12-26,Credit Card
18051,237,3,2023-07-07,UPI
18052,2442,7,2025-08-20,Cash
18053,3931,6,2023-10-04,UPI
18054,1650,14,2024-04-18,Credit Card
18055,2716,12,2025-02-16,Debit Card
18056,3593,1,2024-12-29,UPI
18057,4775,14,2025-05-03,UPI
18058,527,5,2025-08-02,Debit Card
18059,818,11,2024-08-26,Credit Card
18060,2617,6,2023-04-11,Debit Card
18061,2182,11,2024-03-18,Net Banking
18062,2143,9,2024-04-12,UPI
18063,1539,10,2024-10-17,Net Banking
18064,2882,6,2024-05-01,UPI
18065,4452,11,2023-12-10,UPI
18066,836,8,2025-04-14,Cash
18067,1120,2,2023-04-19,UPI
18068,3445,1,2023-09-08,UPI
18069,294,14,2024-09-26,UPI
18070,3469,15,2025-02-11,UPI
18071,1635,1,2025-04-01,Debit Card
18072,1876,14,2023-04-20,Credit Card
18073,2119,7,2025-03-26,Debit Card
18074,1832,15,2025-06-04,UPI
18075,4244,15,2023-08-31,Cash
18076,4744,15,2025-01-15,UPI
18077,2821,8,2023-10-15,Credit Card
18078,2986,8,2025-10-15,UPI
18079,372,12,2025-07-01,Cash
18080,3644,3,2024-10-21,Cash
18081,2998,5,2023-06-28,Credit Card
18082,261,15,2024-07-24,UPI
18083,1042,7,2023-03-08,Cash
18084,1063,14,2024-05-23,UPI
18085,892,13,2023-08-05,Net Banking
18086,3371,15,2023-06-11,UPI
18087,4667,14,2024-10-25,Credit Card
18088,3903,9,2025-08-05,Cash
18089,2481,5,2024-10-11,Cash
18090,2111,15,2024-02-04,Debit Card
18091,2027,13,2024-11-16,UPI
18092,3086,14,2024-10-15,UPI
18093,1881,13,2023-10-16,Debit Card
18094,1176,15,2023-03-04,Cash
18095,3094,4,2023-10-26,UPI
18096,2052,15,2024-07-20,Net Banking
18097,67,4,2025-05-16,Debit Card
18098,112,6,2024-04-30,Cash
18099,1421,9,2023-10-07,Cash
18100,2630,14,2023-01-25,UPI
18101,1857,13,2025-03-26,UPI
18102,126,1,2024-11-23,Credit Card
18103,1165,1,2024-07-04,UPI
18104,498,1,2025-06-19,Debit Card
18105,4757,4,2024-02-16,Credit Card
18106,1624,15,2025-01-16,Net Banking
18107,69,4,2025-08-26,UPI
18108,3382,11,2024-01-18,Credit Card
18109,1209,8,2024-07-03,Cash
18110,2917,14,2024-09-07,UPI
18111,791,5,2024-10-21,Credit Card
18112,4918,14,2023-08-01,UPI
18113,4850,10,2023-12-21,Net Banking
18114,3360,4,2025-04-13,Debit Card
18115,3620,8,2024-09-17,UPI
18116,2224,7,2025-03-24,Net Banking
18117,4821,14,2023-05-25,UPI
18118,2214,6,2024-09-16,UPI
18119,1243,2,2023-09-11,Debit Card
18120,591,5,2024-02-14,Credit Card
18121,1085,13,2023-01-09,Cash
18122,2940,12,2024-07-05,Debit Card
18123,1272,2,2024-01-10,Credit Card
18124,3352,6,2025-09-01,UPI
18125,2005,9,2025-02-14,UPI
18126,4477,9,2024-08-22,UPI
18127,2876,6,2023-01-05,Credit Card
18128,3186,4,2025-02-26,Cash
18129,2863,10,2025-08-05,UPI
18130,4469,12,2024-02-08,Cash
18131,331,9,2025-09-19,Cash
18132,356,5,2023-07-27,Net Banking
18133,3601,8,2025-07-03,Debit Card
18134,3926,12,2023-12-12,UPI
18135,2251,9,2025-01-08,Credit Card
18136,1844,5,2023-12-29,UPI
18137,1442,6,2023-07-01,Net Banking
18138,1216,4,2023-12-11,Debit Card
18139,4582,12,2025-07-16,Cash
18140,1524,1,2025-10-23,Credit Card
18141,3316,1,2025-01-18,Net Banking
18142,4003,5,2024-09-06,UPI
18143,110,3,2024-01-19,Credit Card
18144,176,7,2025-12-21,Credit Card
18145,1728,13,2024-06-17,Credit Card
18146,3569,4,2025-06-15,Debit Card
18147,1350,4,2023-07-24,Debit Card
18148,4,4,2025-02-28,UPI
18149,1493,6,2023-01-02,Debit Card
18150,462,9,2023-07-01,UPI
18151,1142,12,2024-07-11,Credit Card
18152,1729,12,2023-06-05,Credit Card
18153,669,13,2023-01-22,Debit Card
18154,3617,9,2024-03-30,Debit Card
18155,1325,13,2024-12-09,UPI
18156,3384,11,2025-11-03,Cash
18157,3076,5,2025-01-06,UPI
18158,4529,13,2024-01-10,UPI
18159,455,11,2025-02-02,Credit Card
18160,1117,13,2024-12-28,UPI
18161,4371,8,2025-04-08,Net Banking
18162,4149,4,2024-08-27,Net Banking
18163,1003,12,2024-06-11,UPI
18164,551,8,2023-08-03,Credit Card
18165,4330,10,2024-07-17,Net Banking
18166,924,15,2023-11-03,UPI
18167,4398,9,2025-04-21,UPI
18168,4817,12,2025-10-04,Cash
18169,1151,8,2024-01-31,Credit Card
18170,4238,8,2023-10-25,Debit Card
18171,2215,14,2024-06-06,Debit Card
18172,4007,9,2024-04-17,Debit Card
18173,2126,13,2023-02-08,UPI
18174,371,10,2024-05-12,Credit Card
18175,3642,14,2025-05-04,Debit Card
18176,791,8,2025-11-09,Credit Card
18177,4655,4,2023-11-09,Net Banking
18178,2174,14,2025-02-12,UPI
18179,422,5,2024-12-16,UPI
18180,1192,10,2024-09-30,UPI
18181,4355,6,2024-05-24,Net Banking
18182,1664,5,2024-06-11,UPI
18183,4331,9,2025-05-03,Debit Card
18184,899,13,2024-02-18,UPI
18185,2434,13,2025-12-28,UPI
18186,4426,15,2023-02-08,UPI
18187,253,13,2023-11-18,UPI
18188,1578,2,2024-08-13,Credit Card
18189,4574,6,2023-04-11,UPI
18190,3062,13,2025-03-11,Debit Card
18191,3660,10,2025-01-08,Debit Card
18192,4248,2,2024-07-31,UPI
18193,2688,11,2025-04-28,UPI
18194,4271,15,2023-12-29,UPI
18195,3271,8,2023-12-03,UPI
18196,3519,8,2023-10-12,Debit Card
18197,800,5,2023-12-07,Debit Card
18198,4717,15,2023-07-22,Cash
18199,4046,12,2024-01-11,Cash
18200,1314,10,2024-10-16,Credit Card
18201,2978,8,2023-07-12,UPI
18202,1974,5,2023-09-03,UPI
18203,3381,4,2023-08-31,Credit Card
18204,4970,9,2025-06-29,Credit Card
18205,239,8,2023-04-24,UPI
18206,4776,4,2023-06-03,UPI
18207,382,2,2025-07-07,UPI
18208,2399,2,2023-07-12,Credit Card
18209,2503,2,2023-09-30,Net Banking
18210,1393,14,2024-08-23,UPI
18211,2917,11,2024-06-26,Cash
18212,4209,12,2024-04-08,UPI
18213,1521,14,2024-11-22,Debit Card
18214,372,13,2025-12-04,Debit Card
18215,3232,15,2025-09-21,UPI
18216,3841,13,2024-07-30,UPI
18217,4784,10,2023-01-02,Credit Card
18218,834,12,2025-12-05,Cash
18219,4545,8,2023-04-04,UPI
18220,2503,6,2025-09-26,UPI
18221,1224,1,2023-11-11,Net Banking
18222,4827,12,2024-12-06,Cash
18223,1239,13,2024-03-08,Credit Card
18224,3743,10,2024-05-16,UPI
18225,3989,4,2023-10-24,Credit Card
18226,2240,3,2023-07-16,Credit Card
18227,3539,10,2023-09-22,UPI
18228,2941,11,2023-04-01,Debit Card
18229,1002,14,2025-10-12,Credit Card
18230,3885,7,2024-08-01,UPI
18231,4665,10,2024-01-14,UPI
18232,2523,5,2025-08-01,UPI
18233,4973,1,2024-05-15,Cash
18234,2231,12,2023-04-14,Credit Card
18235,2490,6,2024-02-07,UPI
18236,3469,4,2024-04-27,Cash
18237,970,10,2024-08-07,UPI
18238,4549,15,2024-02-06,Net Banking
18239,4067,15,2025-10-08,Cash
18240,4403,6,2023-05-26,Debit Card
18241,3128,7,2024-09-19,UPI
18242,4454,9,2023-05-24,Cash
18243,3492,1,2024-08-13,Cash
18244,2625,6,2023-10-03,Cash
18245,4685,13,2025-12-04,UPI
18246,2289,11,2024-01-12,Debit Card
18247,2577,8,2023-05-09,Cash
18248,885,4,2025-04-14,Credit Card
18249,4753,10,2023-12-28,Credit Card
18250,1153,9,2023-11-21,Credit Card
18251,1060,4,2023-09-21,Debit Card
18252,522,4,2023-10-18,Cash
18253,2360,12,2023-10-03,Credit Card
18254,1418,14,2023-01-30,Net Banking
18255,3788,9,2025-04-11,Credit Card
18256,1591,13,2025-02-13,UPI
18257,3684,4,2024-02-12,UPI
18258,1021,9,2024-04-22,Credit Card
18259,1195,1,2024-10-13,Cash
18260,4089,8,2024-09-04,Cash
18261,1943,2,2024-11-13,Net Banking
18262,574,8,2025-08-27,Credit Card
18263,4817,5,2025-06-28,UPI
18264,921,13,2023-01-04,Debit Card
18265,788,13,2023-10-14,Cash
18266,1878,14,2024-11-09,UPI
18267,495,1,2024-01-17,UPI
18268,808,1,2023-04-01,Cash
18269,4275,13,2025-01-17,UPI
18270,896,6,2023-04-01,Cash
18271,571,1,2025-10-29,Cash
18272,4436,13,2025-09-01,Credit Card
18273,2314,2,2024-11-07,Net Banking
18274,817,11,2024-07-13,UPI
18275,2983,14,2023-10-25,Net Banking
18276,220,15,2024-01-25,UPI
18277,2231,3,2024-02-02,Debit Card
18278,3028,15,2024-01-19,Debit Card
18279,4802,11,2025-08-20,Debit Card
18280,1688,11,2024-06-29,Credit Card
18281,3914,2,2023-08-07,Debit Card
18282,694,9,2025-07-08,UPI
18283,2251,10,2023-07-08,Cash
18284,1165,12,2024-08-23,Credit Card
18285,2538,6,2024-11-15,Credit Card
18286,2173,9,2023-08-10,Credit Card
18287,4897,5,2023-03-27,Credit Card
18288,4611,4,2025-05-16,Debit Card
18289,2988,12,2023-02-15,UPI
18290,917,14,2023-07-04,Net Banking
18291,2869,2,2025-05-25,Net Banking
18292,4024,4,2024-04-09,UPI
18293,198,8,2023-12-10,Credit Card
18294,2253,2,2023-11-04,Debit Card
18295,223,12,2024-10-06,UPI
18296,1266,8,2024-08-31,Debit Card
18297,477,2,2025-09-24,Debit Card
18298,4816,1,2024-12-28,UPI
18299,881,4,2024-09-07,UPI
18300,787,7,2023-02-15,Debit Card
18301,4859,2,2024-03-03,Debit Card
18302,2648,11,2025-09-27,Cash
18303,3870,3,2023-04-06,Cash
18304,1694,12,2025-03-25,UPI
18305,2737,6,2023-02-14,Cash
18306,25,2,2025-09-20,Debit Card
18307,2135,9,2025-02-09,Debit Card
18308,2854,15,2025-08-14,UPI
18309,2641,6,2025-03-08,Cash
18310,2119,6,2023-06-14,Net Banking
18311,4007,12,2023-03-27,UPI
18312,2582,8,2024-09-13,Debit Card
18313,3255,1,2025-04-08,UPI
18314,964,10,2025-11-17,UPI
18315,4350,3,2024-02-13,UPI
18316,1898,2,2024-06-21,UPI
18317,2503,14,2025-09-22,Cash
18318,1843,1,2025-07-05,Credit Card
18319,4498,11,2023-05-09,Cash
18320,4544,12,2024-08-26,Cash
18321,1168,15,2023-09-25,UPI
18322,3845,11,2023-11-01,Debit Card
18323,529,6,2024-01-09,UPI
18324,155,14,2024-07-15,UPI
18325,4218,4,2024-04-30,UPI
18326,685,6,2023-03-24,Cash
18327,804,8,2023-09-13,UPI
18328,3111,7,2024-04-30,Net Banking
18329,4124,15,2023-05-07,UPI
18330,989,12,2024-03-24,UPI
18331,585,3,2023-04-17,Debit Card
18332,405,3,2025-11-25,Net Banking
18333,131,6,2023-06-23,Debit Card
18334,597,1,2024-11-17,UPI
18335,4730,3,2023-05-15,Credit Card
18336,494,8,2025-12-18,Net Banking
18337,3063,13,2024-04-12,UPI
18338,4625,3,2023-09-21,UPI
18339,3207,1,2024-04-27,UPI
18340,170,13,2023-04-02,Cash
18341,3061,13,2024-03-02,Cash
18342,4551,10,2024-07-27,UPI
18343,1667,13,2024-10-08,UPI
18344,1629,14,2024-01-01,Cash
18345,1287,12,2025-08-01,UPI
18346,2601,9,2025-07-30,Cash
18347,1236,2,2025-08-02,UPI
18348,3692,7,2023-10-31,UPI
18349,3298,8,2025-03-30,Credit Card
18350,2099,3,2025-03-15,UPI
18351,3687,13,2024-03-05,UPI
18352,511,14,2025-10-07,UPI
18353,3832,7,2023-09-27,Credit Card
18354,3094,10,2025-06-30,Cash
18355,3216,4,2023-07-12,Debit Card
18356,341,2,2024-02-10,Credit Card
18357,3160,4,2025-03-04,Debit Card
18358,2545,8,2024-01-22,Credit Card
18359,2517,15,2025-09-14,Credit Card
18360,1666,2,2025-05-13,UPI
18361,30,6,2024-07-18,Credit Card
18362,2209,10,2024-06-05,Credit Card
18363,2099,3,2023-09-19,Credit Card
18364,2209,14,2025-09-19,Credit Card
18365,3137,3,2023-10-02,Debit Card
18366,1553,6,2023-04-14,UPI
18367,1394,14,2023-10-16,UPI
18368,2564,15,2023-02-14,UPI
18369,3038,3,2025-04-18,Credit Card
18370,2920,14,2025-07-18,Credit Card
18371,4441,2,2025-08-30,UPI
18372,3928,13,2025-04-01,UPI
18373,274,2,2023-02-21,Credit Card
18374,2899,3,2025-09-05,UPI
18375,2175,2,2023-01-21,UPI
18376,1890,13,2025-02-17,UPI
18377,4805,6,2023-02-21,Cash
18378,2382,4,2025-03-08,Debit Card
18379,3676,1,2024-01-29,Credit Card
18380,4841,3,2025-05-18,UPI
18381,792,15,2023-07-31,Credit Card
18382,285,10,2023-03-14,UPI
18383,1629,13,2024-05-13,Cash
18384,233,11,2023-09-06,UPI
18385,599,14,2025-06-11,Debit Card
18386,4959,3,2024-01-19,UPI
18387,4815,4,2024-01-25,Debit Card
18388,3543,6,2023-05-30,UPI
18389,3845,1,2024-01-31,Net Banking
18390,734,2,2023-03-10,Cash
18391,3055,15,2024-03-23,Cash
18392,803,10,2025-08-21,UPI
18393,1982,3,2024-07-12,UPI
18394,1807,5,2023-02-04,Net Banking
18395,3139,11,2024-05-23,Credit Card
18396,414,12,2025-05-12,Cash
18397,530,7,2024-09-25,Credit Card
18398,3129,1,2023-08-22,Debit Card
18399,3255,12,2023-06-01,Debit Card
18400,1769,13,2023-01-22,Credit Card
18401,769,2,2024-04-05,Net Banking
18402,4472,13,2025-09-10,UPI
18403,280,4,2025-11-19,Cash
18404,3665,15,2024-09-09,Debit Card
18405,732,10,2025-05-21,UPI
18406,3262,1,2023-01-10,Credit Card
18407,3402,11,2025-04-25,Credit Card
18408,4078,1,2024-01-19,UPI
18409,2067,11,2023-01-22,Credit Card
18410,109,9,2025-07-19,UPI
18411,4105,6,2025-05-04,Credit Card
18412,2316,2,2025-04-11,UPI
18413,4278,10,2023-09-17,Cash
18414,3954,7,2025-04-23,UPI
18415,2566,10,2025-04-15,UPI
18416,4999,14,2024-10-27,Credit Card
18417,2403,6,2023-06-04,Debit Card
18418,3571,11,2025-03-07,Net Banking
18419,3439,6,2023-01-04,UPI
18420,2658,8,2023-05-02,UPI
18421,3003,10,2024-12-06,Debit Card
18422,4060,13,2024-01-01,UPI
18423,2937,3,2024-08-10,UPI
18424,2350,10,2023-12-28,Cash
18425,3390,2,2025-10-05,UPI
18426,186,14,2023-12-29,UPI
18427,560,9,2024-01-16,UPI
18428,652,5,2025-11-06,Net Banking
18429,2223,13,2024-08-12,Cash
18430,4402,6,2024-07-27,Credit Card
18431,3289,11,2023-02-14,Cash
18432,4862,7,2025-12-13,Debit Card
18433,205,13,2025-08-02,UPI
18434,3687,2,2024-04-18,UPI
18435,1633,11,2025-06-10,UPI
18436,120,6,2025-07-04,Credit Card
18437,4165,12,2023-06-23,UPI
18438,845,1,2025-11-17,UPI
18439,1113,9,2023-06-02,Debit Card
18440,1773,12,2023-08-07,Debit Card
18441,4007,6,2025-12-17,Credit Card
18442,3194,11,2024-07-11,Net Banking
18443,1371,7,2024-11-13,UPI
18444,877,12,2025-09-08,Cash
18445,563,5,2024-11-05,UPI
18446,785,2,2023-07-20,Debit Card
18447,4384,4,2023-04-29,Net Banking
18448,4634,12,2024-10-09,Cash
18449,4841,5,2024-10-20,Credit Card
18450,4209,11,2023-12-31,UPI
18451,4480,10,2024-10-30,Net Banking
18452,4118,2,2024-04-11,Debit Card
18453,4805,9,2025-12-10,Cash
18454,4272,2,2025-04-19,Credit Card
18455,2403,2,2024-01-20,Credit Card
18456,1670,2,2023-01-28,UPI
18457,2999,2,2023-11-15,UPI
18458,3119,5,2024-02-08,Credit Card
18459,2952,14,2023-09-28,UPI
18460,3618,7,2023-05-30,Debit Card
18461,3584,1,2023-10-01,Net Banking
18462,448,14,2024-01-29,UPI
18463,1479,12,2023-11-18,Debit Card
18464,4491,9,2024-09-10,Cash
18465,3026,11,2023-06-11,Cash
18466,1702,14,2024-01-10,UPI
18467,4298,6,2025-04-18,Debit Card
18468,1287,12,2023-01-16,UPI
18469,2137,1,2025-03-05,Cash
18470,1432,1,2024-06-03,UPI
18471,4399,9,2023-09-22,UPI
18472,3716,9,2023-06-11,Credit Card
18473,2397,1,2025-09-17,UPI
18474,4689,14,2024-06-15,UPI
18475,4659,1,2024-09-26,Credit Card
18476,3637,5,2025-02-07,UPI
18477,4499,5,2024-06-13,UPI
18478,3675,7,2024-03-16,UPI
18479,3209,4,2023-04-29,Credit Card
18480,2189,10,2025-05-21,Credit Card
18481,1417,1,2024-10-10,Debit Card
18482,315,6,2024-02-17,Debit Card
18483,4065,10,2024-05-15,Debit Card
18484,631,13,2025-03-14,UPI
18485,2142,3,2025-12-17,Debit Card
18486,1217,7,2025-08-15,Credit Card
18487,2368,14,2023-08-08,Debit Card
18488,1637,1,2023-04-28,UPI
18489,4186,14,2025-03-21,Net Banking
18490,4895,4,2025-10-01,Net Banking
18491,4726,10,2025-10-18,Cash
18492,3185,12,2024-08-31,UPI
18493,4897,9,2023-03-17,Debit Card
18494,2098,15,2023-12-01,UPI
18495,2684,10,2024-06-05,Cash
18496,1331,14,2025-04-13,UPI
18497,4528,6,2024-07-28,Credit Card
18498,932,2,2023-11-15,Debit Card
18499,3129,6,2024-11-12,UPI
18500,4062,9,2023-04-13,UPI
18501,3057,11,2024-08-28,Cash
18502,410,1,2025-04-18,Cash
18503,3135,12,2023-11-13,Credit Card
18504,3921,5,2023-01-15,UPI
18505,979,13,2023-12-06,Debit Card
18506,3762,8,2023-06-01,Cash
18507,4428,15,2025-08-10,Cash
18508,4929,13,2025-09-30,Credit Card
18509,2141,7,2025-05-30,UPI
18510,133,10,2023-01-18,Cash
18511,2182,2,2024-10-31,Cash
18512,3380,8,2025-06-29,UPI
18513,4496,9,2025-03-09,Debit Card
18514,4714,10,2023-05-09,UPI
18515,4571,14,2023-10-02,UPI
18516,3368,8,2023-05-02,UPI
18517,3504,12,2025-01-03,UPI
18518,8,6,2024-03-28,UPI
18519,1905,9,2025-06-10,UPI
18520,4563,8,2025-11-29,Credit Card
18521,3538,4,2024-01-25,UPI
18522,2433,13,2025-02-03,Credit Card
18523,537,15,2025-02-26,Credit Card
18524,1274,12,2024-08-28,UPI
18525,2853,6,2025-07-12,UPI
18526,4525,5,2024-07-25,Credit Card
18527,497,10,2024-03-05,Cash
18528,801,9,2023-05-16,Debit Card
18529,3354,11,2023-04-23,UPI
18530,1522,15,2023-02-28,Credit Card
18531,885,4,2024-09-02,Debit Card
18532,926,1,2023-10-23,UPI
18533,2539,14,2023-02-11,Debit Card
18534,2996,11,2023-02-28,UPI
18535,4555,9,2023-07-15,Net Banking
18536,2719,11,2025-04-12,UPI
18537,3543,9,2024-04-26,Cash
18538,939,7,2023-04-11,UPI
18539,3644,5,2023-01-25,Cash
18540,3320,11,2025-11-14,Credit Card
18541,1128,7,2025-05-18,UPI
18542,3435,9,2023-07-23,UPI
18543,1099,3,2023-02-13,Cash
18544,3045,5,2025-11-01,Net Banking
18545,3429,3,2024-06-12,Cash
18546,3550,8,2025-11-22,Cash
18547,4571,11,2023-03-14,UPI
18548,4753,1,2025-04-22,Credit Card
18549,4102,4,2023-08-19,Cash
18550,4428,7,2024-06-27,UPI
18551,96,15,2024-02-16,Debit Card
18552,1897,13,2025-02-17,Credit Card
18553,204,14,2023-07-06,Cash
18554,1171,9,2023-04-19,UPI
18555,2003,10,2024-03-25,Cash
18556,4379,11,2025-11-12,UPI
18557,2626,2,2023-08-27,Net Banking
18558,3322,14,2023-08-16,Debit Card
18559,1898,9,2024-09-28,UPI
18560,3094,14,2024-06-08,Debit Card
18561,4118,6,2025-07-27,Credit Card
18562,1559,7,2024-07-14,Credit Card
18563,4688,4,2025-03-22,Credit Card
18564,1111,5,2023-10-24,Credit Card
18565,4618,1,2025-12-13,Debit Card
18566,151,4,2023-12-21,UPI
18567,2798,8,2023-12-28,Credit Card
18568,4923,6,2024-09-21,Debit Card
18569,3129,7,2025-10-15,UPI
18570,2852,1,2024-05-04,UPI
18571,3504,7,2024-01-29,UPI
18572,1501,6,2025-12-20,Credit Card
18573,283,4,2025-07-17,Credit Card
18574,1298,2,2023-12-20,UPI
18575,916,12,2023-02-23,UPI
18576,4641,13,2023-01-03,Credit Card
18577,4306,2,2025-04-19,Credit Card
18578,1656,7,2023-10-12,Debit Card
18579,4217,3,2023-05-10,Debit Card
18580,1100,2,2024-05-25,UPI
18581,1051,10,2023-10-28,Debit Card
18582,3923,3,2025-02-07,UPI
18583,1692,10,2023-02-23,Credit Card
18584,342,2,2023-04-03,UPI
18585,3679,14,2023-05-06,UPI
18586,4949,11,2024-06-04,Credit Card
18587,2915,14,2024-01-04,Net Banking
18588,1364,3,2023-08-05,UPI
18589,1954,5,2025-06-14,Debit Card
18590,3320,10,2023-09-27,Credit Card
18591,3598,10,2024-08-31,UPI
18592,4474,10,2024-07-08,Net Banking
18593,4568,5,2024-05-03,Credit Card
18594,4348,14,2024-12-17,UPI
18595,3319,7,2024-09-29,Credit Card
18596,2349,10,2023-06-20,UPI
18597,3489,11,2024-05-14,Cash
18598,3418,3,2025-03-19,UPI
18599,1136,11,2025-07-19,Debit Card
18600,2609,3,2025-05-20,Debit Card
18601,1085,7,2025-04-28,UPI
18602,4535,14,2024-09-17,Credit Card
18603,1670,6,2025-06-25,Debit Card
18604,4083,6,2025-01-27,Credit Card
18605,1975,4,2024-12-02,UPI
18606,3906,11,2023-07-21,Credit Card
18607,1152,13,2025-07-03,Credit Card
18608,3906,14,2024-10-04,Debit Card
18609,932,14,2024-03-29,Credit Card
18610,2530,4,2023-03-19,UPI
18611,585,14,2025-07-24,UPI
18612,2711,15,2024-02-23,UPI
18613,4140,2,2024-06-01,UPI
18614,3857,11,2024-08-14,UPI
18615,262,6,2023-03-24,UPI
18616,2537,10,2025-08-28,Debit Card
18617,4306,11,2023-08-08,Credit Card
18618,3326,3,2025-01-31,UPI
18619,309,6,2023-01-24,UPI
18620,1684,15,2023-02-15,UPI
18621,2863,12,2025-11-15,Debit Card
18622,902,3,2025-11-23,UPI
18623,3502,3,2024-02-25,UPI
18624,3250,1,2024-04-30,UPI
18625,1064,15,2025-11-05,Credit Card
18626,2832,15,2024-09-20,Cash
18627,4109,13,2023-11-07,UPI
18628,1962,15,2024-11-19,UPI
18629,1279,5,2024-06-19,Net Banking
18630,3598,2,2025-03-25,Credit Card
18631,373,10,2023-05-13,UPI
18632,4202,12,2024-06-13,Credit Card
18633,4733,2,2025-03-17,UPI
18634,4839,15,2023-05-19,UPI
18635,2247,9,2025-06-07,UPI
18636,3187,2,2025-10-16,Debit Card
18637,4335,11,2023-12-02,Debit Card
18638,1165,2,2025-05-12,Cash
18639,151,6,2025-03-15,UPI
18640,2017,10,2023-02-17,Credit Card
18641,4459,11,2023-09-20,Credit Card
18642,2599,1,2024-03-30,Credit Card
18643,2722,8,2025-11-30,Cash
18644,3545,13,2023-03-13,Cash
18645,2950,1,2025-01-28,Credit Card
18646,284,9,2025-10-14,Debit Card
18647,2882,4,2025-01-18,UPI
18648,3315,12,2025-06-04,Credit Card
18649,3284,15,2025-04-21,UPI
18650,3716,3,2024-09-28,Cash
18651,2670,7,2025-10-26,Credit Card
18652,4542,8,2023-03-30,UPI
18653,2413,12,2025-06-05,Credit Card
18654,2659,14,2023-02-14,Debit Card
18655,3969,5,2023-01-03,UPI
18656,4205,3,2023-02-24,UPI
18657,3317,14,2023-12-18,Credit Card
18658,659,4,2023-03-08,Credit Card
18659,1723,10,2024-06-04,Credit Card
18660,102,6,2025-10-29,UPI
18661,1527,12,2023-06-03,Debit Card
18662,2931,5,2024-12-08,UPI
18663,4082,4,2025-05-23,Debit Card
18664,3004,3,2023-04-12,Cash
18665,205,6,2023-06-09,Debit Card
18666,1345,7,2024-06-24,Debit Card
18667,2970,2,2024-05-16,Credit Card
18668,3630,6,2024-04-03,UPI
18669,4375,3,2023-10-30,Cash
18670,4841,10,2025-12-22,Cash
18671,4498,8,2025-10-25,UPI
18672,2431,14,2023-02-07,UPI
18673,3819,2,2023-02-02,UPI
18674,1248,5,2024-12-07,UPI
18675,335,14,2025-10-16,Net Banking
18676,288,8,2023-02-22,UPI
18677,1249,9,2023-11-29,Credit Card
18678,197,13,2023-07-22,UPI
18679,4297,7,2023-10-18,Cash
18680,2526,9,2025-08-10,Credit Card
18681,4104,14,2025-08-01,Cash
18682,4718,9,2025-11-03,Net Banking
18683,4970,15,2023-09-30,Debit Card
18684,4708,8,2025-09-18,UPI
18685,3662,7,2025-07-09,Credit Card
18686,2302,6,2024-12-05,Debit Card
18687,3066,13,2023-02-20,Debit Card
18688,4122,12,2024-06-02,UPI
18689,4525,13,2024-10-24,UPI
18690,4799,11,2023-04-26,Credit Card
18691,3730,3,2023-10-06,UPI
18692,2780,8,2025-05-12,Credit Card
18693,4844,3,2024-11-13,UPI
18694,4811,15,2025-12-18,UPI
18695,2483,11,2023-08-17,UPI
18696,3320,9,2025-10-02,Credit Card
18697,4099,9,2025-06-27,UPI
18698,2248,13,2023-07-04,Debit Card
18699,4185,10,2025-10-09,UPI
18700,571,10,2024-07-19,Net Banking
18701,2494,14,2025-03-05,Cash
18702,2504,9,2024-09-27,UPI
18703,3511,4,2023-07-31,Net Banking
18704,597,9,2024-12-17,UPI
18705,530,12,2025-03-11,UPI
18706,4544,2,2025-12-11,UPI
18707,1574,1,2024-04-02,Cash
18708,1692,8,2024-01-24,UPI
18709,3956,15,2024-07-21,Net Banking
18710,2164,6,2025-08-27,Debit Card
18711,4204,13,2024-05-03,UPI
18712,2102,11,2023-11-08,UPI
18713,3887,10,2024-10-30,Credit Card
18714,2700,9,2023-05-08,Debit Card
18715,4702,9,2024-07-19,Credit Card
18716,1694,3,2023-01-08,UPI
18717,1897,2,2025-11-30,Credit Card
18718,4848,13,2024-01-21,UPI
18719,3766,7,2024-10-18,UPI
18720,3940,5,2024-10-05,UPI
18721,1533,13,2024-07-21,Cash
18722,2732,10,2023-10-20,Cash
18723,1629,6,2024-08-14,Credit Card
18724,1349,5,2024-11-25,UPI
18725,2752,4,2023-09-05,Credit Card
18726,4937,1,2024-03-13,UPI
18727,1117,4,2023-06-12,UPI
18728,1258,10,2025-07-26,Debit Card
18729,1262,13,2023-02-15,UPI
18730,4023,13,2025-05-30,UPI
18731,2624,13,2024-11-03,Debit Card
18732,2017,3,2024-01-05,Cash
18733,4261,3,2024-11-15,UPI
18734,1539,14,2023-01-01,Debit Card
18735,2056,5,2023-03-01,Cash
18736,389,1,2025-10-22,UPI
18737,612,11,2024-02-11,Cash
18738,713,6,2024-12-02,UPI
18739,1815,2,2025-09-20,UPI
18740,2691,13,2025-08-02,UPI
18741,3,1,2024-01-04,UPI
18742,990,11,2024-10-31,Credit Card
18743,914,8,2024-04-30,Credit Card
18744,1311,15,2025-09-21,Debit Card
18745,865,10,2025-11-13,Debit Card
18746,1015,15,2023-08-21,UPI
18747,4918,3,2024-04-16,UPI
18748,3053,14,2024-03-22,Cash
18749,3902,6,2024-06-23,UPI
18750,4137,2,2024-03-26,Debit Card
18751,3422,5,2023-06-14,Debit Card
18752,3604,9,2023-09-03,Debit Card
18753,3232,7,2024-10-05,UPI
18754,3323,4,2023-08-29,UPI
18755,4667,3,2023-10-05,Credit Card
18756,970,15,2025-07-16,UPI
18757,1423,9,2025-07-08,Cash
18758,483,4,2023-12-28,Debit Card
18759,4222,5,2024-06-10,Cash
18760,2347,6,2025-04-08,UPI
18761,4563,10,2023-01-04,Net Banking
18762,2150,5,2025-05-01,Debit Card
18763,2306,9,2024-02-26,UPI
18764,2347,1,2024-08-26,UPI
18765,3138,11,2025-07-10,Cash
18766,3916,6,2024-10-18,Credit Card
18767,1842,4,2024-09-22,Net Banking
18768,3217,4,2024-04-30,Debit Card
18769,1071,3,2024-08-16,Debit Card
18770,2849,14,2024-07-03,Credit Card
18771,2817,5,2024-07-25,Credit Card
18772,4486,8,2023-07-31,Cash
18773,4517,4,2024-05-01,Credit Card
18774,2521,7,2024-07-28,Credit Card
18775,129,14,2025-09-26,Credit Card
18776,4267,8,2025-10-15,UPI
18777,2,15,2025-10-24,Cash
18778,2485,5,2025-04-02,UPI
18779,99,10,2023-11-13,UPI
18780,1845,1,2023-04-16,Credit Card
18781,3259,8,2024-05-07,UPI
18782,1943,10,2025-01-04,UPI
18783,4654,3,2023-06-27,UPI
18784,3280,4,2025-11-15,Cash
18785,3307,10,2023-12-26,Credit Card
18786,1961,7,2023-12-31,UPI
18787,201,9,2024-01-31,Debit Card
18788,3771,4,2025-03-05,Debit Card
18789,3660,13,2025-01-06,UPI
18790,2722,4,2023-12-21,Credit Card
18791,2169,6,2023-05-20,Debit Card
18792,2769,9,2024-10-08,UPI
18793,3819,4,2023-06-18,Credit Card
18794,3644,10,2023-10-10,Credit Card
18795,3368,8,2023-07-30,Debit Card
18796,4554,3,2025-04-14,Credit Card
18797,3129,2,2024-01-05,UPI
18798,69,14,2024-05-19,UPI
18799,3160,4,2024-03-07,Cash
18800,3138,14,2024-08-04,Credit Card
18801,369,13,2025-12-16,UPI
18802,2231,4,2023-05-28,Cash
18803,3333,7,2025-04-23,Cash
18804,3606,14,2024-03-09,Debit Card
18805,4506,7,2025-07-02,UPI
18806,4245,9,2025-03-07,UPI
18807,598,10,2023-06-06,Cash
18808,3123,2,2023-04-12,UPI
18809,3061,4,2024-11-23,Debit Card
18810,1574,3,2023-04-16,UPI
18811,960,12,2023-11-25,UPI
18812,1050,3,2024-11-02,Debit Card
18813,922,7,2024-05-02,UPI
18814,4090,12,2025-08-12,Debit Card
18815,777,10,2023-10-15,UPI
18816,1370,6,2023-06-04,UPI
18817,1134,3,2025-10-23,Cash
18818,3644,8,2023-05-30,UPI
18819,826,15,2023-12-15,Cash
18820,126,8,2023-07-25,Net Banking
18821,1961,7,2023-12-02,Credit Card
18822,1584,9,2023-09-24,Debit Card
18823,2081,14,2024-10-23,Credit Card
18824,3850,3,2024-12-10,Debit Card
18825,56,5,2024-08-17,Debit Card
18826,197,6,2023-06-03,Debit Card
18827,1324,9,2023-08-01,UPI
18828,4489,4,2025-06-13,UPI
18829,883,15,2025-02-02,Cash
18830,4990,5,2025-06-11,Credit Card
18831,4087,9,2023-10-25,Cash
18832,2376,12,2023-05-19,Credit Card
18833,3825,11,2024-08-18,UPI
18834,2664,4,2025-06-01,Debit Card
18835,2915,15,2024-04-09,Cash
18836,2980,2,2024-12-25,Credit Card
18837,3321,9,2023-04-26,UPI
18838,318,11,2023-11-22,UPI
18839,3150,12,2025-02-26,Credit Card
18840,3663,3,2025-03-10,Cash
18841,1609,11,2025-05-19,UPI
18842,4895,6,2023-12-26,Credit Card
18843,757,9,2024-12-12,UPI
18844,4577,3,2025-10-04,Debit Card
18845,3482,8,2025-03-26,Credit Card
18846,3406,9,2023-10-04,UPI
18847,4421,3,2024-04-12,Debit Card
18848,4196,3,2025-07-04,Debit Card
18849,1808,4,2024-08-09,UPI
18850,3611,13,2025-09-08,Credit Card
18851,262,1,2024-04-19,Credit Card
18852,2413,2,2025-04-21,UPI
18853,4712,14,2023-09-10,UPI
18854,1421,1,2024-05-16,UPI
18855,260,3,2025-10-26,Cash
18856,2991,6,2025-11-04,UPI
18857,1862,8,2025-01-16,Cash
18858,1988,5,2025-10-26,Debit Card
18859,2989,8,2023-12-23,Net Banking
18860,3178,6,2024-08-15,Cash
18861,2272,1,2024-02-04,Net Banking
18862,2609,3,2023-02-08,UPI
18863,4967,14,2023-09-11,UPI
18864,4802,2,2024-10-22,Cash
18865,3621,6,2025-04-20,UPI
18866,837,8,2024-06-21,UPI
18867,1884,6,2023-04-29,Net Banking
18868,4451,4,2025-11-17,Credit Card
18869,2214,4,2023-04-30,UPI
18870,4789,9,2025-07-14,UPI
18871,2523,1,2023-11-23,Cash
18872,4351,2,2025-04-09,Cash
18873,186,4,2024-08-25,Net Banking
18874,2253,3,2024-05-07,Credit Card
18875,3590,9,2023-05-11,UPI
18876,4360,5,2025-12-25,UPI
18877,3129,8,2025-11-01,UPI
18878,904,4,2023-06-27,UPI
18879,4469,11,2023-05-01,Debit Card
18880,2951,4,2023-10-28,Debit Card
18881,553,14,2024-10-21,Cash
18882,2412,10,2024-05-15,Debit Card
18883,3584,13,2025-11-10,Credit Card
18884,2356,11,2023-12-10,Credit Card
18885,4397,3,2025-05-12,UPI
18886,2214,9,2025-09-04,Credit Card
18887,2995,10,2023-09-05,Credit Card
18888,1098,2,2025-05-20,UPI
18889,2630,11,2025-01-01,Cash
18890,1162,12,2025-03-20,Debit Card
18891,1172,11,2024-07-14,Credit Card
18892,1455,3,2025-08-22,UPI
18893,231,15,2025-09-01,Credit Card
18894,849,3,2024-10-30,UPI
18895,2216,11,2023-10-07,Debit Card
18896,684,11,2025-09-28,UPI
18897,695,15,2024-04-27,Debit Card
18898,4841,3,2024-11-15,Credit Card
18899,2231,4,2024-03-27,Net Banking
18900,2110,5,2024-01-07,Credit Card
18901,1388,6,2023-04-11,UPI
18902,2630,5,2024-02-04,Cash
18903,3058,9,2024-05-27,Credit Card
18904,2178,7,2023-06-10,Credit Card
18905,2060,7,2025-09-17,UPI
18906,3593,7,2025-07-11,Credit Card
18907,4761,13,2023-12-26,UPI
18908,4425,12,2025-05-17,UPI
18909,611,11,2025-12-13,Credit Card
18910,3340,7,2024-09-19,Credit Card
18911,27,2,2025-01-26,Credit Card
18912,3237,8,2024-11-01,Cash
18913,2415,15,2023-07-18,UPI
18914,2532,12,2025-07-15,Debit Card
18915,3018,10,2023-09-12,Credit Card
18916,3799,1,2023-02-16,Cash
18917,3723,6,2025-10-20,UPI
18918,233,12,2025-04-06,Net Banking
18919,3759,11,2023-02-27,Debit Card
18920,4187,3,2023-07-13,UPI
18921,359,6,2024-06-14,UPI
18922,1668,6,2023-02-13,Cash
18923,4024,8,2023-02-16,UPI
18924,2541,4,2025-11-11,UPI
18925,3561,12,2025-11-09,Credit Card
18926,2584,3,2024-01-18,UPI
18927,4895,2,2023-01-08,UPI
18928,4703,12,2025-03-20,Credit Card
18929,1459,6,2023-11-07,Net Banking
18930,2025,3,2025-01-21,UPI
18931,2244,13,2024-11-01,UPI
18932,536,4,2025-01-25,Debit Card
18933,2112,9,2023-09-12,Debit Card
18934,3949,7,2025-05-08,UPI
18935,4276,14,2023-10-03,UPI
18936,4473,1,2024-12-17,Cash
18937,69,14,2023-02-27,UPI
18938,4007,4,2025-11-10,Credit Card
18939,2585,11,2024-06-19,Credit Card
18940,1078,8,2025-02-14,Credit Card
18941,2568,10,2024-01-30,Cash
18942,4265,4,2023-10-18,Credit Card
18943,2254,1,2023-12-21,Cash
18944,4951,10,2025-11-08,Debit Card
18945,3150,13,2024-07-03,UPI
18946,2525,2,2023-11-14,UPI
18947,1523,5,2025-12-05,Debit Card
18948,51,6,2023-06-26,Debit Card
18949,3130,1,2024-09-24,Net Banking
18950,2965,5,2024-09-10,Debit Card
18951,2651,8,2023-10-07,Cash
18952,2764,15,2025-11-04,UPI
18953,4258,8,2023-07-14,Debit Card
18954,1651,2,2025-01-12,UPI
18955,2832,9,2023-03-31,Net Banking
18956,3492,2,2023-05-20,Credit Card
18957,1092,4,2025-03-26,Credit Card
18958,4646,10,2025-03-14,Credit Card
18959,3763,4,2025-03-12,UPI
18960,281,4,2023-09-12,UPI
18961,4371,7,2025-09-18,Credit Card
18962,4673,8,2024-07-12,Credit Card
18963,4034,13,2025-11-11,UPI
18964,2226,8,2025-02-04,Credit Card
18965,4974,4,2024-07-03,Credit Card
18966,646,13,2023-12-02,Net Banking
18967,2759,4,2023-06-03,Cash
18968,888,6,2023-07-24,Credit Card
18969,2285,15,2025-05-30,Debit Card
18970,4658,9,2024-07-19,Debit Card
18971,4037,5,2024-07-28,UPI
18972,3976,2,2025-09-08,UPI
18973,1855,13,2023-04-30,UPI
18974,4695,14,2025-07-28,UPI
18975,1931,9,2025-05-24,UPI
18976,205,12,2024-02-26,Debit Card
18977,3264,9,2024-12-22,Debit Card
18978,1897,11,2024-04-09,Net Banking
18979,801,1,2025-05-16,UPI
18980,4697,9,2023-10-09,UPI
18981,3261,7,2024-05-29,UPI
18982,4720,1,2023-12-30,Cash
18983,2991,2,2023-11-30,UPI
18984,336,2,2024-03-11,Net Banking
18985,156,15,2024-02-01,UPI
18986,4544,8,2024-11-16,Debit Card
18987,202,1,2025-01-14,Credit Card
18988,3145,11,2025-06-11,UPI
18989,1542,3,2025-07-25,Credit Card
18990,3529,13,2023-02-10,UPI
18991,1474,1,2024-05-09,Debit Card
18992,195,5,2025-01-26,Credit Card
18993,3731,15,2023-10-14,UPI
18994,1610,4,2023-06-26,UPI
18995,2833,3,2023-06-25,Net Banking
18996,3946,8,2025-07-27,UPI
18997,3601,12,2024-11-24,UPI
18998,1825,7,2023-10-08,UPI
18999,3825,4,2024-12-08,UPI
19000,4649,1,2023-05-20,UPI
19001,3129,7,2024-06-08,UPI
19002,3601,3,2024-06-12,UPI
19003,4373,5,2025-09-15,Net Banking
19004,4259,12,2023-10-30,Credit Card
19005,1842,8,2024-10-18,UPI
19006,4959,9,2025-01-17,Cash
19007,151,15,2025-02-05,Cash
19008,4931,10,2025-03-21,UPI
19009,1273,11,2024-01-18,UPI
19010,2295,10,2024-11-04,Cash
19011,4454,7,2024-06-13,Debit Card
19012,1268,6,2023-03-26,Debit Card
19013,1171,5,2024-08-18,Credit Card
19014,3289,5,2025-06-28,UPI
19015,3611,15,2023-12-13,Cash
19016,30,13,2024-12-29,UPI
19017,2352,11,2024-04-27,UPI
19018,2525,4,2023-08-20,UPI
19019,1410,7,2024-07-06,Debit Card
19020,2814,1,2023-10-14,Cash
19021,804,14,2024-10-26,Debit Card
19022,1672,12,2023-08-15,UPI
19023,3644,3,2023-07-09,Debit Card
19024,4411,6,2024-05-19,Debit Card
19025,3023,10,2023-08-27,Net Banking
19026,394,1,2025-03-19,UPI
19027,3487,15,2023-12-05,UPI
19028,4525,13,2025-03-06,Credit Card
19029,2596,7,2025-09-28,UPI
19030,2543,2,2024-08-31,Debit Card
19031,4958,7,2024-03-07,Credit Card
19032,3256,14,2025-10-18,UPI
19033,4089,4,2025-12-18,Credit Card
19034,3307,9,2024-09-17,UPI
19035,1152,5,2024-11-16,Credit Card
19036,1474,1,2024-02-09,UPI
19037,3411,12,2024-09-09,UPI
19038,2375,11,2025-07-05,Net Banking
19039,2114,4,2024-08-12,Debit Card
19040,114,11,2025-03-14,Debit Card
19041,4459,13,2024-09-23,Debit Card
19042,4461,4,2023-02-28,Debit Card
19043,2399,12,2024-07-16,UPI
19044,3594,15,2024-04-27,Credit Card
19045,923,4,2025-03-31,Net Banking
19046,2594,12,2025-01-10,UPI
19047,2281,3,2023-05-15,UPI
19048,3362,3,2024-05-13,UPI
19049,2441,10,2024-09-19,UPI
19050,2566,15,2025-08-21,UPI
19051,1531,5,2024-11-22,Debit Card
19052,253,5,2025-11-25,UPI
19053,4609,11,2024-08-29,UPI
19054,56,2,2024-08-20,UPI
19055,1459,10,2025-12-07,Credit Card
19056,2341,12,2025-06-07,Net Banking
19057,1660,10,2024-09-27,Credit Card
19058,2837,13,2025-03-21,Debit Card
19059,2402,9,2024-06-14,Credit Card
19060,1323,3,2025-05-05,UPI
19061,455,15,2024-02-29,Net Banking
19062,721,4,2024-01-31,Credit Card
19063,2517,15,2024-04-29,Debit Card
19064,4273,2,2025-12-20,UPI
19065,520,8,2025-11-05,UPI
19066,3486,7,2023-06-23,Credit Card
19067,4024,3,2024-09-13,Debit Card
19068,1435,15,2024-03-26,Cash
19069,3426,11,2025-04-11,Net Banking
19070,3523,11,2023-08-31,Net Banking
19071,3624,5,2025-07-26,Credit Card
19072,4495,12,2025-05-01,Credit Card
19073,2088,1,2023-07-10,UPI
19074,1265,12,2023-08-12,Credit Card
19075,2799,6,2024-05-06,UPI
19076,327,10,2024-04-25,UPI
19077,1736,6,2025-05-29,Credit Card
19078,4451,12,2023-10-02,Cash
19079,2733,5,2025-05-27,Net Banking
19080,2269,9,2024-08-14,Debit Card
19081,1373,15,2025-12-14,Debit Card
19082,1295,4,2023-01-25,Credit Card
19083,1226,2,2023-01-08,Credit Card
19084,4185,12,2023-02-20,Credit Card
19085,4923,7,2023-10-02,UPI
19086,2750,5,2024-01-20,UPI
19087,414,7,2023-06-02,UPI
19088,3840,7,2025-08-29,Cash
19089,4424,7,2024-10-11,Credit Card
19090,4682,3,2024-07-16,Credit Card
19091,3210,13,2025-04-26,UPI
19092,2605,5,2023-01-22,Cash
19093,3173,13,2024-12-19,Net Banking
19094,59,1,2024-07-24,UPI
19095,3356,6,2025-08-15,UPI
19096,3631,4,2025-09-14,UPI
19097,3687,2,2023-09-14,Net Banking
19098,2897,3,2023-02-06,Credit Card
19099,3589,15,2023-11-27,Credit Card
19100,3272,15,2023-09-03,UPI
19101,591,3,2024-04-09,Cash
19102,4531,14,2023-03-01,UPI
19103,3186,1,2025-01-06,Credit Card
19104,3713,7,2024-07-02,UPI
19105,1786,10,2024-03-04,Credit Card
19106,4618,14,2025-08-16,Credit Card
19107,2585,3,2024-06-04,UPI
19108,3487,7,2025-05-03,Cash
19109,4775,10,2024-01-22,UPI
19110,4602,10,2025-08-16,UPI
19111,3298,12,2025-10-20,UPI
19112,863,15,2025-07-21,Cash
19113,4765,9,2024-05-14,UPI
19114,4919,13,2024-09-18,UPI
19115,530,15,2024-06-05,Debit Card
19116,2351,15,2025-02-06,Cash
19117,2824,13,2023-05-21,Debit Card
19118,477,6,2024-02-11,Credit Card
19119,989,8,2023-05-16,Debit Card
19120,2764,11,2025-06-08,Credit Card
19121,4830,11,2023-11-16,UPI
19122,151,1,2024-12-12,Debit Card
19123,4583,8,2023-01-24,Debit Card
19124,4531,8,2025-01-10,Debit Card
19125,4334,12,2024-12-02,Debit Card
19126,1977,3,2024-11-24,UPI
19127,2530,6,2025-10-02,Net Banking
19128,2109,14,2024-01-21,Net Banking
19129,4753,15,2025-11-25,Credit Card
19130,2681,14,2024-05-05,UPI
19131,416,14,2023-07-08,UPI
19132,1421,6,2023-12-01,Debit Card
19133,2403,7,2024-12-02,UPI
19134,4779,3,2025-11-29,Debit Card
19135,2925,15,2023-08-10,UPI
19136,3570,10,2024-03-06,Net Banking
19137,456,1,2024-02-03,Cash
19138,4425,13,2024-03-23,Cash
19139,2774,9,2024-04-12,Debit Card
19140,4627,6,2025-06-22,UPI
19141,2329,5,2025-02-05,UPI
19142,3506,15,2023-05-27,Credit Card
19143,2445,2,2025-01-08,Debit Card
19144,749,4,2023-08-15,Debit Card
19145,1410,5,2023-10-31,Credit Card
19146,355,10,2025-03-20,Credit Card
19147,2293,4,2023-05-24,UPI
19148,3323,10,2023-11-01,Net Banking
19149,1265,4,2024-12-03,UPI
19150,2527,11,2023-04-10,UPI
19151,2393,6,2023-10-15,Credit Card
19152,2742,15,2024-10-07,UPI
19153,963,15,2024-01-29,Net Banking
19154,2745,4,2025-11-12,UPI
19155,1908,13,2025-07-15,UPI
19156,1482,12,2024-01-14,UPI
19157,3006,9,2023-12-18,Credit Card
19158,774,12,2024-05-01,Credit Card
19159,4544,2,2025-10-11,UPI
19160,4698,5,2025-01-31,UPI
19161,3382,14,2025-12-25,UPI
19162,1570,3,2025-09-15,Cash
19163,3201,8,2024-03-27,Cash
19164,3087,14,2023-04-27,Credit Card
19165,2053,15,2023-02-13,Debit Card
19166,1489,3,2023-03-05,Debit Card
19167,876,8,2024-07-28,UPI
19168,1133,8,2023-07-03,Net Banking
19169,3344,2,2023-12-22,Credit Card
19170,4470,11,2023-10-22,Debit Card
19171,2018,13,2023-12-06,Cash
19172,630,10,2025-05-05,Cash
19173,58,13,2025-09-07,Net Banking
19174,2119,7,2025-08-21,Debit Card
19175,1211,11,2023-05-13,Debit Card
19176,1667,6,2024-06-30,UPI
19177,1252,11,2025-04-23,UPI
19178,3406,1,2023-01-18,Debit Card
19179,3269,2,2024-08-16,UPI
19180,4583,4,2024-05-07,UPI
19181,3589,2,2024-06-28,UPI
19182,857,5,2025-11-27,Debit Card
19183,3841,3,2023-06-09,Debit Card
19184,942,15,2023-08-14,Debit Card
19185,2877,6,2025-03-18,Credit Card
19186,402,9,2025-01-12,Debit Card
19187,249,14,2025-12-18,Credit Card
19188,2413,10,2025-11-10,Credit Card
19189,541,7,2024-08-18,UPI
19190,1590,14,2023-05-15,UPI
19191,1765,5,2023-06-06,Debit Card
19192,3929,1,2023-08-29,Cash
19193,1727,1,2023-08-10,UPI
19194,2546,1,2025-10-02,Cash
19195,3940,15,2025-06-27,UPI
19196,1075,3,2023-11-13,Debit Card
19197,4080,7,2025-01-24,Credit Card
19198,4196,15,2023-05-12,UPI
19199,4947,13,2023-03-20,UPI
19200,2316,9,2024-10-04,Debit Card
19201,1942,14,2024-11-06,UPI
19202,3601,6,2023-11-27,Credit Card
19203,304,7,2023-08-08,Debit Card
19204,204,14,2024-07-13,UPI
19205,1740,11,2023-05-12,Debit Card
19206,3723,3,2025-10-23,Debit Card
19207,597,11,2025-07-10,Net Banking
19208,3253,8,2025-06-01,Debit Card
19209,1395,10,2024-11-10,UPI
19210,3338,6,2025-09-23,UPI
19211,2382,3,2023-09-01,Debit Card
19212,590,13,2023-02-26,UPI
19213,1281,12,2023-06-29,UPI
19214,1144,2,2024-01-25,UPI
19215,857,9,2024-10-20,Credit Card
19216,2435,11,2024-12-21,Cash
19217,4785,7,2023-01-31,Credit Card
19218,3368,14,2023-08-14,UPI
19219,4217,10,2023-11-25,Cash
19220,4904,10,2025-11-21,Credit Card
19221,2784,15,2024-10-10,Debit Card
19222,1237,13,2023-04-04,Net Banking
19223,4663,9,2025-08-22,Cash
19224,3585,4,2024-03-11,Cash
19225,4812,4,2025-06-22,UPI
19226,3332,6,2025-05-14,Credit Card
19227,3952,2,2025-06-14,Net Banking
19228,4495,10,2023-08-15,UPI
19229,3880,1,2024-07-31,UPI
19230,2893,14,2025-04-15,UPI
19231,2449,10,2024-10-11,Net Banking
19232,4153,3,2023-11-12,Credit Card
19233,3938,12,2023-10-27,UPI
19234,1918,14,2025-04-18,Credit Card
19235,2566,11,2024-11-18,Debit Card
19236,3251,5,2024-09-01,Cash
19237,151,2,2024-12-19,Credit Card
19238,1281,9,2025-04-28,Cash
19239,1295,13,2023-01-20,UPI
19240,4451,13,2023-12-20,Credit Card
19241,1721,1,2024-09-11,Cash
19242,2809,13,2023-03-31,Credit Card
19243,4195,3,2024-12-08,UPI
19244,1347,15,2024-03-09,Cash
19245,642,5,2024-08-07,Cash
19246,4755,1,2024-03-14,UPI
19247,3606,4,2024-02-09,Debit Card
19248,918,10,2025-01-16,UPI
19249,4139,1,2023-05-24,Cash
19250,4003,11,2023-03-26,UPI
19251,4224,11,2023-06-28,Credit Card
19252,1432,12,2023-01-02,Debit Card
19253,2347,11,2024-02-05,Cash
19254,3552,7,2025-05-11,Cash
19255,2052,1,2025-08-17,Debit Card
19256,370,3,2025-08-28,Net Banking
19257,712,15,2024-08-28,UPI
19258,3063,4,2024-03-25,Net Banking
19259,1966,4,2025-11-09,UPI
19260,22,15,2024-08-05,Debit Card
19261,3919,14,2025-10-27,UPI
19262,2171,13,2025-12-06,Credit Card
19263,1630,7,2025-04-30,Cash
19264,3644,15,2025-11-16,Credit Card
19265,2369,5,2025-02-04,Cash
19266,3561,15,2025-02-02,Credit Card
19267,61,11,2024-09-20,UPI
19268,43,8,2023-04-07,Credit Card
19269,2881,3,2024-11-13,UPI
19270,4909,14,2025-11-02,Credit Card
19271,1412,8,2024-07-02,Cash
19272,3506,11,2025-09-08,UPI
19273,899,11,2023-03-11,UPI
19274,1611,13,2023-03-26,Credit Card
19275,409,9,2024-05-15,Debit Card
19276,4440,14,2024-06-26,Debit Card
19277,1605,9,2023-06-10,Cash
19278,1199,9,2025-06-17,UPI
19279,3730,14,2025-12-09,UPI
19280,1049,15,2024-05-30,Debit Card
19281,1248,13,2024-08-04,UPI
19282,532,1,2023-05-29,Credit Card
19283,4827,14,2025-05-31,Credit Card
19284,1281,9,2025-04-04,UPI
19285,4979,8,2025-09-24,Debit Card
19286,915,13,2025-05-30,Cash
19287,105,15,2024-07-08,UPI
19288,4516,2,2025-10-15,UPI
19289,2978,3,2023-09-13,Debit Card
19290,1842,7,2024-04-12,UPI
19291,2634,3,2025-12-29,Credit Card
19292,1350,2,2023-08-30,Debit Card
19293,3249,4,2025-04-13,UPI
19294,3150,9,2025-06-30,Cash
19295,414,15,2024-07-23,Cash
19296,4578,2,2023-10-27,Net Banking
19297,2398,1,2025-08-05,Credit Card
19298,1015,10,2025-05-17,Credit Card
19299,1590,15,2024-07-13,Cash
19300,4373,14,2023-09-02,Cash
19301,2011,7,2024-05-13,Credit Card
19302,2890,14,2023-06-22,UPI
19303,4753,11,2025-02-06,Credit Card
19304,3338,1,2025-11-19,UPI
19305,3479,6,2023-12-26,UPI
19306,1285,14,2024-01-11,UPI
19307,3426,5,2025-09-08,Credit Card
19308,2060,11,2023-07-12,Net Banking
19309,4578,8,2025-11-30,Credit Card
19310,677,3,2024-06-17,Net Banking
19311,1480,3,2024-09-17,Debit Card
19312,349,1,2024-07-10,UPI
19313,1997,4,2023-04-30,Debit Card
19314,777,10,2024-06-17,Credit Card
19315,4271,10,2025-08-18,Credit Card
19316,4647,6,2024-05-02,Credit Card
19317,3435,5,2025-03-10,Net Banking
19318,530,7,2024-08-10,UPI
19319,1780,15,2025-02-26,Credit Card
19320,4839,12,2025-08-31,UPI
19321,712,11,2023-04-26,UPI
19322,2863,10,2025-09-24,UPI
19323,1846,1,2023-02-17,Net Banking
19324,4999,3,2025-03-25,UPI
19325,1479,11,2024-07-10,Cash
19326,251,14,2025-09-17,Debit Card
19327,3601,4,2025-12-25,UPI
19328,1691,15,2023-05-24,UPI
19329,3366,6,2025-02-02,UPI
19330,539,4,2025-10-05,Credit Card
19331,2686,7,2024-05-23,Credit Card
19332,1967,14,2024-10-03,Debit Card
19333,2761,10,2025-12-27,Credit Card
19334,4314,15,2024-08-22,Cash
19335,4863,10,2025-10-08,Credit Card
19336,3847,15,2023-10-13,Credit Card
19337,3919,3,2025-11-11,Debit Card
19338,2716,8,2023-04-30,Debit Card
19339,504,13,2025-02-12,Debit Card
19340,3420,7,2023-11-27,Credit Card
19341,772,3,2023-03-01,UPI
19342,1273,9,2023-07-12,UPI
19343,3622,13,2024-12-28,Debit Card
19344,3363,10,2025-03-23,UPI
19345,1634,13,2023-01-23,Debit Card
19346,3938,5,2023-02-10,Net Banking
19347,4717,2,2025-12-11,Credit Card
19348,2810,9,2024-05-09,UPI
19349,3486,8,2024-12-25,UPI
19350,1410,15,2024-01-28,Cash
19351,4851,8,2025-10-08,UPI
19352,1419,1,2024-10-30,UPI
19353,4480,14,2023-03-17,Credit Card
19354,4663,4,2023-05-26,Credit Card
19355,3678,7,2023-09-26,Net Banking
19356,4109,6,2025-06-01,Credit Card
19357,2387,12,2025-11-16,Cash
19358,4619,9,2023-04-15,Net Banking
19359,3799,15,2024-08-30,UPI
19360,1691,8,2025-07-06,UPI
19361,182,9,2023-12-06,Net Banking
19362,2784,4,2025-01-27,Credit Card
19363,4239,8,2024-02-21,UPI
19364,4343,14,2024-05-10,Credit Card
19365,4212,12,2023-09-05,Debit Card
19366,1117,6,2025-03-05,Debit Card
19367,2225,9,2025-12-24,Net Banking
19368,3138,10,2024-10-09,Net Banking
19369,3422,1,2025-04-29,Debit Card
19370,1740,6,2024-05-26,Debit Card
19371,3548,10,2023-02-14,UPI
19372,3032,10,2023-03-18,Cash
19373,2917,2,2025-06-26,Credit Card
19374,3398,15,2024-07-18,Cash
19375,3096,12,2025-09-22,Net Banking
19376,867,3,2024-06-05,UPI
19377,4411,9,2023-08-17,Cash
19378,1248,5,2024-07-03,Debit Card
19379,3806,5,2024-04-23,Credit Card
19380,917,1,2024-08-12,UPI
19381,3383,10,2024-11-06,Debit Card
19382,4516,12,2025-11-09,Cash
19383,45,14,2025-06-18,Credit Card
19384,4897,12,2024-08-16,Credit Card
19385,155,2,2024-02-22,Credit Card
19386,52,9,2025-11-27,Debit Card
19387,4336,7,2024-08-28,UPI
19388,3626,13,2025-04-17,UPI
19389,544,4,2025-11-06,UPI
19390,4711,7,2025-07-16,UPI
19391,3454,15,2023-09-14,Debit Card
19392,570,10,2025-02-25,Credit Card
19393,4343,12,2023-08-20,Cash
19394,2492,2,2023-07-24,Debit Card
19395,1443,12,2024-09-28,Debit Card
19396,4161,5,2024-12-11,Debit Card
19397,3772,12,2023-01-03,Credit Card
19398,3186,9,2024-07-20,Net Banking
19399,4531,15,2023-02-02,Cash
19400,4348,11,2024-10-19,Credit Card
19401,1181,2,2024-04-22,Debit Card
19402,4428,15,2023-11-18,Net Banking
19403,1960,3,2023-08-26,UPI
19404,2245,5,2025-02-18,Debit Card
19405,4860,5,2023-01-27,Credit Card
19406,3885,15,2024-10-19,Credit Card
19407,1665,8,2023-11-06,Net Banking
19408,3314,7,2023-09-03,UPI
19409,2777,3,2024-10-16,Credit Card
19410,599,5,2024-09-08,UPI
19411,4482,8,2023-09-07,UPI
19412,4148,5,2025-08-22,Debit Card
19413,3959,14,2025-01-21,Cash
19414,2879,2,2023-12-01,Cash
19415,1151,10,2025-11-11,UPI
19416,4456,2,2024-07-06,UPI
19417,1846,1,2024-06-21,Credit Card
19418,102,6,2025-01-06,Credit Card
19419,4905,1,2025-04-30,UPI
19420,4347,8,2025-07-29,Net Banking
19421,3186,1,2025-02-27,Credit Card
19422,56,8,2024-12-26,Debit Card
19423,1190,6,2025-09-12,Debit Card
19424,2357,9,2023-01-13,Credit Card
19425,3208,3,2024-02-04,Cash
19426,3626,14,2025-03-24,Net Banking
19427,4007,14,2025-10-03,Credit Card
19428,2859,7,2024-12-29,Debit Card
19429,3361,2,2025-12-09,UPI
19430,4106,5,2024-07-17,UPI
19431,3678,12,2024-11-09,UPI
19432,4786,1,2025-03-06,UPI
19433,4413,5,2024-07-18,UPI
19434,883,8,2023-07-31,Debit Card
19435,4752,10,2023-09-26,Credit Card
19436,1072,3,2025-05-01,Credit Card
19437,4956,15,2025-10-15,UPI
19438,3598,6,2025-07-07,UPI
19439,3204,13,2023-11-23,Credit Card
19440,1677,4,2023-06-22,UPI
19441,695,8,2025-01-01,Debit Card
19442,658,13,2024-02-16,Credit Card
19443,4375,14,2023-05-30,Cash
19444,2247,2,2025-04-07,Cash
19445,2881,5,2023-03-22,Credit Card
19446,4686,6,2025-03-06,Cash
19447,1321,11,2023-08-09,Net Banking
19448,3907,15,2024-06-02,UPI
19449,2443,8,2023-04-28,Net Banking
19450,1108,2,2023-05-19,Net Banking
19451,4311,9,2023-12-21,UPI
19452,3492,7,2025-05-06,UPI
19453,491,10,2024-02-02,UPI
19454,2791,13,2025-11-01,UPI
19455,4304,14,2024-04-08,Cash
19456,353,4,2024-06-11,Credit Card
19457,2169,10,2023-06-23,UPI
19458,4081,2,2023-12-12,UPI
19459,4337,8,2023-10-03,Credit Card
19460,3953,2,2025-06-12,UPI
19461,1585,2,2025-04-29,UPI
19462,2605,13,2025-06-15,Cash
19463,3792,15,2025-04-14,Debit Card
19464,799,9,2023-07-15,Net Banking
19465,3054,4,2025-07-29,Cash
19466,3682,7,2024-01-04,Cash
19467,4294,10,2023-06-28,UPI
19468,573,14,2024-04-09,Debit Card
19469,1710,4,2025-12-27,Debit Card
19470,2790,5,2024-06-09,Cash
19471,3597,1,2024-03-30,Cash
19472,3726,15,2025-01-08,Debit Card
19473,1311,10,2024-06-26,UPI
19474,66,1,2023-02-21,UPI
19475,3552,10,2025-05-04,UPI
19476,4570,10,2025-04-17,UPI
19477,4052,14,2024-07-22,Debit Card
19478,3185,3,2025-05-12,Credit Card
19479,4893,6,2025-01-06,UPI
19480,2248,12,2024-03-18,Debit Card
19481,2697,15,2025-06-16,UPI
19482,56,1,2025-11-09,Cash
19483,4743,12,2024-02-23,Credit Card
19484,2994,12,2025-08-25,Credit Card
19485,2052,4,2023-10-25,UPI
19486,234,9,2023-06-02,Credit Card
19487,1897,2,2025-06-28,UPI
19488,12,2,2024-07-04,Credit Card
19489,1677,15,2025-01-06,Cash
19490,4770,2,2025-12-23,UPI
19491,802,10,2025-08-20,UPI
19492,2810,10,2025-04-24,Debit Card
19493,973,7,2025-09-21,Debit Card
19494,3982,7,2023-11-28,UPI
19495,2893,6,2025-08-01,Net Banking
19496,1063,2,2025-05-02,UPI
19497,4373,5,2023-05-26,UPI
19498,3985,15,2023-03-11,Debit Card
19499,4768,13,2024-02-17,Debit Card
19500,2,6,2025-10-30,Debit Card
19501,2384,6,2024-11-21,Credit Card
19502,5000,10,2023-06-08,UPI
19503,4105,6,2025-10-20,Cash
19504,4193,15,2025-10-01,Debit Card
19505,3176,6,2025-04-19,Net Banking
19506,3644,1,2024-04-07,Credit Card
19507,4082,12,2024-04-23,Credit Card
19508,477,4,2023-04-17,Cash
19509,3548,1,2024-01-14,Net Banking
19510,4118,13,2025-12-28,Cash
19511,213,12,2024-02-25,UPI
19512,1539,15,2024-12-29,Net Banking
19513,1676,13,2025-02-08,UPI
19514,4321,3,2025-06-09,Credit Card
19515,3970,12,2025-04-29,Cash
19516,3361,11,2023-09-18,UPI
19517,4080,14,2025-10-10,UPI
19518,2360,11,2024-11-10,Net Banking
19519,4415,11,2023-09-12,Credit Card
19520,1215,11,2023-12-04,Net Banking
19521,3606,2,2025-01-12,UPI
19522,1252,2,2024-05-08,Credit Card
19523,205,6,2024-11-26,Credit Card
19524,1474,1,2025-03-11,Credit Card
19525,2540,4,2023-01-07,Cash
19526,4258,9,2025-01-22,Net Banking
19527,2617,3,2025-05-10,Credit Card
19528,932,8,2024-08-15,UPI
19529,4967,9,2023-09-26,UPI
19530,1398,2,2023-01-08,UPI
19531,4923,5,2025-09-01,Debit Card
19532,4703,6,2024-01-23,Credit Card
19533,2796,5,2023-06-20,Debit Card
19534,476,6,2025-02-07,Net Banking
19535,3565,5,2024-06-06,Debit Card
19536,4272,7,2023-10-16,Debit Card
19537,2328,5,2025-10-09,Credit Card
19538,1241,5,2023-05-22,Credit Card
19539,4072,12,2024-12-21,Cash
19540,2809,7,2023-01-16,Debit Card
19541,1036,3,2025-08-25,Credit Card
19542,4759,10,2024-04-19,UPI
19543,4754,7,2025-01-20,Debit Card
19544,1922,8,2025-08-02,UPI
19545,337,5,2023-09-04,Credit Card
19546,3222,4,2025-05-28,Credit Card
19547,1653,2,2024-08-17,UPI
19548,350,5,2024-02-12,Cash
19549,4498,6,2024-08-09,Credit Card
19550,4996,14,2023-08-18,Cash
19551,1837,11,2023-08-19,Net Banking
19552,3806,9,2023-07-31,Credit Card
19553,347,6,2023-02-13,Debit Card
19554,1939,6,2024-05-13,Cash
19555,558,6,2024-10-19,Debit Card
19556,289,8,2025-02-11,UPI
19557,3021,6,2023-03-23,UPI
19558,4070,11,2023-03-03,Credit Card
19559,2357,11,2024-06-01,UPI
19560,2691,13,2024-04-29,UPI
19561,1402,14,2023-09-16,UPI
19562,3759,1,2024-11-10,Cash
19563,1890,1,2025-07-03,Cash
19564,356,15,2025-06-03,UPI
19565,861,10,2025-10-22,UPI
19566,671,15,2025-12-14,Credit Card
19567,2262,12,2024-07-04,UPI
19568,344,14,2025-04-18,UPI
19569,4091,2,2024-06-05,Debit Card
19570,4565,13,2024-08-09,UPI
19571,1285,1,2024-02-05,Debit Card
19572,2516,3,2023-11-08,UPI
19573,2665,3,2023-09-03,UPI
19574,4923,4,2025-06-24,Credit Card
19575,346,6,2024-05-11,UPI
19576,3424,13,2025-04-01,UPI
19577,1810,13,2024-04-30,Debit Card
19578,2584,10,2025-11-06,Debit Card
19579,1132,7,2025-11-03,Credit Card
19580,835,14,2024-01-03,UPI
19581,1264,9,2025-01-06,Credit Card
19582,376,8,2023-10-28,UPI
19583,1443,15,2024-02-07,Net Banking
19584,3540,6,2025-03-20,UPI
19585,3337,9,2023-11-02,UPI
19586,2851,4,2023-06-11,UPI
19587,1,11,2023-05-10,Debit Card
19588,656,6,2023-01-09,Net Banking
19589,4253,7,2024-03-30,Credit Card
19590,1410,2,2025-07-21,Credit Card
19591,4583,12,2025-03-10,Net Banking
19592,4412,1,2023-03-20,UPI
19593,806,14,2025-09-22,UPI
19594,4531,10,2023-09-26,Credit Card
19595,3207,8,2023-12-25,Debit Card
19596,3217,13,2025-11-04,UPI
19597,4308,8,2024-01-29,Credit Card
19598,2119,11,2025-05-22,Net Banking
19599,3753,7,2025-02-10,Cash
19600,3423,9,2024-12-29,Net Banking
19601,3936,9,2023-03-24,UPI
19602,3380,12,2023-12-13,Credit Card
19603,414,3,2025-10-26,Debit Card
19604,1517,1,2024-08-21,Debit Card
19605,4718,15,2024-09-11,Credit Card
19606,1165,9,2025-09-13,Cash
19607,2452,1,2025-10-06,UPI
19608,1870,12,2023-06-10,UPI
19609,446,1,2024-04-26,UPI
19610,942,12,2025-07-20,Debit Card
19611,1486,13,2023-10-26,Cash
19612,2410,13,2025-09-21,Credit Card
19613,4411,13,2023-06-08,Debit Card
19614,2647,15,2023-01-31,Credit Card
19615,3338,5,2025-11-30,Net Banking
19616,2224,2,2024-07-01,Cash
19617,4394,15,2023-03-05,Cash
19618,3395,2,2024-10-13,UPI
19619,467,5,2024-06-23,UPI
19620,2482,7,2025-11-12,Credit Card
19621,4176,6,2023-08-21,UPI
19622,3744,5,2025-12-02,UPI
19623,4559,3,2024-12-29,Debit Card
19624,1190,9,2025-12-01,Credit Card
19625,4891,8,2025-07-22,Net Banking
19626,1475,14,2024-02-07,UPI
19627,260,11,2024-05-05,UPI
19628,2550,3,2024-10-24,Debit Card
19629,568,7,2024-03-31,UPI
19630,3498,3,2024-03-20,Credit Card
19631,4544,11,2025-06-27,UPI
19632,4627,6,2023-03-04,UPI
19633,3114,3,2023-02-25,Net Banking
19634,2752,8,2025-11-23,Credit Card
19635,4971,3,2024-04-13,Debit Card
19636,2973,5,2023-01-29,UPI
19637,4659,3,2024-06-20,UPI
19638,4606,14,2024-08-14,UPI
19639,1501,8,2023-08-17,UPI
19640,65,10,2025-12-12,UPI
19641,2284,14,2023-03-31,Credit Card
19642,4349,9,2023-09-14,Debit Card
19643,4217,15,2025-02-25,Credit Card
19644,3097,6,2025-07-18,UPI
19645,814,15,2025-04-19,Debit Card
19646,551,14,2023-06-16,Credit Card
19647,4785,10,2025-09-05,Debit Card
19648,2194,4,2024-02-21,UPI
19649,3316,10,2023-03-01,Net Banking
19650,4560,4,2023-02-07,UPI
19651,4393,5,2025-09-18,UPI
19652,2918,12,2023-08-14,Credit Card
19653,2522,11,2023-09-27,UPI
19654,3753,15,2023-02-07,UPI
19655,1833,3,2025-02-12,Cash
19656,3198,11,2023-03-16,Cash
19657,119,4,2023-05-15,UPI
19658,4158,14,2025-03-03,Credit Card
19659,4995,12,2024-10-10,UPI
19660,4786,15,2024-02-12,UPI
19661,1884,4,2024-07-28,Cash
19662,2730,1,2024-06-28,Credit Card
19663,1225,1,2024-01-29,Net Banking
19664,1569,9,2023-07-24,Credit Card
19665,2385,3,2023-08-25,Cash
19666,3819,5,2024-05-08,Debit Card
19667,89,2,2025-09-06,Credit Card
19668,2060,1,2023-02-28,Credit Card
19669,2863,7,2023-12-30,Net Banking
19670,1118,10,2023-04-08,UPI
19671,409,9,2025-09-26,Credit Card
19672,2778,4,2023-08-07,UPI
19673,3264,4,2023-02-06,Credit Card
19674,3283,3,2025-03-14,Debit Card
19675,1868,15,2023-09-09,Cash
19676,1230,3,2025-05-18,Cash
19677,1149,2,2024-08-10,UPI
19678,209,3,2023-01-13,UPI
19679,965,13,2024-08-03,Debit Card
19680,4130,5,2024-07-29,UPI
19681,10,8,2025-04-27,Credit Card
19682,229,8,2024-12-13,UPI
19683,664,5,2025-05-13,Cash
19684,2186,15,2024-10-23,Debit Card
19685,1736,11,2023-11-11,Credit Card
19686,924,1,2023-10-21,UPI
19687,570,10,2025-05-02,Debit Card
19688,4716,14,2025-08-04,UPI
19689,4579,2,2023-04-20,Credit Card
19690,3938,8,2023-06-16,Debit Card
19691,1303,10,2025-10-03,UPI
19692,1674,15,2023-03-25,UPI
19693,3411,14,2024-07-22,Credit Card
19694,1511,9,2024-07-07,UPI
19695,2725,11,2025-08-24,UPI
19696,3334,7,2025-11-04,UPI
19697,2666,9,2025-01-01,Debit Card
19698,2160,12,2024-12-29,Cash
19699,1823,9,2024-06-12,Net Banking
19700,3959,14,2025-01-27,Net Banking
19701,3776,11,2023-09-02,Debit Card
19702,3570,6,2023-10-31,Net Banking
19703,1962,6,2024-11-10,UPI
19704,3954,7,2024-06-01,Debit Card
19705,4804,1,2023-01-31,Debit Card
19706,3536,11,2025-09-18,Net Banking
19707,2130,9,2025-10-30,UPI
19708,4050,1,2025-11-09,Credit Card
19709,3126,8,2025-09-27,Credit Card
19710,4425,10,2023-09-23,Credit Card
19711,3644,2,2024-01-22,Credit Card
19712,3929,10,2023-12-29,Cash
19713,3421,15,2024-10-16,Cash
19714,477,11,2024-06-10,Credit Card
19715,2514,13,2025-01-29,UPI
19716,297,13,2023-03-07,Cash
19717,2341,15,2023-09-05,Net Banking
19718,3661,7,2023-02-20,UPI
19719,2193,5,2023-11-02,Credit Card
19720,5,8,2025-07-13,Debit Card
19721,1938,13,2024-09-07,Net Banking
19722,358,11,2025-11-17,Credit Card
19723,3970,10,2024-11-15,Debit Card
19724,3984,7,2025-01-23,Net Banking
19725,4090,8,2023-02-17,UPI
19726,159,2,2024-07-21,Cash
19727,166,10,2024-05-23,UPI
19728,4553,11,2025-01-07,Debit Card
19729,642,9,2024-07-19,Net Banking
19730,3441,12,2024-10-19,Debit Card
19731,4044,6,2024-05-03,UPI
19732,2343,11,2025-02-16,UPI
19733,2816,6,2025-11-13,UPI
19734,1187,6,2025-02-12,Debit Card
19735,4641,1,2024-09-22,Net Banking
19736,1561,14,2024-12-18,Cash
19737,1135,7,2024-02-22,Cash
19738,2701,2,2024-07-29,UPI
19739,993,15,2024-08-24,Debit Card
19740,3523,2,2023-08-19,Cash
19741,2644,5,2025-09-03,UPI
19742,773,13,2023-08-05,Net Banking
19743,355,6,2023-09-06,UPI
19744,715,1,2024-04-17,Credit Card
19745,713,12,2024-06-15,UPI
19746,1624,14,2023-03-13,Net Banking
19747,4205,14,2024-11-02,Debit Card
19748,299,1,2024-12-08,Credit Card
19749,669,1,2025-09-22,Net Banking
19750,1569,14,2023-05-23,UPI
19751,2843,15,2024-12-31,UPI
19752,3903,7,2025-05-03,Credit Card
19753,4627,12,2023-04-24,UPI
19754,2154,1,2024-09-30,Net Banking
19755,545,9,2025-07-25,Credit Card
19756,1112,3,2025-07-31,UPI
19757,1489,15,2023-03-02,UPI
19758,3996,12,2023-11-26,Credit Card
19759,3523,10,2024-09-05,Debit Card
19760,1089,13,2023-10-03,UPI
19761,4226,2,2024-08-25,UPI
19762,4337,6,2023-10-23,Debit Card
19763,4445,15,2024-09-20,UPI
19764,1425,2,2023-04-01,Debit Card
19765,695,5,2025-01-16,Credit Card
19766,535,5,2024-05-22,Credit Card
19767,2096,9,2024-05-02,Credit Card
19768,2233,12,2024-08-01,UPI
19769,4384,14,2023-05-28,UPI
19770,1388,14,2025-08-19,Credit Card
19771,3203,13,2024-03-08,UPI
19772,4007,4,2024-09-28,Credit Card
19773,1394,8,2025-07-09,Debit Card
19774,1381,7,2023-08-16,Credit Card
19775,3432,7,2024-02-01,UPI
19776,3706,1,2023-03-20,Net Banking
19777,4813,6,2024-08-02,Cash
19778,4293,6,2024-05-04,Net Banking
19779,4149,10,2023-04-06,UPI
19780,3548,8,2023-11-16,UPI
19781,609,6,2024-01-19,Credit Card
19782,4099,8,2024-10-24,Credit Card
19783,4701,13,2024-10-14,Debit Card
19784,2052,6,2023-03-12,Debit Card
19785,1629,8,2025-01-30,Credit Card
19786,2684,5,2023-08-13,Net Banking
19787,4798,9,2024-05-27,UPI
19788,264,12,2023-12-27,Cash
19789,3628,4,2024-06-30,Debit Card
19790,4118,6,2025-05-23,Credit Card
19791,4007,11,2025-07-08,Debit Card
19792,2917,2,2025-04-04,Debit Card
19793,4625,3,2024-09-01,UPI
19794,700,4,2023-04-03,Credit Card
19795,1272,3,2023-10-12,Credit Card
19796,1590,12,2024-03-30,Credit Card
19797,38,13,2024-10-31,UPI
19798,1942,15,2025-05-31,Credit Card
19799,835,7,2024-05-03,Credit Card
19800,3696,9,2025-06-18,Debit Card
19801,2165,6,2024-07-09,Credit Card
19802,3606,3,2023-09-22,Debit Card
19803,1520,14,2025-11-27,Debit Card
19804,689,13,2025-09-19,Cash
19805,690,15,2024-07-01,Credit Card
19806,1069,13,2025-03-20,Cash
19807,591,9,2023-02-15,UPI
19808,1149,1,2024-03-19,Cash
19809,2972,15,2023-11-17,Net Banking
19810,1327,5,2023-11-02,Credit Card
19811,1786,14,2023-03-07,Net Banking
19812,280,13,2023-05-06,Cash
19813,4499,11,2025-03-21,UPI
19814,727,11,2025-02-12,Debit Card
19815,1826,15,2025-02-10,Cash
19816,1986,10,2024-08-14,UPI
19817,3939,15,2024-09-16,Net Banking
19818,2505,10,2024-07-02,UPI
19819,2010,5,2024-04-23,Debit Card
19820,3569,2,2023-10-13,Credit Card
19821,3063,5,2024-02-12,Credit Card
19822,409,1,2023-03-13,UPI
19823,1621,1,2024-09-30,Credit Card
19824,4895,11,2024-03-24,Credit Card
19825,2504,14,2024-07-08,Credit Card
19826,2216,4,2024-04-29,Net Banking
19827,786,15,2023-04-12,Cash
19828,4227,15,2024-01-27,UPI
19829,695,6,2024-01-04,Net Banking
19830,542,13,2023-05-22,Credit Card
19831,2282,14,2025-08-13,Debit Card
19832,2269,11,2025-04-26,UPI
19833,4904,2,2023-10-20,UPI
19834,668,5,2023-11-25,UPI
19835,2508,11,2024-08-04,Cash
19836,1059,10,2025-01-26,Credit Card
19837,3601,5,2025-06-30,UPI
19838,2056,3,2023-02-10,Credit Card
19839,3318,4,2025-06-29,UPI
19840,1763,11,2023-09-10,Debit Card
19841,2906,13,2024-10-25,UPI
19842,2438,2,2024-04-22,Net Banking
19843,1961,13,2024-12-08,Cash
19844,2763,7,2025-10-26,Credit Card
19845,2013,13,2024-09-28,UPI
19846,4089,3,2024-02-01,Debit Card
19847,2549,13,2024-07-01,UPI
19848,4552,6,2023-05-14,UPI
19849,1162,9,2023-09-10,Debit Card
19850,576,7,2023-05-12,UPI
19851,1997,4,2023-11-11,Debit Card
19852,956,2,2023-09-12,UPI
19853,2057,12,2023-09-02,UPI
19854,1082,15,2025-08-01,Debit Card
19855,4384,14,2023-05-22,Debit Card
19856,2920,7,2023-11-17,Credit Card
19857,2561,8,2023-06-09,UPI
19858,4006,3,2025-11-30,Cash
19859,680,11,2025-01-16,Debit Card
19860,4333,14,2025-08-30,Credit Card
19861,2504,7,2023-07-01,Credit Card
19862,712,1,2024-11-07,Cash
19863,4137,11,2024-01-11,Net Banking
19864,2399,8,2024-04-22,Credit Card
19865,3100,7,2024-05-11,UPI
19866,4507,6,2024-02-24,Credit Card
19867,4495,11,2025-06-07,Debit Card
19868,4503,15,2024-09-11,Cash
19869,2173,15,2023-09-12,UPI
19870,3833,15,2024-11-05,Debit Card
19871,1212,3,2025-02-11,UPI
19872,4192,4,2025-04-28,UPI
19873,1781,8,2025-07-17,UPI
19874,2413,1,2025-02-14,UPI
19875,4497,13,2024-01-19,Debit Card
19876,4088,2,2023-12-06,UPI
19877,4776,14,2024-02-06,UPI
19878,1903,1,2023-11-13,UPI
19879,792,4,2025-04-25,Cash
19880,4577,6,2024-03-01,UPI
19881,2541,5,2024-06-17,Cash
19882,4490,13,2024-05-10,Credit Card
19883,3737,6,2023-06-20,UPI
19884,4414,2,2024-02-17,Net Banking
19885,3354,15,2023-01-31,Credit Card
19886,4113,5,2023-12-28,UPI
19887,624,1,2024-02-20,UPI
19888,4843,13,2024-08-28,UPI
19889,941,6,2024-07-17,UPI
19890,127,4,2025-07-27,UPI
19891,2728,13,2024-02-07,UPI
19892,3639,12,2023-06-13,Credit Card
19893,3661,13,2023-02-27,Debit Card
19894,1766,10,2025-03-25,UPI
19895,3850,9,2023-11-29,UPI
19896,4252,12,2024-04-05,UPI
19897,3129,13,2023-05-17,UPI
19898,2025,3,2023-03-12,Cash
19899,3138,3,2024-10-30,UPI
19900,4354,15,2025-09-12,UPI
19901,4544,9,2025-10-24,Cash
19902,163,15,2024-06-25,Debit Card
19903,632,14,2024-03-16,Net Banking
19904,17,4,2024-11-30,Credit Card
19905,2538,7,2025-08-23,Credit Card
19906,2266,10,2025-09-27,Net Banking
19907,2812,14,2023-01-05,Debit Card
19908,3508,2,2023-11-26,Credit Card
19909,1916,1,2023-08-05,UPI
19910,1087,10,2023-10-10,Credit Card
19911,2064,13,2024-05-30,Credit Card
19912,41,14,2023-12-02,Credit Card
19913,4185,1,2023-09-14,Credit Card
19914,2013,6,2024-05-27,Debit Card
19915,3186,4,2024-10-03,UPI
19916,1678,2,2025-08-18,Cash
19917,3145,13,2024-03-23,Debit Card
19918,2784,7,2023-12-19,Cash
19919,1087,8,2024-01-31,UPI
19920,3198,14,2023-04-19,Cash
19921,563,14,2023-10-07,Debit Card
19922,2494,7,2025-06-25,UPI
19923,3678,10,2025-06-17,Credit Card
19924,2825,9,2025-04-13,UPI
19925,3814,1,2023-08-09,UPI
19926,1414,10,2023-02-04,UPI
19927,254,6,2025-06-18,UPI
19928,293,8,2025-07-11,Debit Card
19929,1393,9,2025-10-13,Cash
19930,2128,11,2025-02-06,UPI
19931,2763,8,2024-11-21,UPI
19932,3868,6,2023-11-29,UPI
19933,4229,8,2025-10-16,Credit Card
19934,3552,8,2025-07-30,UPI
19935,2410,1,2025-06-01,Credit Card
19936,1370,8,2025-06-08,Net Banking
19937,2231,7,2023-04-10,Credit Card
19938,1417,8,2024-03-05,Credit Card
19939,3193,8,2024-05-17,UPI
19940,4128,12,2023-04-03,Credit Card
19941,2659,10,2025-01-31,UPI
19942,240,14,2023-12-23,Credit Card
19943,4718,11,2024-02-28,UPI
19944,1522,10,2023-01-20,UPI
19945,4591,6,2025-07-20,Net Banking
19946,4114,9,2025-02-21,Cash
19947,2159,3,2025-10-18,UPI
19948,298,10,2025-05-21,UPI
19949,4753,1,2023-01-17,Debit Card
19950,3374,14,2023-02-24,Cash
19951,1290,9,2024-07-07,Credit Card
19952,2743,14,2025-12-05,Cash
19953,3253,10,2023-04-02,UPI
19954,1180,14,2024-07-24,UPI
19955,485,10,2025-11-25,Net Banking
19956,1385,2,2024-04-14,Credit Card
19957,250,3,2023-05-16,UPI
19958,370,11,2025-02-03,Debit Card
19959,814,4,2023-07-31,UPI
19960,826,8,2024-11-06,UPI
19961,1282,11,2023-07-22,Cash
19962,4711,9,2024-02-16,UPI
19963,2958,3,2023-03-31,Credit Card
19964,2207,2,2023-03-01,Debit Card
19965,2901,2,2023-04-04,Net Banking
19966,23,11,2023-02-15,Credit Card
19967,4513,9,2024-04-21,Credit Card
19968,2734,12,2024-08-09,UPI
19969,2357,8,2025-12-07,Credit Card
19970,4726,2,2025-03-29,UPI
19971,3727,13,2024-11-30,Cash
19972,1758,8,2025-06-17,UPI
19973,4703,4,2025-02-24,UPI
19974,4305,6,2023-01-15,Debit Card
19975,4784,5,2025-07-17,Debit Card
19976,498,5,2025-02-08,Debit Card
19977,4789,13,2023-08-28,Credit Card
19978,2798,10,2024-06-26,Net Banking
19979,3456,10,2025-10-30,Net Banking
19980,1104,7,2023-08-10,Debit Card
19981,734,8,2025-06-07,UPI
19982,413,5,2023-11-24,UPI
19983,2205,13,2024-08-18,Credit Card
19984,1154,4,2025-09-04,UPI
19985,420,2,2023-06-15,Cash
19986,4788,5,2023-10-03,Credit Card
19987,3743,8,2024-01-02,Debit Card
19988,2657,1,2025-11-21,UPI
19989,3804,6,2023-08-18,Credit Card
19990,3135,2,2023-05-07,UPI
19991,924,2,2024-11-15,Credit Card
19992,3239,8,2023-05-23,UPI
19993,3497,6,2024-04-25,UPI
19994,1230,6,2024-09-04,Credit Card
19995,1662,6,2024-07-06,Debit Card
19996,2011,9,2023-11-19,UPI
19997,3093,14,2023-02-10,Credit Card
19998,661,15,2024-01-04,UPI
19999,3805,13,2025-03-16,Debit Card
20000,1813,3,2023-04-14,Credit Card
