customer_id,customer_name,gender,age,city,state,region,signup_date
1,Arjun Sharma,Other,28,Jaipur,Rajasthan,North,2025-01-31
2,Vikram Joshi,Male,39,Chennai,Tamil Nadu,South,2024-12-31
3,Arjun Kulkarni,Male,31,Lucknow,Uttar Pradesh,North,2024-11-10
4,Kavya Patel,Male,31,Delhi,Delhi,North,2022-11-27
5,Karan Joshi,Other,25,Mysuru,Karnataka,South,2022-03-29
6,Aarav Kulkarni,Male,29,Delhi,Delhi,North,2022-05-11
7,Sneha Verma,Male,36,Lucknow,Uttar Pradesh,North,2024-02-09
8,Priya Hegde,Male,35,Pune,Maharashtra,West,2023-01-21
9,Rahul Verma,Female,28,Kolkata,West Bengal,East,2024-08-13
10,Rohan Gupta,Female,24,Chennai,Tamil Nadu,South,2022-01-22
11,Aditya Menon,Male,18,Mysuru,Karnataka,South,2022-09-10
12,Diya Mishra,Female,28,Hyderabad,Telangana,South,2024-12-18
13,Vivaan Das,Other,29,Kolkata,West Bengal,East,2023-05-26
14,Ishita Reddy,Other,26,Mysuru,Karnataka,South,2024-09-02
15,Riya Iyer,Other,36,Chennai,Tamil Nadu,South,2022-07-09
16,Aditya Patel,Other,26,Hubballi,Karnataka,South,2024-04-11
17,Amit Reddy,Male,38,Hubballi,Karnataka,South,2025-02-28
18,Arjun Menon,Female,42,Bhubaneswar,Odisha,East,2024-04-20
19,Diya Singh,Female,18,Pune,Maharashtra,West,2022-06-16
20,Karan Hegde,Other,45,Hyderabad,Telangana,South,2023-07-19
21,Aditya Mishra,Other,27,Kochi,Kerala,South,2024-06-16
22,Sneha Joshi,Male,52,Mangaluru,Karnataka,South,2023-05-24
23,Ishita Hegde,Other,42,Pune,Maharashtra,West,2024-02-15
24,Sneha Joshi,Other,21,Lucknow,Uttar Pradesh,North,2024-10-22
25,Vivaan Joshi,Male,61,Hyderabad,Telangana,South,2024-10-18
26,Ananya Menon,Female,45,Kolkata,West Bengal,East,2023-12-04
27,Karan Pillai,Other,36,Mysuru,Karnataka,South,2023-02-06
28,Karan Bhat,Female,42,Hyderabad,Telangana,South,2024-03-26
29,Meera Kumar,Female,41,Kochi,Kerala,South,2023-04-01
30,Vikram Kulkarni,Other,60,Mangaluru,Karnataka,South,2022-10-23
31,Priya Verma,Other,36,Chennai,Tamil Nadu,South,2023-12-21
32,Diya Joshi,Male,50,Mumbai,Maharashtra,West,2024-03-02
33,Nisha Reddy,Male,37,Ahmedabad,Gujarat,West,2022-08-05
34,Arjun Kumar,Other,18,Bhubaneswar,Odisha,East,2024-11-30
35,Kavya Mishra,Male,39,Mangaluru,Karnataka,South,2025-03-26
36,Ishita Mishra,Female,42,Mumbai,Maharashtra,West,2023-02-23
37,Sanjay Kulkarni,Male,40,Ahmedabad,Gujarat,West,2022-10-16
38,Arjun Kulkarni,Female,35,Jaipur,Rajasthan,North,2024-10-14
39,Ananya Rao,Female,25,Kolkata,West Bengal,East,2022-02-10
40,Rahul Das,Male,32,Mumbai,Maharashtra,West,2023-05-18
41,Sanjay Naik,Male,46,Lucknow,Uttar Pradesh,North,2023-02-11
42,Arjun Nair,Other,46,Ahmedabad,Gujarat,West,2023-11-15
43,Riya Gupta,Male,33,Ahmedabad,Gujarat,West,2023-12-27
44,Rahul Kulkarni,Other,44,Hyderabad,Telangana,South,2023-09-05
45,Aarav Mishra,Female,37,Kochi,Kerala,South,2023-10-05
46,Aarav Rao,Female,49,Pune,Maharashtra,West,2024-02-06
47,Amit Joshi,Male,67,Kochi,Kerala,South,2023-02-02
48,Priya Reddy,Male,24,Hubballi,Karnataka,South,2024-11-04
49,Nisha Reddy,Other,19,Lucknow,Uttar Pradesh,North,2024-06-10
50,Rohan Kumar,Other,44,Kolkata,West Bengal,East,2022-04-06
51,Sneha Singh,Female,28,Pune,Maharashtra,West,2023-04-30
52,Riya Verma,Male,19,Ahmedabad,Gujarat,West,2025-04-09
53,Sneha Gupta,Other,25,Kochi,Kerala,South,2023-06-25
54,Ishita Iyer,Female,28,Chennai,Tamil Nadu,South,2023-08-01
55,Pooja Das,Male,39,Kochi,Kerala,South,2023-11-13
56,Vikram Reddy,Female,45,Hubballi,Karnataka,South,2023-10-08
57,Priya Kulkarni,Male,28,Bengaluru,Karnataka,South,2024-03-06
58,Vikram Sharma,Male,39,Delhi,Delhi,North,2022-07-09
59,Vivaan Joshi,Male,36,Lucknow,Uttar Pradesh,North,2023-09-25
60,Vivaan Shetty,Male,36,Kochi,Kerala,South,2023-12-11
61,Vikram Hegde,Other,53,Ahmedabad,Gujarat,West,2023-10-11
62,Karan Kulkarni,Male,32,Pune,Maharashtra,West,2023-11-15
63,Priya Pillai,Female,32,Lucknow,Uttar Pradesh,North,2023-10-26
64,Nisha Verma,Male,38,Hubballi,Karnataka,South,2025-02-10
65,Arjun Verma,Female,18,Mysuru,Karnataka,South,2023-03-18
66,Kavya Das,Other,33,Mumbai,Maharashtra,West,2024-08-09
67,Arjun Patel,Female,29,Bengaluru,Karnataka,South,2025-01-09
68,Ananya Rao,Male,33,Lucknow,Uttar Pradesh,North,2023-01-20
69,Karan Kulkarni,Female,18,Hubballi,Karnataka,South,2025-02-27
70,Kavya Singh,Female,48,Mangaluru,Karnataka,South,2022-09-04
71,Vikram Reddy,Female,31,Pune,Maharashtra,West,2024-04-15
72,Sneha Rao,Male,27,Kolkata,West Bengal,East,2023-02-05
73,Sneha Sharma,Male,32,Jaipur,Rajasthan,North,2024-02-06
74,Vikram Singh,Female,48,Kochi,Kerala,South,2022-07-17
75,Nisha Gupta,Female,25,Pune,Maharashtra,West,2024-09-08
76,Vivaan Singh,Female,34,Kochi,Kerala,South,2023-09-01
77,Ishita Hegde,Female,53,Bengaluru,Karnataka,South,2025-02-21
78,Kavya Kulkarni,Other,34,Chennai,Tamil Nadu,South,2023-10-22
79,Nisha Kumar,Male,18,Lucknow,Uttar Pradesh,North,2024-02-03
80,Karan Patel,Other,34,Chennai,Tamil Nadu,South,2024-05-13
81,Sneha Patel,Other,24,Lucknow,Uttar Pradesh,North,2023-05-04
82,Vivaan Patel,Other,49,Hyderabad,Telangana,South,2022-12-04
83,Pooja Naik,Male,30,Pune,Maharashtra,West,2024-05-21
84,Pooja Reddy,Male,25,Bengaluru,Karnataka,South,2023-04-18
85,Riya Reddy,Other,52,Mysuru,Karnataka,South,2022-05-31
86,Vikram Menon,Male,37,Bhubaneswar,Odisha,East,2022-09-20
87,Priya Joshi,Other,36,Kochi,Kerala,South,2022-05-24
88,Vivaan Mishra,Male,47,Delhi,Delhi,North,2024-05-30
89,Priya Pillai,Other,44,Mumbai,Maharashtra,West,2022-01-02
90,Sanjay Gupta,Other,35,Hyderabad,Telangana,South,2024-10-11
91,Ananya Joshi,Female,43,Lucknow,Uttar Pradesh,North,2022-01-09
92,Rohan Nair,Female,23,Mumbai,Maharashtra,West,2022-07-27
93,Aditya Sharma,Female,31,Hyderabad,Telangana,South,2025-02-28
94,Priya Rao,Male,44,Delhi,Delhi,North,2023-09-20
95,Karan Naik,Female,42,Ahmedabad,Gujarat,West,2023-08-10
96,Diya Reddy,Male,51,Mangaluru,Karnataka,South,2025-02-09
97,Amit Singh,Female,24,Hyderabad,Telangana,South,2023-05-25
98,Sneha Nair,Other,23,Bhubaneswar,Odisha,East,2024-04-01
99,Pooja Sharma,Other,22,Kolkata,West Bengal,East,2025-04-01
100,Sneha Nair,Other,40,Bhubaneswar,Odisha,East,2022-06-10
101,Rohan Hegde,Male,20,Mysuru,Karnataka,South,2024-03-11
102,Arjun Kulkarni,Male,33,Kochi,Kerala,South,2025-03-04
103,Amit Mishra,Male,38,Chennai,Tamil Nadu,South,2023-02-05
104,Ananya Gupta,Other,18,Lucknow,Uttar Pradesh,North,2024-08-12
105,Sanjay Naik,Female,25,Jaipur,Rajasthan,North,2023-04-15
106,Vivaan Reddy,Other,25,Chennai,Tamil Nadu,South,2022-02-07
107,Sanjay Patel,Male,42,Mumbai,Maharashtra,West,2022-08-18
108,Rohan Hegde,Male,31,Hyderabad,Telangana,South,2022-01-27
109,Meera Kulkarni,Other,47,Lucknow,Uttar Pradesh,North,2022-08-14
110,Sneha Sharma,Male,20,Mumbai,Maharashtra,West,2024-05-28
111,Rohan Kulkarni,Male,30,Mysuru,Karnataka,South,2024-08-17
112,Diya Pillai,Other,39,Bhubaneswar,Odisha,East,2024-03-26
113,Kavya Kumar,Male,48,Mangaluru,Karnataka,South,2023-10-21
114,Diya Patel,Female,37,Chennai,Tamil Nadu,South,2022-01-17
115,Vikram Rao,Female,31,Hubballi,Karnataka,South,2025-04-10
116,Sneha Verma,Other,41,Kolkata,West Bengal,East,2024-11-26
117,Rohan Joshi,Male,40,Lucknow,Uttar Pradesh,North,2022-10-07
118,Rahul Verma,Male,18,Kolkata,West Bengal,East,2023-08-30
119,Ananya Verma,Other,24,Mangaluru,Karnataka,South,2025-01-27
120,Vikram Hegde,Male,28,Bhubaneswar,Odisha,East,2025-03-30
121,Arjun Menon,Male,20,Kolkata,West Bengal,East,2022-05-08
122,Nisha Joshi,Male,18,Bhubaneswar,Odisha,East,2023-07-20
123,Meera Iyer,Female,40,Bhubaneswar,Odisha,East,2023-07-24
124,Vikram Joshi,Male,23,Bhubaneswar,Odisha,East,2024-08-19
125,Karan Menon,Female,23,Jaipur,Rajasthan,North,2022-06-04
126,Aditya Hegde,Female,22,Chennai,Tamil Nadu,South,2025-02-01
127,Pooja Menon,Other,20,Jaipur,Rajasthan,North,2022-09-03
128,Sneha Shetty,Male,24,Bhubaneswar,Odisha,East,2024-01-29
129,Sanjay Singh,Other,37,Mysuru,Karnataka,South,2023-06-22
130,Vivaan Rao,Other,36,Chennai,Tamil Nadu,South,2023-06-09
131,Diya Shetty,Female,39,Mumbai,Maharashtra,West,2024-04-07
132,Pooja Rao,Female,70,Delhi,Delhi,North,2023-11-16
133,Priya Gupta,Female,47,Kochi,Kerala,South,2022-01-20
134,Kavya Sharma,Other,43,Bengaluru,Karnataka,South,2023-02-04
135,Sneha Gupta,Female,30,Kochi,Kerala,South,2023-10-16
136,Aditya Shetty,Other,41,Mumbai,Maharashtra,West,2025-01-20
137,Arjun Nair,Other,52,Hyderabad,Telangana,South,2024-04-13
138,Kavya Shetty,Female,27,Chennai,Tamil Nadu,South,2022-02-20
139,Amit Kulkarni,Male,29,Lucknow,Uttar Pradesh,North,2023-07-29
140,Kavya Menon,Other,39,Hubballi,Karnataka,South,2023-11-13
141,Rahul Mishra,Other,37,Lucknow,Uttar Pradesh,North,2024-04-17
142,Ishita Kulkarni,Male,18,Chennai,Tamil Nadu,South,2023-09-05
143,Amit Gupta,Female,28,Chennai,Tamil Nadu,South,2024-09-19
144,Priya Mishra,Other,41,Kolkata,West Bengal,East,2022-01-05
145,Meera Das,Female,57,Hyderabad,Telangana,South,2025-01-31
146,Karan Naik,Female,52,Jaipur,Rajasthan,North,2024-04-02
147,Rahul Reddy,Female,18,Kolkata,West Bengal,East,2024-07-24
148,Riya Shetty,Male,35,Ahmedabad,Gujarat,West,2023-10-19
149,Vikram Nair,Male,29,Bhubaneswar,Odisha,East,2022-04-30
150,Karan Kumar,Male,18,Kolkata,West Bengal,East,2024-01-11
151,Vikram Bhat,Other,32,Bengaluru,Karnataka,South,2022-04-27
152,Aditya Das,Female,26,Bhubaneswar,Odisha,East,2024-10-09
153,Priya Gupta,Other,32,Kochi,Kerala,South,2024-12-17
154,Ishita Bhat,Female,42,Lucknow,Uttar Pradesh,North,2025-01-24
155,Rohan Sharma,Male,43,Hubballi,Karnataka,South,2025-02-15
156,Kavya Joshi,Male,46,Kolkata,West Bengal,East,2024-06-15
157,Pooja Das,Male,55,Kolkata,West Bengal,East,2023-12-05
158,Vikram Rao,Female,44,Ahmedabad,Gujarat,West,2022-09-04
159,Meera Naik,Other,22,Mangaluru,Karnataka,South,2025-01-04
160,Ananya Das,Other,36,Delhi,Delhi,North,2025-01-14
161,Pooja Verma,Other,27,Bhubaneswar,Odisha,East,2023-11-28
162,Rahul Bhat,Female,31,Pune,Maharashtra,West,2024-12-06
163,Vikram Hegde,Other,40,Chennai,Tamil Nadu,South,2024-10-05
164,Vikram Hegde,Female,39,Pune,Maharashtra,West,2022-12-23
165,Amit Joshi,Female,30,Mysuru,Karnataka,South,2022-01-23
166,Ananya Kulkarni,Male,39,Hyderabad,Telangana,South,2024-02-01
167,Rohan Joshi,Female,65,Mangaluru,Karnataka,South,2023-03-18
168,Rohan Gupta,Male,34,Lucknow,Uttar Pradesh,North,2023-05-31
169,Kavya Shetty,Other,35,Mumbai,Maharashtra,West,2024-11-05
170,Kavya Patel,Male,27,Pune,Maharashtra,West,2023-05-12
171,Kavya Menon,Other,45,Bhubaneswar,Odisha,East,2024-06-14
172,Aarav Pillai,Female,39,Lucknow,Uttar Pradesh,North,2023-11-21
173,Aarav Iyer,Female,36,Pune,Maharashtra,West,2023-01-15
174,Ishita Verma,Other,31,Kolkata,West Bengal,East,2025-04-06
175,Sneha Mishra,Male,36,Lucknow,Uttar Pradesh,North,2024-12-02
176,Vikram Hegde,Female,27,Pune,Maharashtra,West,2024-04-28
177,Aarav Menon,Female,42,Pune,Maharashtra,West,2022-03-31
178,Ishita Singh,Female,29,Jaipur,Rajasthan,North,2024-10-18
179,Rohan Mishra,Other,33,Kochi,Kerala,South,2023-02-22
180,Ishita Pillai,Other,18,Bengaluru,Karnataka,South,2024-04-05
181,Aarav Reddy,Other,37,Jaipur,Rajasthan,North,2025-01-03
182,Rohan Das,Male,39,Mumbai,Maharashtra,West,2024-10-17
183,Sanjay Menon,Female,18,Bengaluru,Karnataka,South,2024-01-31
184,Meera Shetty,Female,47,Hubballi,Karnataka,South,2024-07-08
185,Ishita Hegde,Female,50,Kolkata,West Bengal,East,2022-07-11
186,Aditya Bhat,Male,39,Chennai,Tamil Nadu,South,2024-09-04
187,Sneha Patel,Female,27,Lucknow,Uttar Pradesh,North,2024-10-05
188,Aditya Patel,Male,45,Hubballi,Karnataka,South,2022-02-06
189,Karan Sharma,Other,29,Hubballi,Karnataka,South,2022-10-06
190,Vikram Kumar,Female,36,Mangaluru,Karnataka,South,2022-03-03
191,Arjun Pillai,Male,28,Jaipur,Rajasthan,North,2023-08-19
192,Sanjay Iyer,Male,43,Pune,Maharashtra,West,2023-11-30
193,Riya Rao,Male,37,Delhi,Delhi,North,2024-11-08
194,Arjun Pillai,Male,32,Chennai,Tamil Nadu,South,2024-04-30
195,Amit Pillai,Other,18,Kochi,Kerala,South,2022-05-24
196,Ishita Menon,Other,29,Kochi,Kerala,South,2024-11-14
197,Aditya Pillai,Other,45,Hubballi,Karnataka,South,2024-08-05
198,Vikram Rao,Other,41,Bhubaneswar,Odisha,East,2025-03-20
199,Amit Mishra,Male,27,Kolkata,West Bengal,East,2025-03-13
200,Priya Patel,Female,33,Kolkata,West Bengal,East,2023-09-26
201,Kavya Iyer,Male,37,Ahmedabad,Gujarat,West,2025-03-02
202,Ananya Sharma,Female,50,Ahmedabad,Gujarat,West,2023-10-20
203,Nisha Rao,Female,38,Bhubaneswar,Odisha,East,2024-01-21
204,Meera Kumar,Female,28,Hyderabad,Telangana,South,2023-05-07
205,Pooja Hegde,Other,29,Mangaluru,Karnataka,South,2024-07-01
206,Sneha Bhat,Female,36,Kolkata,West Bengal,East,2024-08-03
207,Priya Hegde,Female,29,Mumbai,Maharashtra,West,2024-03-05
208,Vikram Reddy,Female,36,Bhubaneswar,Odisha,East,2025-04-03
209,Meera Joshi,Female,44,Kochi,Kerala,South,2022-12-05
210,Riya Menon,Female,36,Delhi,Delhi,North,2023-05-15
211,Nisha Shetty,Male,35,Bengaluru,Karnataka,South,2023-05-26
212,Karan Iyer,Female,42,Pune,Maharashtra,West,2024-12-29
213,Sanjay Mishra,Other,48,Hyderabad,Telangana,South,2023-03-21
214,Sanjay Kulkarni,Male,25,Kochi,Kerala,South,2023-12-15
215,Karan Reddy,Male,18,Ahmedabad,Gujarat,West,2022-02-08
216,Kavya Bhat,Other,29,Lucknow,Uttar Pradesh,North,2024-01-24
217,Vikram Bhat,Other,42,Kolkata,West Bengal,East,2024-12-17
218,Nisha Das,Male,41,Lucknow,Uttar Pradesh,North,2024-06-13
219,Amit Joshi,Female,22,Mysuru,Karnataka,South,2024-10-21
220,Vikram Nair,Other,41,Lucknow,Uttar Pradesh,North,2023-05-20
221,Diya Bhat,Other,18,Delhi,Delhi,North,2024-04-03
222,Diya Verma,Other,45,Ahmedabad,Gujarat,West,2022-02-27
223,Ananya Iyer,Other,34,Ahmedabad,Gujarat,West,2023-11-16
224,Sanjay Nair,Female,43,Pune,Maharashtra,West,2022-07-22
225,Arjun Gupta,Female,34,Hubballi,Karnataka,South,2024-02-03
226,Sneha Singh,Male,26,Mysuru,Karnataka,South,2022-02-16
227,Nisha Hegde,Other,55,Hubballi,Karnataka,South,2025-03-12
228,Pooja Mishra,Female,26,Delhi,Delhi,North,2023-10-18
229,Karan Nair,Male,55,Mysuru,Karnataka,South,2023-04-16
230,Rahul Nair,Male,25,Hyderabad,Telangana,South,2024-10-28
231,Sneha Kumar,Female,32,Lucknow,Uttar Pradesh,North,2025-02-19
232,Vivaan Kulkarni,Female,20,Bengaluru,Karnataka,South,2023-11-29
233,Rohan Bhat,Male,18,Lucknow,Uttar Pradesh,North,2023-06-24
234,Aarav Pillai,Female,37,Bhubaneswar,Odisha,East,2023-04-06
235,Nisha Das,Female,27,Pune,Maharashtra,West,2024-01-02
236,Vivaan Hegde,Female,29,Mangaluru,Karnataka,South,2023-01-25
237,Aditya Menon,Female,41,Mysuru,Karnataka,South,2024-06-01
238,Priya Patel,Male,48,Mysuru,Karnataka,South,2023-03-26
239,Priya Nair,Male,45,Mangaluru,Karnataka,South,2022-01-10
240,Arjun Kulkarni,Female,29,Hubballi,Karnataka,South,2022-08-12
241,Riya Mishra,Male,47,Delhi,Delhi,North,2022-06-26
242,Pooja Menon,Female,27,Kolkata,West Bengal,East,2024-04-06
243,Meera Nair,Other,27,Kochi,Kerala,South,2024-03-05
244,Amit Pillai,Other,35,Mumbai,Maharashtra,West,2022-04-15
245,Riya Rao,Male,36,Bengaluru,Karnataka,South,2025-01-27
246,Karan Hegde,Other,29,Jaipur,Rajasthan,North,2023-12-10
247,Rahul Joshi,Male,49,Mysuru,Karnataka,South,2024-02-10
248,Aditya Singh,Male,37,Ahmedabad,Gujarat,West,2023-11-08
249,Meera Mishra,Female,29,Mumbai,Maharashtra,West,2023-12-15
250,Vivaan Joshi,Female,40,Chennai,Tamil Nadu,South,2025-01-06
251,Amit Das,Male,20,Lucknow,Uttar Pradesh,North,2023-04-02
252,Vikram Hegde,Other,39,Jaipur,Rajasthan,North,2024-05-30
253,Karan Verma,Male,18,Delhi,Delhi,North,2023-05-03
254,Vikram Kumar,Female,46,Ahmedabad,Gujarat,West,2024-12-31
255,Rohan Reddy,Male,18,Bhubaneswar,Odisha,East,2022-06-03
256,Amit Mishra,Other,31,Mangaluru,Karnataka,South,2024-02-10
257,Priya Nair,Female,28,Bhubaneswar,Odisha,East,2022-09-25
258,Meera Nair,Other,59,Mysuru,Karnataka,South,2024-07-07
259,Sanjay Naik,Other,45,Mumbai,Maharashtra,West,2024-05-02
260,Meera Reddy,Other,39,Pune,Maharashtra,West,2022-04-13
261,Kavya Shetty,Other,34,Bengaluru,Karnataka,South,2024-02-03
262,Aarav Reddy,Male,36,Chennai,Tamil Nadu,South,2024-03-08
263,Priya Pillai,Male,36,Jaipur,Rajasthan,North,2024-05-08
264,Sanjay Pillai,Male,29,Kolkata,West Bengal,East,2022-09-06
265,Rahul Bhat,Other,42,Kolkata,West Bengal,East,2022-06-15
266,Meera Hegde,Male,32,Jaipur,Rajasthan,North,2023-06-26
267,Kavya Bhat,Male,53,Delhi,Delhi,North,2024-01-29
268,Diya Verma,Female,36,Pune,Maharashtra,West,2024-03-07
269,Arjun Singh,Female,46,Hyderabad,Telangana,South,2024-06-18
270,Nisha Nair,Other,32,Mumbai,Maharashtra,West,2024-02-24
271,Sneha Patel,Female,35,Mumbai,Maharashtra,West,2024-09-10
272,Ananya Hegde,Female,29,Mysuru,Karnataka,South,2022-07-24
273,Ishita Naik,Male,20,Mysuru,Karnataka,South,2022-05-06
274,Sneha Das,Female,40,Jaipur,Rajasthan,North,2022-04-21
275,Karan Naik,Female,57,Bengaluru,Karnataka,South,2024-01-31
276,Nisha Das,Male,22,Delhi,Delhi,North,2024-06-18
277,Sanjay Kulkarni,Male,26,Hubballi,Karnataka,South,2022-12-26
278,Amit Das,Other,50,Kochi,Kerala,South,2023-10-29
279,Arjun Sharma,Other,34,Pune,Maharashtra,West,2022-04-03
280,Vikram Singh,Female,37,Delhi,Delhi,North,2024-12-10
281,Aarav Kulkarni,Female,21,Ahmedabad,Gujarat,West,2024-10-25
282,Vikram Rao,Female,20,Mysuru,Karnataka,South,2023-06-18
283,Rohan Bhat,Other,32,Mysuru,Karnataka,South,2024-04-17
284,Pooja Hegde,Female,23,Chennai,Tamil Nadu,South,2022-12-12
285,Nisha Bhat,Male,34,Bhubaneswar,Odisha,East,2024-12-05
286,Sneha Kumar,Female,18,Pune,Maharashtra,West,2025-01-01
287,Riya Naik,Other,39,Hubballi,Karnataka,South,2024-03-04
288,Rohan Reddy,Female,46,Kochi,Kerala,South,2022-08-27
289,Kavya Shetty,Other,32,Kolkata,West Bengal,East,2024-12-15
290,Aarav Nair,Other,31,Chennai,Tamil Nadu,South,2022-01-08
291,Priya Pillai,Other,35,Chennai,Tamil Nadu,South,2023-09-17
292,Rohan Das,Other,34,Pune,Maharashtra,West,2022-10-30
293,Diya Shetty,Other,33,Pune,Maharashtra,West,2023-10-01
294,Sneha Menon,Female,34,Kolkata,West Bengal,East,2022-01-28
295,Ananya Gupta,Other,50,Kochi,Kerala,South,2022-03-19
296,Priya Menon,Male,31,Hubballi,Karnataka,South,2023-06-10
297,Kavya Patel,Female,42,Bhubaneswar,Odisha,East,2023-11-30
298,Nisha Menon,Female,24,Lucknow,Uttar Pradesh,North,2024-07-07
299,Rohan Bhat,Male,30,Jaipur,Rajasthan,North,2024-01-20
300,Pooja Pillai,Female,43,Mangaluru,Karnataka,South,2024-11-04
301,Arjun Das,Male,36,Bhubaneswar,Odisha,East,2023-04-30
302,Meera Sharma,Other,21,Ahmedabad,Gujarat,West,2022-03-27
303,Kavya Kumar,Male,50,Mangaluru,Karnataka,South,2022-05-06
304,Sanjay Shetty,Other,42,Pune,Maharashtra,West,2022-03-08
305,Ishita Reddy,Female,25,Lucknow,Uttar Pradesh,North,2022-08-21
306,Sneha Menon,Female,33,Bhubaneswar,Odisha,East,2022-04-21
307,Nisha Kulkarni,Male,54,Jaipur,Rajasthan,North,2022-02-03
308,Aditya Joshi,Other,47,Delhi,Delhi,North,2024-01-18
309,Amit Joshi,Other,18,Jaipur,Rajasthan,North,2023-08-18
310,Kavya Rao,Other,22,Mysuru,Karnataka,South,2023-11-23
311,Arjun Das,Male,34,Lucknow,Uttar Pradesh,North,2022-11-11
312,Amit Sharma,Male,35,Lucknow,Uttar Pradesh,North,2023-10-24
313,Vivaan Nair,Female,29,Hyderabad,Telangana,South,2022-10-04
314,Kavya Kumar,Male,27,Hyderabad,Telangana,South,2023-05-31
315,Kavya Pillai,Other,35,Ahmedabad,Gujarat,West,2024-04-22
316,Rahul Singh,Male,43,Kolkata,West Bengal,East,2022-03-16
317,Riya Menon,Other,51,Mysuru,Karnataka,South,2022-01-04
318,Vikram Bhat,Other,33,Jaipur,Rajasthan,North,2023-07-28
319,Vikram Das,Other,54,Mangaluru,Karnataka,South,2022-07-13
320,Meera Hegde,Other,50,Chennai,Tamil Nadu,South,2022-06-22
321,Meera Nair,Other,40,Bengaluru,Karnataka,South,2022-11-22
322,Rahul Reddy,Female,25,Ahmedabad,Gujarat,West,2022-05-20
323,Priya Nair,Other,43,Hyderabad,Telangana,South,2023-07-13
324,Sanjay Das,Female,41,Mumbai,Maharashtra,West,2022-05-19
325,Ishita Bhat,Male,27,Hubballi,Karnataka,South,2024-04-24
326,Ishita Pillai,Female,34,Hubballi,Karnataka,South,2023-11-21
327,Amit Nair,Male,53,Delhi,Delhi,North,2022-01-10
328,Ishita Hegde,Male,53,Bhubaneswar,Odisha,East,2024-06-16
329,Vivaan Mishra,Other,28,Delhi,Delhi,North,2022-01-13
330,Amit Joshi,Other,36,Pune,Maharashtra,West,2022-11-25
331,Diya Joshi,Other,33,Kolkata,West Bengal,East,2024-02-24
332,Riya Hegde,Other,23,Hubballi,Karnataka,South,2025-01-23
333,Rohan Rao,Other,28,Kolkata,West Bengal,East,2022-11-14
334,Vivaan Nair,Female,49,Jaipur,Rajasthan,North,2023-01-11
335,Priya Iyer,Other,28,Bengaluru,Karnataka,South,2025-03-06
336,Aditya Nair,Female,21,Mangaluru,Karnataka,South,2023-05-28
337,Kavya Singh,Male,39,Lucknow,Uttar Pradesh,North,2024-07-06
338,Sneha Iyer,Other,40,Mangaluru,Karnataka,South,2024-03-08
339,Sanjay Singh,Female,28,Ahmedabad,Gujarat,West,2023-12-26
340,Nisha Nair,Other,27,Kochi,Kerala,South,2022-03-19
341,Ananya Rao,Female,42,Bhubaneswar,Odisha,East,2023-07-28
342,Rohan Joshi,Other,30,Mysuru,Karnataka,South,2022-03-30
343,Ishita Kulkarni,Female,31,Lucknow,Uttar Pradesh,North,2023-02-06
344,Ishita Sharma,Female,47,Mysuru,Karnataka,South,2024-03-10
345,Arjun Das,Female,18,Ahmedabad,Gujarat,West,2023-02-26
346,Sanjay Pillai,Female,49,Jaipur,Rajasthan,North,2024-09-19
347,Diya Rao,Other,21,Bhubaneswar,Odisha,East,2023-10-27
348,Nisha Sharma,Other,18,Hubballi,Karnataka,South,2024-03-31
349,Sneha Shetty,Other,25,Kochi,Kerala,South,2022-04-14
350,Aditya Das,Other,36,Hubballi,Karnataka,South,2023-08-02
351,Kavya Rao,Male,43,Chennai,Tamil Nadu,South,2023-01-26
352,Vivaan Nair,Female,44,Bengaluru,Karnataka,South,2024-11-04
353,Arjun Joshi,Other,35,Mysuru,Karnataka,South,2023-04-23
354,Ishita Das,Female,36,Mangaluru,Karnataka,South,2023-07-04
355,Sneha Verma,Other,43,Jaipur,Rajasthan,North,2025-01-25
356,Rohan Verma,Other,41,Lucknow,Uttar Pradesh,North,2022-10-16
357,Nisha Mishra,Female,49,Mysuru,Karnataka,South,2022-07-15
358,Vivaan Iyer,Male,38,Chennai,Tamil Nadu,South,2024-05-14
359,Meera Joshi,Female,46,Pune,Maharashtra,West,2025-02-15
360,Diya Kulkarni,Other,29,Mysuru,Karnataka,South,2025-03-26
361,Vivaan Menon,Female,48,Hyderabad,Telangana,South,2022-02-16
362,Arjun Das,Male,29,Hubballi,Karnataka,South,2022-04-05
363,Karan Mishra,Male,38,Jaipur,Rajasthan,North,2023-09-19
364,Ananya Joshi,Male,52,Bengaluru,Karnataka,South,2022-03-10
365,Priya Gupta,Male,32,Kolkata,West Bengal,East,2022-01-11
366,Sneha Gupta,Other,37,Bhubaneswar,Odisha,East,2025-03-03
367,Vikram Shetty,Male,18,Hubballi,Karnataka,South,2023-12-13
368,Riya Sharma,Female,27,Kolkata,West Bengal,East,2022-12-29
369,Rohan Kumar,Other,31,Bhubaneswar,Odisha,East,2023-01-31
370,Rahul Rao,Other,29,Chennai,Tamil Nadu,South,2024-04-07
371,Aarav Kumar,Male,35,Bhubaneswar,Odisha,East,2023-11-14
372,Vikram Pillai,Female,41,Hyderabad,Telangana,South,2025-03-02
373,Rahul Hegde,Male,27,Bengaluru,Karnataka,South,2024-06-06
374,Kavya Naik,Male,47,Mangaluru,Karnataka,South,2024-10-10
375,Aditya Bhat,Female,35,Lucknow,Uttar Pradesh,North,2022-02-20
376,Diya Naik,Other,35,Kolkata,West Bengal,East,2024-02-18
377,Meera Naik,Male,27,Mysuru,Karnataka,South,2024-03-24
378,Vivaan Naik,Female,29,Delhi,Delhi,North,2023-02-24
379,Aarav Patel,Female,59,Pune,Maharashtra,West,2024-09-09
380,Ishita Verma,Other,39,Bhubaneswar,Odisha,East,2023-10-23
381,Nisha Das,Male,26,Mysuru,Karnataka,South,2024-08-26
382,Aditya Shetty,Other,40,Kochi,Kerala,South,2022-11-09
383,Aditya Kumar,Female,24,Mangaluru,Karnataka,South,2022-04-27
384,Priya Kulkarni,Other,36,Delhi,Delhi,North,2022-09-01
385,Ishita Mishra,Other,18,Hyderabad,Telangana,South,2023-06-21
386,Meera Naik,Other,18,Chennai,Tamil Nadu,South,2022-12-13
387,Arjun Rao,Other,31,Mumbai,Maharashtra,West,2023-10-02
388,Sneha Gupta,Female,18,Jaipur,Rajasthan,North,2023-10-26
389,Vikram Verma,Female,18,Pune,Maharashtra,West,2022-01-25
390,Meera Menon,Female,33,Bhubaneswar,Odisha,East,2025-03-30
391,Arjun Shetty,Female,26,Lucknow,Uttar Pradesh,North,2022-06-26
392,Sanjay Iyer,Male,43,Hyderabad,Telangana,South,2023-10-28
393,Nisha Reddy,Male,34,Jaipur,Rajasthan,North,2022-06-05
394,Aditya Reddy,Female,19,Bhubaneswar,Odisha,East,2024-04-28
395,Diya Kumar,Other,56,Mysuru,Karnataka,South,2025-01-12
396,Priya Kulkarni,Other,18,Bengaluru,Karnataka,South,2022-12-08
397,Arjun Verma,Female,20,Hyderabad,Telangana,South,2023-04-21
398,Kavya Patel,Female,35,Bhubaneswar,Odisha,East,2022-11-23
399,Amit Iyer,Male,20,Delhi,Delhi,North,2025-03-10
400,Pooja Gupta,Male,18,Delhi,Delhi,North,2024-08-09
401,Nisha Joshi,Male,29,Jaipur,Rajasthan,North,2023-12-24
402,Sneha Iyer,Male,18,Hyderabad,Telangana,South,2023-03-05
403,Sanjay Pillai,Male,37,Kolkata,West Bengal,East,2022-10-13
404,Kavya Kulkarni,Other,45,Kolkata,West Bengal,East,2024-02-08
405,Sneha Sharma,Other,36,Delhi,Delhi,North,2023-08-13
406,Sanjay Sharma,Male,52,Kochi,Kerala,South,2023-05-17
407,Amit Shetty,Female,28,Chennai,Tamil Nadu,South,2024-09-14
408,Rahul Kumar,Other,18,Bengaluru,Karnataka,South,2024-08-04
409,Ishita Reddy,Male,31,Jaipur,Rajasthan,North,2024-04-10
410,Aarav Reddy,Other,26,Lucknow,Uttar Pradesh,North,2022-02-24
411,Karan Menon,Female,39,Ahmedabad,Gujarat,West,2024-03-10
412,Ananya Singh,Female,31,Pune,Maharashtra,West,2022-06-11
413,Ananya Pillai,Other,31,Chennai,Tamil Nadu,South,2022-03-28
414,Vivaan Kumar,Male,44,Mysuru,Karnataka,South,2022-11-09
415,Riya Patel,Other,26,Kolkata,West Bengal,East,2024-01-29
416,Sanjay Das,Other,27,Mysuru,Karnataka,South,2022-11-24
417,Nisha Mishra,Female,42,Mumbai,Maharashtra,West,2024-12-13
418,Sanjay Gupta,Other,18,Mumbai,Maharashtra,West,2024-12-10
419,Diya Verma,Male,42,Mysuru,Karnataka,South,2024-10-03
420,Priya Bhat,Other,40,Chennai,Tamil Nadu,South,2025-01-16
421,Amit Patel,Male,46,Jaipur,Rajasthan,North,2025-01-06
422,Riya Patel,Male,38,Mumbai,Maharashtra,West,2023-03-28
423,Amit Gupta,Male,31,Hubballi,Karnataka,South,2022-06-14
424,Sanjay Nair,Female,23,Kolkata,West Bengal,East,2024-04-02
425,Aarav Bhat,Other,36,Mysuru,Karnataka,South,2024-08-01
426,Rahul Kumar,Female,26,Mumbai,Maharashtra,West,2022-05-31
427,Vikram Naik,Other,18,Ahmedabad,Gujarat,West,2025-01-13
428,Diya Reddy,Female,51,Bhubaneswar,Odisha,East,2023-05-29
429,Vivaan Verma,Male,19,Bhubaneswar,Odisha,East,2024-03-25
430,Aditya Shetty,Other,45,Pune,Maharashtra,West,2024-10-19
431,Priya Menon,Other,18,Mumbai,Maharashtra,West,2023-12-08
432,Kavya Nair,Male,40,Jaipur,Rajasthan,North,2022-09-18
433,Aarav Shetty,Male,46,Mumbai,Maharashtra,West,2024-03-15
434,Riya Das,Other,18,Kolkata,West Bengal,East,2024-12-12
435,Diya Reddy,Female,30,Kochi,Kerala,South,2024-07-28
436,Arjun Joshi,Female,36,Bhubaneswar,Odisha,East,2025-03-27
437,Ishita Naik,Male,33,Delhi,Delhi,North,2023-09-24
438,Amit Shetty,Male,37,Mumbai,Maharashtra,West,2024-01-06
439,Rahul Reddy,Other,56,Hyderabad,Telangana,South,2023-12-22
440,Arjun Naik,Other,18,Jaipur,Rajasthan,North,2023-06-05
441,Diya Iyer,Other,26,Hubballi,Karnataka,South,2023-07-06
442,Rohan Joshi,Male,50,Bhubaneswar,Odisha,East,2023-05-09
443,Sanjay Gupta,Male,45,Mangaluru,Karnataka,South,2022-01-04
444,Rohan Reddy,Male,45,Delhi,Delhi,North,2024-04-17
445,Nisha Das,Other,47,Kolkata,West Bengal,East,2025-03-15
446,Priya Das,Other,35,Kolkata,West Bengal,East,2022-02-10
447,Priya Mishra,Female,32,Kochi,Kerala,South,2024-07-22
448,Ananya Kumar,Female,27,Bhubaneswar,Odisha,East,2024-09-24
449,Nisha Das,Other,36,Mysuru,Karnataka,South,2023-08-11
450,Sanjay Pillai,Male,43,Chennai,Tamil Nadu,South,2022-09-25
451,Pooja Reddy,Female,18,Hyderabad,Telangana,South,2024-03-31
452,Meera Patel,Male,21,Pune,Maharashtra,West,2023-09-26
453,Amit Reddy,Other,39,Hyderabad,Telangana,South,2022-05-10
454,Aditya Mishra,Other,26,Bhubaneswar,Odisha,East,2024-03-29
455,Ishita Das,Other,19,Ahmedabad,Gujarat,West,2023-11-24
456,Vivaan Das,Other,39,Ahmedabad,Gujarat,West,2022-05-29
457,Karan Shetty,Other,47,Jaipur,Rajasthan,North,2022-01-11
458,Pooja Kumar,Male,25,Pune,Maharashtra,West,2024-03-17
459,Arjun Shetty,Other,24,Pune,Maharashtra,West,2024-01-14
460,Pooja Singh,Male,60,Mysuru,Karnataka,South,2023-09-15
461,Meera Das,Other,34,Hubballi,Karnataka,South,2023-10-26
462,Riya Singh,Female,35,Ahmedabad,Gujarat,West,2024-01-21
463,Amit Menon,Female,36,Hyderabad,Telangana,South,2025-03-17
464,Ananya Mishra,Male,31,Kolkata,West Bengal,East,2024-08-15
465,Ananya Reddy,Female,37,Kolkata,West Bengal,East,2022-12-31
466,Sneha Menon,Female,23,Mysuru,Karnataka,South,2022-03-14
467,Riya Kumar,Female,23,Chennai,Tamil Nadu,South,2023-12-14
468,Priya Kumar,Female,18,Mysuru,Karnataka,South,2022-03-02
469,Ishita Kumar,Other,24,Chennai,Tamil Nadu,South,2024-07-27
470,Aditya Nair,Other,57,Lucknow,Uttar Pradesh,North,2022-05-11
471,Ananya Kumar,Other,23,Mumbai,Maharashtra,West,2022-04-18
472,Pooja Reddy,Other,43,Lucknow,Uttar Pradesh,North,2024-05-15
473,Kavya Naik,Female,26,Jaipur,Rajasthan,North,2023-06-08
474,Diya Nair,Male,31,Bengaluru,Karnataka,South,2024-03-27
475,Ananya Bhat,Male,40,Hubballi,Karnataka,South,2024-08-14
476,Rohan Kumar,Male,44,Hubballi,Karnataka,South,2022-01-12
477,Arjun Naik,Other,40,Chennai,Tamil Nadu,South,2022-08-04
478,Pooja Patel,Other,46,Bhubaneswar,Odisha,East,2025-01-09
479,Riya Kumar,Other,34,Hyderabad,Telangana,South,2023-01-09
480,Rohan Singh,Male,34,Mumbai,Maharashtra,West,2023-04-11
481,Riya Singh,Other,47,Bhubaneswar,Odisha,East,2025-01-17
482,Vivaan Verma,Female,44,Pune,Maharashtra,West,2023-05-04
483,Vikram Das,Other,35,Jaipur,Rajasthan,North,2022-02-16
484,Meera Joshi,Other,28,Chennai,Tamil Nadu,South,2023-02-05
485,Amit Bhat,Male,18,Hubballi,Karnataka,South,2024-09-07
486,Priya Das,Female,31,Hyderabad,Telangana,South,2022-12-01
487,Amit Menon,Other,25,Kolkata,West Bengal,East,2023-09-21
488,Kavya Singh,Male,40,Ahmedabad,Gujarat,West,2024-04-06
489,Riya Kumar,Female,40,Kolkata,West Bengal,East,2023-12-28
490,Nisha Iyer,Other,41,Bengaluru,Karnataka,South,2023-01-07
491,Arjun Naik,Male,47,Kochi,Kerala,South,2024-07-23
492,Aditya Singh,Female,18,Chennai,Tamil Nadu,South,2023-09-07
493,Pooja Kumar,Female,43,Pune,Maharashtra,West,2025-03-28
494,Vikram Das,Female,18,Mysuru,Karnataka,South,2025-01-26
495,Aarav Verma,Male,23,Kochi,Kerala,South,2022-05-11
496,Pooja Iyer,Male,46,Mumbai,Maharashtra,West,2022-07-02
497,Aditya Iyer,Male,32,Mumbai,Maharashtra,West,2024-09-09
498,Ananya Rao,Other,29,Bengaluru,Karnataka,South,2023-05-12
499,Ananya Kumar,Male,44,Jaipur,Rajasthan,North,2024-09-08
500,Amit Bhat,Other,19,Bengaluru,Karnataka,South,2022-01-16
501,Rohan Bhat,Female,20,Bhubaneswar,Odisha,East,2023-05-08
502,Aarav Reddy,Male,39,Delhi,Delhi,North,2022-11-07
503,Karan Kumar,Other,34,Chennai,Tamil Nadu,South,2024-01-09
504,Riya Naik,Female,44,Lucknow,Uttar Pradesh,North,2024-11-28
505,Amit Joshi,Female,46,Mysuru,Karnataka,South,2024-03-24
506,Vivaan Joshi,Female,27,Mysuru,Karnataka,South,2023-04-22
507,Riya Das,Male,56,Jaipur,Rajasthan,North,2022-11-14
508,Nisha Mishra,Other,30,Mysuru,Karnataka,South,2023-01-12
509,Pooja Pillai,Male,31,Bengaluru,Karnataka,South,2022-09-23
510,Rohan Nair,Female,27,Lucknow,Uttar Pradesh,North,2022-12-06
511,Riya Iyer,Male,18,Bengaluru,Karnataka,South,2023-01-24
512,Kavya Singh,Other,31,Delhi,Delhi,North,2022-11-20
513,Aditya Naik,Female,18,Jaipur,Rajasthan,North,2022-05-26
514,Pooja Kulkarni,Other,21,Mysuru,Karnataka,South,2024-08-21
515,Pooja Kulkarni,Male,39,Kolkata,West Bengal,East,2025-03-09
516,Nisha Patel,Other,18,Mumbai,Maharashtra,West,2024-03-17
517,Diya Hegde,Other,33,Mumbai,Maharashtra,West,2022-01-11
518,Diya Reddy,Female,34,Bengaluru,Karnataka,South,2024-06-03
519,Arjun Pillai,Other,28,Hubballi,Karnataka,South,2025-02-04
520,Ananya Kumar,Male,28,Kolkata,West Bengal,East,2024-01-23
521,Sneha Shetty,Other,27,Hyderabad,Telangana,South,2023-05-21
522,Meera Bhat,Other,45,Mangaluru,Karnataka,South,2022-02-23
523,Rohan Reddy,Other,34,Mangaluru,Karnataka,South,2024-12-06
524,Meera Patel,Female,19,Kolkata,West Bengal,East,2024-11-09
525,Vivaan Gupta,Male,41,Hubballi,Karnataka,South,2023-02-23
526,Amit Naik,Female,44,Hyderabad,Telangana,South,2022-08-04
527,Sneha Bhat,Female,28,Bhubaneswar,Odisha,East,2022-01-03
528,Karan Nair,Female,40,Bengaluru,Karnataka,South,2025-02-17
529,Vivaan Shetty,Female,57,Bhubaneswar,Odisha,East,2024-06-11
530,Diya Verma,Female,43,Mysuru,Karnataka,South,2024-08-09
531,Meera Menon,Female,39,Lucknow,Uttar Pradesh,North,2023-09-27
532,Nisha Bhat,Female,44,Mangaluru,Karnataka,South,2024-08-12
533,Pooja Hegde,Male,31,Kochi,Kerala,South,2024-09-10
534,Kavya Reddy,Female,35,Lucknow,Uttar Pradesh,North,2024-07-02
535,Rahul Kulkarni,Female,43,Delhi,Delhi,North,2023-03-30
536,Arjun Reddy,Female,34,Hyderabad,Telangana,South,2024-11-29
537,Amit Nair,Female,18,Jaipur,Rajasthan,North,2022-02-09
538,Kavya Singh,Other,38,Delhi,Delhi,North,2022-08-04
539,Diya Das,Male,30,Pune,Maharashtra,West,2025-03-16
540,Diya Mishra,Female,39,Lucknow,Uttar Pradesh,North,2023-07-25
541,Vivaan Reddy,Other,42,Chennai,Tamil Nadu,South,2024-03-26
542,Ishita Iyer,Other,39,Jaipur,Rajasthan,North,2025-04-08
543,Rahul Sharma,Male,47,Kolkata,West Bengal,East,2022-12-22
544,Riya Das,Male,40,Bhubaneswar,Odisha,East,2022-01-07
545,Aditya Joshi,Other,30,Mangaluru,Karnataka,South,2022-05-13
546,Diya Menon,Other,25,Hyderabad,Telangana,South,2022-03-23
547,Riya Kumar,Other,49,Bengaluru,Karnataka,South,2022-12-22
548,Diya Iyer,Female,37,Pune,Maharashtra,West,2022-10-22
549,Aditya Pillai,Male,40,Kolkata,West Bengal,East,2024-12-05
550,Diya Menon,Female,18,Ahmedabad,Gujarat,West,2022-12-26
551,Sanjay Joshi,Male,40,Jaipur,Rajasthan,North,2024-05-15
552,Rahul Bhat,Other,55,Bengaluru,Karnataka,South,2023-11-06
553,Sneha Rao,Female,36,Mumbai,Maharashtra,West,2024-10-04
554,Sanjay Das,Male,29,Kolkata,West Bengal,East,2023-08-09
555,Amit Bhat,Male,46,Delhi,Delhi,North,2024-09-20
556,Rohan Reddy,Female,19,Mysuru,Karnataka,South,2022-02-06
557,Meera Reddy,Other,28,Mangaluru,Karnataka,South,2024-09-15
558,Ananya Iyer,Other,38,Bhubaneswar,Odisha,East,2023-04-29
559,Sneha Kulkarni,Female,38,Mysuru,Karnataka,South,2024-01-01
560,Amit Singh,Other,27,Kochi,Kerala,South,2023-02-05
561,Rahul Iyer,Other,45,Lucknow,Uttar Pradesh,North,2024-06-04
562,Arjun Gupta,Male,18,Hubballi,Karnataka,South,2022-07-29
563,Nisha Sharma,Female,54,Hubballi,Karnataka,South,2022-11-02
564,Priya Iyer,Female,26,Ahmedabad,Gujarat,West,2024-08-05
565,Sneha Kumar,Other,27,Kolkata,West Bengal,East,2023-01-16
566,Aditya Reddy,Female,32,Kochi,Kerala,South,2024-11-22
567,Nisha Naik,Female,49,Mumbai,Maharashtra,West,2024-05-28
568,Kavya Pillai,Male,33,Kolkata,West Bengal,East,2023-07-24
569,Ananya Reddy,Female,21,Mangaluru,Karnataka,South,2024-01-08
570,Pooja Iyer,Male,32,Pune,Maharashtra,West,2024-06-05
571,Sneha Pillai,Male,23,Kochi,Kerala,South,2024-03-07
572,Rohan Verma,Other,41,Kolkata,West Bengal,East,2025-02-27
573,Vivaan Rao,Other,29,Kochi,Kerala,South,2024-08-31
574,Amit Singh,Male,30,Mangaluru,Karnataka,South,2024-04-28
575,Vikram Iyer,Other,18,Hyderabad,Telangana,South,2024-01-18
576,Amit Reddy,Female,28,Kochi,Kerala,South,2023-07-24
577,Sneha Hegde,Male,26,Hubballi,Karnataka,South,2024-07-22
578,Amit Mishra,Other,27,Jaipur,Rajasthan,North,2024-10-05
579,Pooja Singh,Other,39,Mysuru,Karnataka,South,2024-03-03
580,Rohan Singh,Other,51,Delhi,Delhi,North,2023-05-07
581,Riya Shetty,Other,21,Delhi,Delhi,North,2022-07-27
582,Aarav Reddy,Male,35,Bengaluru,Karnataka,South,2024-09-11
583,Priya Hegde,Other,39,Jaipur,Rajasthan,North,2023-06-04
584,Priya Verma,Other,38,Hubballi,Karnataka,South,2022-07-18
585,Aarav Bhat,Other,27,Jaipur,Rajasthan,North,2023-01-22
586,Amit Nair,Female,43,Ahmedabad,Gujarat,West,2023-01-13
587,Ishita Nair,Female,32,Hubballi,Karnataka,South,2024-06-17
588,Vivaan Singh,Female,20,Mysuru,Karnataka,South,2024-01-04
589,Nisha Das,Male,50,Mumbai,Maharashtra,West,2022-07-25
590,Riya Kumar,Female,49,Hyderabad,Telangana,South,2023-06-05
591,Ananya Iyer,Female,38,Bhubaneswar,Odisha,East,2024-10-13
592,Diya Naik,Other,24,Mangaluru,Karnataka,South,2023-05-16
593,Ananya Joshi,Female,19,Mysuru,Karnataka,South,2022-04-27
594,Sanjay Das,Male,53,Mysuru,Karnataka,South,2024-12-23
595,Arjun Patel,Female,29,Mangaluru,Karnataka,South,2023-12-22
596,Riya Verma,Male,18,Mumbai,Maharashtra,West,2023-08-30
597,Rahul Shetty,Other,44,Bhubaneswar,Odisha,East,2022-06-15
598,Ananya Gupta,Male,23,Lucknow,Uttar Pradesh,North,2024-03-11
599,Pooja Das,Female,36,Pune,Maharashtra,West,2022-04-12
600,Amit Bhat,Male,38,Kochi,Kerala,South,2025-01-16
601,Ishita Naik,Female,35,Mysuru,Karnataka,South,2023-02-05
602,Karan Pillai,Female,24,Hubballi,Karnataka,South,2023-08-15
603,Vivaan Nair,Female,27,Bengaluru,Karnataka,South,2025-01-14
604,Nisha Nair,Other,22,Delhi,Delhi,North,2024-07-24
605,Arjun Verma,Male,36,Bengaluru,Karnataka,South,2022-08-30
606,Sanjay Iyer,Female,18,Kochi,Kerala,South,2024-03-11
607,Vivaan Menon,Male,32,Hyderabad,Telangana,South,2023-08-12
608,Sneha Gupta,Female,26,Delhi,Delhi,North,2022-07-13
609,Amit Reddy,Female,51,Ahmedabad,Gujarat,West,2025-04-04
610,Meera Kulkarni,Female,40,Ahmedabad,Gujarat,West,2022-05-23
611,Riya Mishra,Male,35,Bhubaneswar,Odisha,East,2024-09-20
612,Arjun Menon,Female,31,Mangaluru,Karnataka,South,2022-11-13
613,Ananya Kulkarni,Female,34,Kolkata,West Bengal,East,2023-09-27
614,Rohan Gupta,Other,27,Kolkata,West Bengal,East,2023-12-17
615,Ishita Naik,Male,44,Ahmedabad,Gujarat,West,2025-01-12
616,Vivaan Kumar,Other,28,Bengaluru,Karnataka,South,2022-01-07
617,Nisha Naik,Female,35,Hyderabad,Telangana,South,2023-04-04
618,Riya Naik,Male,43,Mangaluru,Karnataka,South,2022-01-22
619,Riya Shetty,Male,28,Hyderabad,Telangana,South,2023-02-14
620,Riya Nair,Other,33,Mumbai,Maharashtra,West,2024-05-23
621,Pooja Naik,Other,27,Hyderabad,Telangana,South,2022-01-14
622,Priya Nair,Female,29,Pune,Maharashtra,West,2022-05-02
623,Aarav Iyer,Female,39,Bhubaneswar,Odisha,East,2025-03-16
624,Arjun Verma,Other,28,Jaipur,Rajasthan,North,2023-11-26
625,Aarav Mishra,Female,63,Chennai,Tamil Nadu,South,2022-10-15
626,Priya Pillai,Male,33,Chennai,Tamil Nadu,South,2024-07-02
627,Vivaan Pillai,Female,39,Lucknow,Uttar Pradesh,North,2023-10-24
628,Pooja Mishra,Female,18,Mangaluru,Karnataka,South,2024-12-18
629,Vikram Patel,Other,40,Mangaluru,Karnataka,South,2024-07-12
630,Arjun Gupta,Male,23,Lucknow,Uttar Pradesh,North,2022-04-03
631,Ananya Verma,Male,30,Pune,Maharashtra,West,2022-12-19
632,Karan Verma,Other,37,Mumbai,Maharashtra,West,2022-06-08
633,Riya Bhat,Other,37,Kolkata,West Bengal,East,2024-08-14
634,Vivaan Kumar,Other,44,Lucknow,Uttar Pradesh,North,2024-01-02
635,Sneha Shetty,Other,65,Hubballi,Karnataka,South,2023-06-16
636,Pooja Menon,Female,37,Pune,Maharashtra,West,2024-08-04
637,Meera Kulkarni,Female,29,Mangaluru,Karnataka,South,2023-08-31
638,Diya Hegde,Other,34,Ahmedabad,Gujarat,West,2024-05-15
639,Karan Joshi,Female,47,Pune,Maharashtra,West,2023-08-01
640,Amit Joshi,Female,38,Ahmedabad,Gujarat,West,2022-10-22
641,Amit Gupta,Other,42,Kolkata,West Bengal,East,2024-01-25
642,Nisha Shetty,Female,35,Lucknow,Uttar Pradesh,North,2023-06-14
643,Sneha Hegde,Female,27,Hyderabad,Telangana,South,2022-01-21
644,Priya Kulkarni,Female,37,Mysuru,Karnataka,South,2022-04-10
645,Ishita Iyer,Male,50,Kochi,Kerala,South,2024-01-22
646,Vivaan Nair,Other,46,Chennai,Tamil Nadu,South,2023-06-10
647,Diya Das,Other,18,Mysuru,Karnataka,South,2022-11-30
648,Nisha Gupta,Male,37,Chennai,Tamil Nadu,South,2024-10-01
649,Sneha Hegde,Other,39,Bhubaneswar,Odisha,East,2023-07-07
650,Sanjay Kumar,Male,30,Lucknow,Uttar Pradesh,North,2022-01-14
651,Priya Joshi,Male,52,Delhi,Delhi,North,2023-05-19
652,Pooja Joshi,Other,42,Bengaluru,Karnataka,South,2024-04-17
653,Vivaan Rao,Female,37,Hubballi,Karnataka,South,2025-03-14
654,Nisha Rao,Other,33,Hyderabad,Telangana,South,2022-03-07
655,Rohan Sharma,Other,21,Kolkata,West Bengal,East,2025-04-01
656,Rahul Verma,Other,45,Kochi,Kerala,South,2023-04-05
657,Nisha Bhat,Other,26,Kochi,Kerala,South,2022-10-28
658,Amit Shetty,Female,26,Hubballi,Karnataka,South,2024-10-30
659,Vivaan Reddy,Other,34,Jaipur,Rajasthan,North,2023-09-22
660,Vikram Kulkarni,Other,21,Delhi,Delhi,North,2024-04-23
661,Vivaan Singh,Female,32,Lucknow,Uttar Pradesh,North,2024-05-11
662,Rahul Patel,Female,22,Kochi,Kerala,South,2024-08-29
663,Nisha Singh,Other,26,Kolkata,West Bengal,East,2023-05-28
664,Amit Patel,Male,20,Bhubaneswar,Odisha,East,2025-02-18
665,Priya Mishra,Male,42,Chennai,Tamil Nadu,South,2025-02-04
666,Ananya Nair,Female,46,Kochi,Kerala,South,2022-06-14
667,Sneha Naik,Female,37,Jaipur,Rajasthan,North,2022-11-01
668,Rohan Naik,Female,38,Kochi,Kerala,South,2022-06-05
669,Karan Rao,Female,28,Chennai,Tamil Nadu,South,2023-09-12
670,Meera Hegde,Other,34,Mangaluru,Karnataka,South,2022-11-30
671,Aarav Shetty,Female,41,Mangaluru,Karnataka,South,2024-08-26
672,Karan Singh,Other,34,Delhi,Delhi,North,2024-03-07
673,Ishita Verma,Other,32,Bhubaneswar,Odisha,East,2024-10-21
674,Aditya Menon,Other,23,Hyderabad,Telangana,South,2024-12-18
675,Rahul Kumar,Female,35,Mysuru,Karnataka,South,2024-04-16
676,Vikram Sharma,Female,25,Hyderabad,Telangana,South,2024-11-01
677,Vikram Das,Female,29,Mumbai,Maharashtra,West,2023-05-05
678,Amit Pillai,Other,18,Hyderabad,Telangana,South,2022-05-06
679,Aarav Hegde,Other,43,Delhi,Delhi,North,2022-08-05
680,Vikram Patel,Other,37,Hyderabad,Telangana,South,2023-05-10
681,Meera Nair,Male,54,Mysuru,Karnataka,South,2023-03-03
682,Pooja Nair,Other,32,Mumbai,Maharashtra,West,2022-05-31
683,Amit Iyer,Other,34,Mysuru,Karnataka,South,2023-01-19
684,Vikram Kumar,Female,35,Hubballi,Karnataka,South,2024-10-28
685,Meera Mishra,Female,26,Mangaluru,Karnataka,South,2022-05-09
686,Sneha Bhat,Other,38,Mumbai,Maharashtra,West,2023-06-01
687,Karan Joshi,Other,42,Kolkata,West Bengal,East,2022-03-27
688,Riya Reddy,Other,21,Kolkata,West Bengal,East,2025-02-16
689,Pooja Iyer,Male,33,Pune,Maharashtra,West,2023-03-03
690,Priya Rao,Male,54,Kochi,Kerala,South,2025-03-14
691,Sneha Naik,Male,29,Bhubaneswar,Odisha,East,2022-10-30
692,Sneha Kumar,Male,34,Delhi,Delhi,North,2022-12-11
693,Pooja Das,Male,35,Hyderabad,Telangana,South,2024-03-24
694,Karan Pillai,Female,41,Jaipur,Rajasthan,North,2024-12-12
695,Pooja Das,Male,18,Mysuru,Karnataka,South,2024-12-28
696,Rohan Naik,Female,43,Pune,Maharashtra,West,2024-10-06
697,Priya Patel,Other,44,Pune,Maharashtra,West,2023-12-05
698,Amit Sharma,Female,31,Pune,Maharashtra,West,2023-08-08
699,Aarav Gupta,Other,27,Chennai,Tamil Nadu,South,2023-08-12
700,Vivaan Verma,Female,30,Mysuru,Karnataka,South,2025-01-30
701,Aditya Kulkarni,Male,32,Lucknow,Uttar Pradesh,North,2023-05-09
702,Aditya Bhat,Male,41,Kochi,Kerala,South,2023-02-01
703,Kavya Singh,Male,41,Chennai,Tamil Nadu,South,2024-09-27
704,Kavya Iyer,Female,30,Kolkata,West Bengal,East,2024-04-01
705,Ishita Menon,Male,21,Pune,Maharashtra,West,2023-03-31
706,Sneha Kumar,Other,18,Jaipur,Rajasthan,North,2024-07-05
707,Diya Rao,Male,56,Bhubaneswar,Odisha,East,2024-04-07
708,Ishita Naik,Male,45,Ahmedabad,Gujarat,West,2024-01-06
709,Vikram Sharma,Male,50,Lucknow,Uttar Pradesh,North,2022-10-18
710,Meera Kulkarni,Female,44,Chennai,Tamil Nadu,South,2024-04-21
711,Ishita Joshi,Male,18,Ahmedabad,Gujarat,West,2024-08-19
712,Diya Kumar,Female,27,Pune,Maharashtra,West,2022-11-24
713,Arjun Patel,Other,34,Hubballi,Karnataka,South,2024-03-26
714,Riya Sharma,Male,22,Mumbai,Maharashtra,West,2024-09-01
715,Aditya Rao,Other,44,Hubballi,Karnataka,South,2024-02-22
716,Meera Mishra,Other,18,Bengaluru,Karnataka,South,2023-05-13
717,Vivaan Joshi,Other,41,Lucknow,Uttar Pradesh,North,2022-12-30
718,Ishita Das,Male,36,Bengaluru,Karnataka,South,2024-03-03
719,Karan Patel,Male,21,Ahmedabad,Gujarat,West,2023-12-16
720,Amit Joshi,Other,29,Ahmedabad,Gujarat,West,2022-05-21
721,Ananya Pillai,Other,29,Delhi,Delhi,North,2023-04-15
722,Ananya Joshi,Female,29,Kolkata,West Bengal,East,2024-08-21
723,Rohan Naik,Male,54,Kochi,Kerala,South,2024-10-04
724,Amit Hegde,Male,36,Mumbai,Maharashtra,West,2024-01-21
725,Priya Singh,Other,18,Ahmedabad,Gujarat,West,2025-03-25
726,Kavya Kulkarni,Female,37,Jaipur,Rajasthan,North,2023-11-01
727,Diya Menon,Other,27,Bengaluru,Karnataka,South,2022-01-02
728,Kavya Verma,Male,18,Hyderabad,Telangana,South,2022-12-16
729,Ishita Singh,Other,35,Chennai,Tamil Nadu,South,2025-02-05
730,Vikram Joshi,Female,20,Pune,Maharashtra,West,2024-08-16
731,Rohan Das,Male,28,Bhubaneswar,Odisha,East,2022-11-08
732,Kavya Verma,Other,39,Ahmedabad,Gujarat,West,2024-08-09
733,Rohan Menon,Male,25,Ahmedabad,Gujarat,West,2022-02-05
734,Karan Shetty,Other,32,Chennai,Tamil Nadu,South,2025-04-10
735,Meera Iyer,Male,35,Mysuru,Karnataka,South,2023-07-13
736,Karan Patel,Female,39,Ahmedabad,Gujarat,West,2025-02-15
737,Riya Mishra,Male,47,Mumbai,Maharashtra,West,2023-12-27
738,Aditya Gupta,Other,38,Bhubaneswar,Odisha,East,2022-01-10
739,Sneha Gupta,Female,45,Lucknow,Uttar Pradesh,North,2024-09-10
740,Ananya Nair,Male,30,Hubballi,Karnataka,South,2023-08-07
741,Karan Rao,Other,21,Hubballi,Karnataka,South,2022-06-01
742,Nisha Joshi,Other,27,Kolkata,West Bengal,East,2022-02-19
743,Karan Menon,Male,31,Delhi,Delhi,North,2023-10-26
744,Ananya Nair,Female,46,Ahmedabad,Gujarat,West,2024-05-06
745,Sneha Iyer,Female,28,Pune,Maharashtra,West,2022-05-26
746,Diya Naik,Female,38,Chennai,Tamil Nadu,South,2022-08-30
747,Arjun Bhat,Female,39,Pune,Maharashtra,West,2023-08-04
748,Karan Iyer,Female,26,Kochi,Kerala,South,2023-11-04
749,Vivaan Pillai,Male,20,Mumbai,Maharashtra,West,2023-09-23
750,Rohan Sharma,Female,35,Lucknow,Uttar Pradesh,North,2024-03-15
751,Priya Pillai,Other,43,Ahmedabad,Gujarat,West,2023-02-23
752,Amit Kumar,Male,56,Mumbai,Maharashtra,West,2023-10-12
753,Vikram Menon,Other,48,Hyderabad,Telangana,South,2024-08-26
754,Vikram Bhat,Other,18,Bhubaneswar,Odisha,East,2024-07-09
755,Ananya Hegde,Female,40,Jaipur,Rajasthan,North,2024-02-09
756,Nisha Das,Male,18,Lucknow,Uttar Pradesh,North,2023-09-29
757,Diya Singh,Male,44,Lucknow,Uttar Pradesh,North,2025-04-05
758,Sneha Bhat,Male,28,Lucknow,Uttar Pradesh,North,2025-01-30
759,Sneha Patel,Other,35,Kochi,Kerala,South,2023-07-08
760,Aditya Patel,Male,36,Bengaluru,Karnataka,South,2022-02-05
761,Rohan Joshi,Male,45,Mumbai,Maharashtra,West,2024-01-14
762,Rohan Sharma,Male,51,Lucknow,Uttar Pradesh,North,2022-03-14
763,Meera Iyer,Male,19,Ahmedabad,Gujarat,West,2023-10-10
764,Riya Bhat,Other,21,Delhi,Delhi,North,2024-09-25
765,Aarav Sharma,Other,46,Pune,Maharashtra,West,2023-12-09
766,Kavya Sharma,Male,31,Ahmedabad,Gujarat,West,2024-08-13
767,Sanjay Kulkarni,Female,35,Ahmedabad,Gujarat,West,2023-06-01
768,Pooja Verma,Male,27,Bengaluru,Karnataka,South,2024-02-15
769,Arjun Naik,Male,18,Mysuru,Karnataka,South,2022-03-08
770,Karan Mishra,Other,37,Hubballi,Karnataka,South,2022-12-08
771,Diya Hegde,Female,50,Chennai,Tamil Nadu,South,2025-02-27
772,Diya Menon,Female,38,Mysuru,Karnataka,South,2022-04-26
773,Vikram Joshi,Female,39,Delhi,Delhi,North,2023-10-24
774,Aditya Patel,Male,34,Jaipur,Rajasthan,North,2022-10-14
775,Ishita Menon,Other,30,Mumbai,Maharashtra,West,2024-10-13
776,Vivaan Sharma,Other,22,Pune,Maharashtra,West,2023-11-01
777,Aditya Bhat,Female,18,Mangaluru,Karnataka,South,2023-09-25
778,Ananya Pillai,Male,29,Jaipur,Rajasthan,North,2022-12-14
779,Pooja Patel,Male,34,Kochi,Kerala,South,2023-09-19
780,Priya Bhat,Female,41,Hubballi,Karnataka,South,2022-10-13
781,Aditya Hegde,Other,31,Bengaluru,Karnataka,South,2022-05-29
782,Vivaan Singh,Female,30,Delhi,Delhi,North,2023-04-01
783,Karan Pillai,Male,35,Bengaluru,Karnataka,South,2024-03-10
784,Ishita Reddy,Female,32,Kolkata,West Bengal,East,2024-01-08
785,Priya Joshi,Other,26,Mangaluru,Karnataka,South,2023-05-24
786,Ishita Kulkarni,Female,20,Bhubaneswar,Odisha,East,2022-12-07
787,Rohan Reddy,Other,34,Mumbai,Maharashtra,West,2024-02-09
788,Diya Patel,Male,41,Lucknow,Uttar Pradesh,North,2024-04-14
789,Vikram Reddy,Female,38,Mumbai,Maharashtra,West,2022-11-07
790,Riya Mishra,Female,28,Delhi,Delhi,North,2022-05-23
791,Ananya Sharma,Other,18,Kolkata,West Bengal,East,2022-12-08
792,Meera Bhat,Male,46,Chennai,Tamil Nadu,South,2022-01-12
793,Sneha Menon,Female,34,Hyderabad,Telangana,South,2023-07-15
794,Priya Menon,Male,33,Mangaluru,Karnataka,South,2025-03-27
795,Riya Nair,Male,30,Kolkata,West Bengal,East,2022-05-14
796,Aditya Reddy,Female,29,Lucknow,Uttar Pradesh,North,2022-03-14
797,Ishita Kumar,Other,22,Mangaluru,Karnataka,South,2023-02-03
798,Ananya Iyer,Male,30,Mumbai,Maharashtra,West,2022-05-10
799,Aarav Nair,Female,34,Mysuru,Karnataka,South,2024-07-19
800,Sanjay Rao,Male,33,Hyderabad,Telangana,South,2022-09-23
801,Rahul Verma,Female,18,Mysuru,Karnataka,South,2024-03-03
802,Sneha Naik,Female,31,Ahmedabad,Gujarat,West,2022-04-05
803,Aarav Reddy,Female,47,Mysuru,Karnataka,South,2024-04-12
804,Aditya Mishra,Other,39,Ahmedabad,Gujarat,West,2023-01-16
805,Ananya Menon,Male,26,Kolkata,West Bengal,East,2024-06-17
806,Kavya Menon,Male,37,Chennai,Tamil Nadu,South,2024-07-05
807,Sneha Joshi,Other,18,Lucknow,Uttar Pradesh,North,2024-09-20
808,Rahul Menon,Male,34,Ahmedabad,Gujarat,West,2025-04-11
809,Sanjay Nair,Female,33,Mangaluru,Karnataka,South,2024-11-01
810,Rohan Reddy,Male,38,Pune,Maharashtra,West,2023-06-27
811,Sanjay Verma,Female,30,Mumbai,Maharashtra,West,2024-04-25
812,Aditya Iyer,Female,40,Pune,Maharashtra,West,2023-03-23
813,Nisha Mishra,Other,18,Hubballi,Karnataka,South,2023-01-25
814,Meera Rao,Male,46,Hubballi,Karnataka,South,2022-10-14
815,Aarav Menon,Female,20,Chennai,Tamil Nadu,South,2024-10-07
816,Riya Menon,Female,36,Bhubaneswar,Odisha,East,2022-12-11
817,Ananya Verma,Other,50,Pune,Maharashtra,West,2023-10-04
818,Rohan Nair,Female,33,Delhi,Delhi,North,2024-12-15
819,Karan Bhat,Female,21,Delhi,Delhi,North,2023-04-02
820,Ishita Shetty,Female,31,Mangaluru,Karnataka,South,2022-05-29
821,Nisha Pillai,Male,27,Lucknow,Uttar Pradesh,North,2025-03-25
822,Ishita Hegde,Female,30,Hyderabad,Telangana,South,2025-01-08
823,Arjun Pillai,Male,34,Hyderabad,Telangana,South,2023-02-04
824,Sneha Singh,Other,26,Delhi,Delhi,North,2024-02-24
825,Sneha Sharma,Other,18,Kolkata,West Bengal,East,2022-04-11
826,Karan Das,Female,43,Pune,Maharashtra,West,2024-03-30
827,Aditya Verma,Other,18,Bhubaneswar,Odisha,East,2023-02-24
828,Rohan Nair,Male,43,Pune,Maharashtra,West,2024-12-22
829,Rohan Verma,Female,28,Chennai,Tamil Nadu,South,2024-02-07
830,Meera Mishra,Female,22,Mysuru,Karnataka,South,2022-04-02
831,Ishita Kulkarni,Other,39,Delhi,Delhi,North,2024-09-08
832,Kavya Kulkarni,Male,41,Kochi,Kerala,South,2023-08-21
833,Diya Kulkarni,Other,28,Kolkata,West Bengal,East,2023-05-25
834,Aditya Rao,Male,30,Jaipur,Rajasthan,North,2023-02-09
835,Diya Singh,Other,37,Jaipur,Rajasthan,North,2022-09-03
836,Vivaan Pillai,Other,47,Delhi,Delhi,North,2024-06-19
837,Ishita Shetty,Female,43,Jaipur,Rajasthan,North,2022-03-06
838,Aarav Rao,Female,29,Mysuru,Karnataka,South,2023-05-08
839,Pooja Naik,Other,20,Hubballi,Karnataka,South,2022-12-04
840,Priya Joshi,Female,26,Delhi,Delhi,North,2023-01-30
841,Ishita Das,Other,18,Hyderabad,Telangana,South,2023-12-04
842,Pooja Kumar,Female,33,Delhi,Delhi,North,2023-09-21
843,Nisha Rao,Female,29,Bengaluru,Karnataka,South,2023-05-25
844,Aditya Rao,Other,25,Mumbai,Maharashtra,West,2023-08-17
845,Diya Nair,Female,38,Mangaluru,Karnataka,South,2024-01-14
846,Karan Naik,Female,46,Pune,Maharashtra,West,2023-07-08
847,Nisha Rao,Female,36,Hyderabad,Telangana,South,2022-01-21
848,Meera Shetty,Male,26,Lucknow,Uttar Pradesh,North,2023-03-01
849,Vivaan Rao,Male,37,Chennai,Tamil Nadu,South,2022-05-09
850,Ananya Rao,Other,32,Bhubaneswar,Odisha,East,2022-08-20
851,Rahul Joshi,Other,33,Kolkata,West Bengal,East,2024-02-28
852,Sneha Singh,Female,47,Mangaluru,Karnataka,South,2024-02-15
853,Kavya Das,Male,47,Ahmedabad,Gujarat,West,2023-12-27
854,Ishita Singh,Male,49,Kolkata,West Bengal,East,2024-08-13
855,Kavya Menon,Male,33,Jaipur,Rajasthan,North,2024-05-05
856,Riya Gupta,Female,36,Lucknow,Uttar Pradesh,North,2024-10-28
857,Kavya Menon,Male,44,Delhi,Delhi,North,2024-04-24
858,Karan Gupta,Female,39,Lucknow,Uttar Pradesh,North,2023-10-26
859,Aditya Pillai,Male,20,Kolkata,West Bengal,East,2024-11-06
860,Sneha Singh,Female,24,Kolkata,West Bengal,East,2023-03-12
861,Karan Das,Male,23,Hyderabad,Telangana,South,2023-02-03
862,Nisha Naik,Other,18,Chennai,Tamil Nadu,South,2024-02-12
863,Riya Menon,Other,26,Hyderabad,Telangana,South,2022-12-16
864,Priya Rao,Female,32,Mumbai,Maharashtra,West,2023-01-03
865,Meera Mishra,Male,19,Hyderabad,Telangana,South,2022-12-26
866,Amit Mishra,Other,49,Bhubaneswar,Odisha,East,2024-08-03
867,Rohan Shetty,Male,36,Mysuru,Karnataka,South,2024-08-20
868,Amit Rao,Male,24,Hubballi,Karnataka,South,2022-06-18
869,Rohan Naik,Female,28,Hyderabad,Telangana,South,2022-08-05
870,Riya Kumar,Other,34,Mumbai,Maharashtra,West,2023-01-05
871,Kavya Singh,Female,33,Mumbai,Maharashtra,West,2022-05-29
872,Sneha Singh,Other,23,Jaipur,Rajasthan,North,2024-02-09
873,Nisha Nair,Male,42,Mangaluru,Karnataka,South,2023-01-09
874,Ananya Das,Other,33,Mangaluru,Karnataka,South,2024-06-10
875,Diya Sharma,Female,25,Bengaluru,Karnataka,South,2023-06-07
876,Karan Menon,Other,36,Mangaluru,Karnataka,South,2023-05-03
877,Nisha Verma,Other,54,Ahmedabad,Gujarat,West,2024-04-25
878,Kavya Das,Female,22,Pune,Maharashtra,West,2024-02-29
879,Aditya Pillai,Male,36,Mangaluru,Karnataka,South,2023-02-18
880,Vikram Nair,Male,39,Kolkata,West Bengal,East,2023-11-17
881,Vikram Kulkarni,Female,20,Chennai,Tamil Nadu,South,2022-04-23
882,Meera Pillai,Other,43,Mangaluru,Karnataka,South,2022-02-08
883,Nisha Kulkarni,Other,37,Kolkata,West Bengal,East,2023-05-12
884,Priya Rao,Female,18,Mysuru,Karnataka,South,2022-05-29
885,Sneha Iyer,Other,46,Kolkata,West Bengal,East,2024-10-18
886,Vivaan Das,Other,32,Bhubaneswar,Odisha,East,2022-08-26
887,Kavya Rao,Other,45,Hubballi,Karnataka,South,2023-10-09
888,Vikram Nair,Male,26,Bhubaneswar,Odisha,East,2023-06-18
889,Sanjay Iyer,Male,37,Pune,Maharashtra,West,2024-05-09
890,Arjun Joshi,Male,27,Pune,Maharashtra,West,2022-10-10
891,Priya Iyer,Other,24,Kolkata,West Bengal,East,2022-03-29
892,Kavya Singh,Other,18,Delhi,Delhi,North,2023-02-25
893,Karan Gupta,Male,25,Mangaluru,Karnataka,South,2023-11-27
894,Diya Kulkarni,Female,36,Delhi,Delhi,North,2022-01-23
895,Sneha Singh,Female,35,Delhi,Delhi,North,2023-02-17
896,Amit Nair,Other,25,Lucknow,Uttar Pradesh,North,2025-02-25
897,Pooja Rao,Male,36,Chennai,Tamil Nadu,South,2025-02-08
898,Kavya Patel,Female,21,Kolkata,West Bengal,East,2022-05-09
899,Rohan Kumar,Male,46,Bhubaneswar,Odisha,East,2023-05-30
900,Ananya Joshi,Other,29,Mangaluru,Karnataka,South,2023-04-18
901,Nisha Kumar,Other,41,Mumbai,Maharashtra,West,2024-10-30
902,Sanjay Verma,Female,39,Jaipur,Rajasthan,North,2024-07-11
903,Aditya Reddy,Female,45,Pune,Maharashtra,West,2024-12-25
904,Sanjay Iyer,Female,27,Ahmedabad,Gujarat,West,2023-05-15
905,Ananya Pillai,Male,19,Pune,Maharashtra,West,2024-07-20
906,Aditya Das,Other,22,Bhubaneswar,Odisha,East,2024-10-11
907,Diya Reddy,Other,25,Jaipur,Rajasthan,North,2024-12-29
908,Karan Verma,Male,18,Mumbai,Maharashtra,West,2024-11-09
909,Sanjay Shetty,Female,29,Pune,Maharashtra,West,2023-06-20
910,Sneha Pillai,Male,30,Hyderabad,Telangana,South,2024-04-01
911,Nisha Shetty,Other,45,Delhi,Delhi,North,2024-05-20
912,Vivaan Patel,Male,28,Kolkata,West Bengal,East,2024-11-09
913,Meera Sharma,Male,28,Jaipur,Rajasthan,North,2022-09-30
914,Rahul Das,Female,59,Kochi,Kerala,South,2023-06-10
915,Kavya Gupta,Other,41,Bengaluru,Karnataka,South,2022-12-02
916,Rohan Nair,Male,24,Kochi,Kerala,South,2024-02-05
917,Sanjay Reddy,Other,44,Bhubaneswar,Odisha,East,2023-06-20
918,Sanjay Reddy,Female,39,Hyderabad,Telangana,South,2022-06-08
919,Rahul Patel,Female,44,Jaipur,Rajasthan,North,2022-03-01
920,Amit Joshi,Female,19,Jaipur,Rajasthan,North,2022-07-30
921,Aditya Rao,Male,44,Jaipur,Rajasthan,North,2023-02-10
922,Nisha Reddy,Male,42,Hubballi,Karnataka,South,2024-09-24
923,Vikram Naik,Other,34,Delhi,Delhi,North,2025-02-14
924,Aarav Sharma,Other,48,Pune,Maharashtra,West,2023-03-08
925,Arjun Verma,Other,37,Hyderabad,Telangana,South,2024-01-10
926,Nisha Reddy,Male,28,Mangaluru,Karnataka,South,2023-04-26
927,Aditya Rao,Male,28,Mumbai,Maharashtra,West,2025-03-15
928,Diya Nair,Male,32,Hyderabad,Telangana,South,2023-04-21
929,Rohan Kumar,Male,41,Mumbai,Maharashtra,West,2024-02-02
930,Priya Sharma,Other,42,Ahmedabad,Gujarat,West,2025-02-15
931,Rahul Das,Female,52,Jaipur,Rajasthan,North,2022-06-10
932,Karan Kumar,Female,23,Lucknow,Uttar Pradesh,North,2024-12-06
933,Meera Gupta,Male,45,Delhi,Delhi,North,2023-02-03
934,Arjun Kumar,Male,30,Kochi,Kerala,South,2022-03-16
935,Ishita Iyer,Female,37,Delhi,Delhi,North,2022-05-17
936,Rohan Joshi,Female,34,Hyderabad,Telangana,South,2024-08-30
937,Aditya Joshi,Other,50,Jaipur,Rajasthan,North,2022-09-11
938,Riya Mishra,Female,41,Delhi,Delhi,North,2023-07-17
939,Aarav Nair,Male,28,Kolkata,West Bengal,East,2024-01-27
940,Riya Naik,Male,20,Ahmedabad,Gujarat,West,2022-02-18
941,Ishita Nair,Other,22,Lucknow,Uttar Pradesh,North,2024-07-05
942,Vikram Bhat,Female,18,Bengaluru,Karnataka,South,2023-09-30
943,Vikram Bhat,Other,31,Mysuru,Karnataka,South,2024-01-13
944,Aditya Naik,Male,24,Delhi,Delhi,North,2024-09-11
945,Ananya Kumar,Female,24,Hyderabad,Telangana,South,2023-07-02
946,Priya Verma,Female,24,Bhubaneswar,Odisha,East,2022-09-27
947,Rahul Bhat,Male,33,Ahmedabad,Gujarat,West,2023-09-24
948,Priya Reddy,Male,36,Bengaluru,Karnataka,South,2022-07-24
949,Karan Patel,Male,33,Chennai,Tamil Nadu,South,2023-08-05
950,Ishita Naik,Female,26,Kolkata,West Bengal,East,2023-08-19
951,Pooja Verma,Female,18,Jaipur,Rajasthan,North,2022-09-07
952,Ishita Reddy,Other,41,Lucknow,Uttar Pradesh,North,2023-11-21
953,Sneha Mishra,Male,36,Ahmedabad,Gujarat,West,2024-12-29
954,Aditya Nair,Male,34,Chennai,Tamil Nadu,South,2024-08-01
955,Karan Kumar,Other,45,Ahmedabad,Gujarat,West,2022-07-18
956,Ishita Pillai,Other,30,Hyderabad,Telangana,South,2024-06-14
957,Aditya Nair,Other,41,Kolkata,West Bengal,East,2022-05-22
958,Vikram Patel,Male,21,Mumbai,Maharashtra,West,2024-09-10
959,Kavya Rao,Female,38,Mysuru,Karnataka,South,2022-11-01
960,Riya Patel,Female,33,Delhi,Delhi,North,2023-01-19
961,Rahul Rao,Male,26,Jaipur,Rajasthan,North,2023-03-21
962,Rohan Sharma,Male,25,Lucknow,Uttar Pradesh,North,2022-11-23
963,Diya Naik,Other,44,Pune,Maharashtra,West,2023-08-21
964,Sanjay Singh,Female,60,Kolkata,West Bengal,East,2023-07-27
965,Sanjay Rao,Male,31,Mangaluru,Karnataka,South,2022-01-28
966,Kavya Hegde,Other,35,Hyderabad,Telangana,South,2022-06-26
967,Sanjay Pillai,Other,20,Mysuru,Karnataka,South,2023-06-13
968,Nisha Das,Other,39,Mysuru,Karnataka,South,2023-09-02
969,Vivaan Bhat,Other,38,Hyderabad,Telangana,South,2024-04-21
970,Diya Singh,Female,43,Mangaluru,Karnataka,South,2022-04-08
971,Arjun Pillai,Other,51,Kolkata,West Bengal,East,2025-03-13
972,Arjun Joshi,Other,23,Lucknow,Uttar Pradesh,North,2025-01-14
973,Aarav Patel,Male,34,Ahmedabad,Gujarat,West,2023-08-11
974,Vivaan Bhat,Female,26,Hubballi,Karnataka,South,2023-07-25
975,Rohan Singh,Male,27,Mumbai,Maharashtra,West,2023-09-03
976,Kavya Joshi,Female,26,Ahmedabad,Gujarat,West,2023-06-16
977,Kavya Shetty,Female,45,Hubballi,Karnataka,South,2025-03-23
978,Aditya Pillai,Female,26,Bhubaneswar,Odisha,East,2022-08-02
979,Pooja Patel,Male,37,Mysuru,Karnataka,South,2023-01-11
980,Pooja Patel,Female,25,Hubballi,Karnataka,South,2023-09-20
981,Meera Nair,Female,49,Mysuru,Karnataka,South,2023-08-27
982,Aditya Kulkarni,Female,37,Hyderabad,Telangana,South,2024-05-30
983,Diya Gupta,Female,25,Bengaluru,Karnataka,South,2023-03-23
984,Amit Mishra,Male,35,Delhi,Delhi,North,2024-12-03
985,Diya Pillai,Female,46,Pune,Maharashtra,West,2025-01-25
986,Karan Kulkarni,Male,29,Kolkata,West Bengal,East,2023-11-10
987,Aarav Verma,Male,25,Mangaluru,Karnataka,South,2023-08-24
988,Sneha Iyer,Other,31,Hubballi,Karnataka,South,2023-12-10
989,Aarav Shetty,Male,28,Bhubaneswar,Odisha,East,2022-11-03
990,Ishita Nair,Male,28,Kolkata,West Bengal,East,2022-01-08
991,Pooja Joshi,Female,37,Hubballi,Karnataka,South,2023-05-23
992,Vivaan Kumar,Other,47,Pune,Maharashtra,West,2024-12-31
993,Aditya Patel,Male,22,Chennai,Tamil Nadu,South,2023-07-21
994,Pooja Verma,Other,39,Kochi,Kerala,South,2022-08-26
995,Diya Das,Other,18,Kochi,Kerala,South,2025-02-01
996,Priya Rao,Other,44,Mysuru,Karnataka,South,2023-01-21
997,Ishita Reddy,Other,18,Mangaluru,Karnataka,South,2024-02-14
998,Vivaan Verma,Other,46,Delhi,Delhi,North,2022-10-10
999,Vikram Nair,Female,59,Mangaluru,Karnataka,South,2022-02-09
1000,Ananya Menon,Other,35,Bhubaneswar,Odisha,East,2024-10-11
1001,Ananya Shetty,Female,47,Bhubaneswar,Odisha,East,2024-10-20
1002,Vikram Reddy,Male,26,Chennai,Tamil Nadu,South,2023-11-19
1003,Priya Rao,Male,54,Mangaluru,Karnataka,South,2023-09-05
1004,Rahul Das,Female,23,Mysuru,Karnataka,South,2023-06-28
1005,Kavya Rao,Other,34,Hyderabad,Telangana,South,2023-10-11
1006,Karan Das,Female,48,Hyderabad,Telangana,South,2024-11-05
1007,Sanjay Rao,Male,36,Pune,Maharashtra,West,2025-02-26
1008,Amit Mishra,Male,33,Mangaluru,Karnataka,South,2023-11-01
1009,Ananya Kumar,Male,37,Hubballi,Karnataka,South,2022-09-26
1010,Vikram Iyer,Female,26,Lucknow,Uttar Pradesh,North,2022-05-11
1011,Vivaan Nair,Female,28,Ahmedabad,Gujarat,West,2022-12-19
1012,Rahul Sharma,Female,21,Bhubaneswar,Odisha,East,2022-08-15
1013,Meera Kulkarni,Other,21,Bhubaneswar,Odisha,East,2023-12-02
1014,Vikram Rao,Female,23,Ahmedabad,Gujarat,West,2023-10-08
1015,Rohan Rao,Male,36,Mysuru,Karnataka,South,2022-07-30
1016,Vikram Kumar,Male,41,Bengaluru,Karnataka,South,2023-04-02
1017,Ishita Iyer,Other,41,Bhubaneswar,Odisha,East,2023-12-26
1018,Aditya Pillai,Other,28,Jaipur,Rajasthan,North,2023-08-11
1019,Aditya Sharma,Male,18,Chennai,Tamil Nadu,South,2023-04-21
1020,Meera Kumar,Male,35,Hubballi,Karnataka,South,2022-06-05
1021,Ananya Rao,Male,28,Kochi,Kerala,South,2022-07-09
1022,Vivaan Singh,Other,50,Pune,Maharashtra,West,2023-06-30
1023,Ishita Bhat,Male,26,Mumbai,Maharashtra,West,2022-02-10
1024,Kavya Singh,Female,40,Mumbai,Maharashtra,West,2025-01-03
1025,Rahul Hegde,Female,53,Hubballi,Karnataka,South,2024-08-10
1026,Rohan Patel,Other,18,Pune,Maharashtra,West,2022-09-30
1027,Riya Joshi,Other,38,Delhi,Delhi,North,2024-04-16
1028,Nisha Verma,Other,37,Chennai,Tamil Nadu,South,2024-07-19
1029,Vivaan Reddy,Female,37,Pune,Maharashtra,West,2022-10-16
1030,Rohan Verma,Male,26,Mumbai,Maharashtra,West,2024-12-25
1031,Pooja Joshi,Other,29,Jaipur,Rajasthan,North,2023-04-28
1032,Sneha Sharma,Female,36,Kolkata,West Bengal,East,2023-03-30
1033,Diya Bhat,Other,42,Kolkata,West Bengal,East,2022-07-20
1034,Nisha Iyer,Other,30,Kolkata,West Bengal,East,2022-05-23
1035,Ananya Menon,Female,39,Ahmedabad,Gujarat,West,2023-06-17
1036,Aarav Shetty,Other,35,Mangaluru,Karnataka,South,2023-04-05
1037,Aarav Hegde,Male,36,Hubballi,Karnataka,South,2023-07-05
1038,Nisha Naik,Female,41,Kolkata,West Bengal,East,2023-10-08
1039,Priya Joshi,Male,24,Kolkata,West Bengal,East,2022-08-07
1040,Vikram Joshi,Female,35,Mysuru,Karnataka,South,2024-06-06
1041,Vivaan Joshi,Other,45,Ahmedabad,Gujarat,West,2023-07-12
1042,Ishita Iyer,Male,32,Bhubaneswar,Odisha,East,2024-04-19
1043,Vikram Pillai,Female,36,Mangaluru,Karnataka,South,2023-12-03
1044,Diya Pillai,Male,33,Kolkata,West Bengal,East,2023-08-19
1045,Diya Pillai,Other,29,Lucknow,Uttar Pradesh,North,2022-10-08
1046,Priya Gupta,Female,33,Mangaluru,Karnataka,South,2023-09-06
1047,Amit Singh,Female,29,Ahmedabad,Gujarat,West,2023-10-24
1048,Aditya Patel,Male,41,Bengaluru,Karnataka,South,2024-08-04
1049,Vikram Sharma,Other,41,Delhi,Delhi,North,2024-06-17
1050,Aarav Shetty,Other,40,Pune,Maharashtra,West,2024-09-06
1051,Rohan Shetty,Other,42,Hubballi,Karnataka,South,2022-06-22
1052,Ananya Patel,Male,28,Mangaluru,Karnataka,South,2024-02-26
1053,Priya Kumar,Male,19,Mangaluru,Karnataka,South,2024-07-31
1054,Pooja Iyer,Male,31,Bhubaneswar,Odisha,East,2023-11-07
1055,Ishita Pillai,Male,18,Hyderabad,Telangana,South,2024-07-24
1056,Amit Shetty,Male,39,Hyderabad,Telangana,South,2024-03-31
1057,Kavya Bhat,Other,44,Mangaluru,Karnataka,South,2024-09-27
1058,Rahul Kulkarni,Other,25,Hyderabad,Telangana,South,2022-03-09
1059,Riya Iyer,Male,38,Kochi,Kerala,South,2024-09-14
1060,Priya Singh,Female,42,Jaipur,Rajasthan,North,2025-02-24
1061,Amit Kumar,Male,46,Chennai,Tamil Nadu,South,2023-11-26
1062,Aarav Pillai,Female,35,Lucknow,Uttar Pradesh,North,2023-03-08
1063,Priya Patel,Male,34,Bhubaneswar,Odisha,East,2022-09-25
1064,Ananya Mishra,Male,45,Delhi,Delhi,North,2024-10-09
1065,Priya Rao,Female,40,Jaipur,Rajasthan,North,2024-11-24
1066,Ananya Reddy,Male,60,Mangaluru,Karnataka,South,2022-11-28
1067,Ananya Singh,Other,48,Hyderabad,Telangana,South,2023-03-14
1068,Aditya Shetty,Female,30,Kochi,Kerala,South,2023-10-21
1069,Sanjay Gupta,Male,30,Bengaluru,Karnataka,South,2022-01-26
1070,Aditya Iyer,Female,30,Lucknow,Uttar Pradesh,North,2023-06-17
1071,Arjun Sharma,Male,23,Kolkata,West Bengal,East,2023-05-20
1072,Meera Verma,Male,41,Mumbai,Maharashtra,West,2022-12-14
1073,Kavya Bhat,Female,41,Kochi,Kerala,South,2023-06-24
1074,Sneha Menon,Male,27,Hyderabad,Telangana,South,2023-08-02
1075,Nisha Pillai,Other,25,Bhubaneswar,Odisha,East,2024-05-03
1076,Vikram Singh,Female,24,Kolkata,West Bengal,East,2022-12-13
1077,Vivaan Nair,Male,43,Mysuru,Karnataka,South,2024-08-08
1078,Sanjay Rao,Male,31,Hyderabad,Telangana,South,2023-07-27
1079,Rahul Menon,Male,42,Hyderabad,Telangana,South,2024-02-19
1080,Aditya Kulkarni,Male,36,Lucknow,Uttar Pradesh,North,2022-12-28
1081,Riya Mishra,Female,31,Hyderabad,Telangana,South,2023-03-17
1082,Aarav Verma,Other,18,Lucknow,Uttar Pradesh,North,2022-05-22
1083,Riya Verma,Male,58,Mangaluru,Karnataka,South,2024-01-19
1084,Arjun Shetty,Male,26,Bengaluru,Karnataka,South,2023-12-02
1085,Kavya Kulkarni,Other,36,Hubballi,Karnataka,South,2024-09-24
1086,Sneha Hegde,Other,36,Kochi,Kerala,South,2024-05-14
1087,Amit Joshi,Male,18,Chennai,Tamil Nadu,South,2023-08-25
1088,Ishita Pillai,Other,19,Bengaluru,Karnataka,South,2023-12-05
1089,Nisha Kumar,Male,28,Bhubaneswar,Odisha,East,2022-11-14
1090,Aarav Verma,Male,32,Hyderabad,Telangana,South,2022-08-21
1091,Riya Bhat,Male,25,Chennai,Tamil Nadu,South,2024-03-27
1092,Aarav Gupta,Male,36,Mysuru,Karnataka,South,2024-03-29
1093,Amit Reddy,Female,33,Jaipur,Rajasthan,North,2022-07-02
1094,Arjun Nair,Female,44,Bhubaneswar,Odisha,East,2024-02-18
1095,Nisha Hegde,Male,30,Pune,Maharashtra,West,2024-06-25
1096,Sneha Menon,Male,27,Jaipur,Rajasthan,North,2022-01-01
1097,Ishita Iyer,Male,18,Hyderabad,Telangana,South,2025-04-06
1098,Vivaan Hegde,Female,18,Pune,Maharashtra,West,2023-04-01
1099,Sanjay Joshi,Female,41,Pune,Maharashtra,West,2024-08-14
1100,Vivaan Kumar,Other,49,Delhi,Delhi,North,2023-08-25
1101,Arjun Reddy,Other,42,Jaipur,Rajasthan,North,2022-04-13
1102,Sneha Verma,Other,39,Hyderabad,Telangana,South,2024-04-29
1103,Sneha Patel,Female,39,Hubballi,Karnataka,South,2024-09-16
1104,Pooja Verma,Other,44,Bhubaneswar,Odisha,East,2023-04-30
1105,Nisha Pillai,Male,43,Jaipur,Rajasthan,North,2023-02-16
1106,Amit Reddy,Female,35,Pune,Maharashtra,West,2022-11-28
1107,Vivaan Naik,Other,28,Kochi,Kerala,South,2023-10-17
1108,Pooja Pillai,Other,49,Kochi,Kerala,South,2022-04-15
1109,Rohan Rao,Female,45,Delhi,Delhi,North,2022-07-21
1110,Rahul Gupta,Male,18,Mangaluru,Karnataka,South,2024-06-28
1111,Vivaan Verma,Male,30,Mangaluru,Karnataka,South,2022-07-29
1112,Kavya Gupta,Other,30,Jaipur,Rajasthan,North,2023-03-30
1113,Riya Hegde,Female,36,Mangaluru,Karnataka,South,2023-10-29
1114,Aditya Reddy,Female,50,Kochi,Kerala,South,2023-01-22
1115,Ishita Kulkarni,Female,39,Ahmedabad,Gujarat,West,2022-10-23
1116,Sanjay Naik,Female,43,Bhubaneswar,Odisha,East,2022-09-25
1117,Aarav Mishra,Other,25,Kochi,Kerala,South,2023-02-23
1118,Kavya Rao,Female,32,Ahmedabad,Gujarat,West,2024-09-12
1119,Rohan Pillai,Other,18,Mangaluru,Karnataka,South,2023-07-28
1120,Arjun Rao,Other,41,Delhi,Delhi,North,2022-10-04
1121,Arjun Nair,Other,52,Kolkata,West Bengal,East,2025-02-04
1122,Diya Verma,Female,26,Kochi,Kerala,South,2023-01-10
1123,Nisha Pillai,Other,44,Mumbai,Maharashtra,West,2022-03-14
1124,Vivaan Singh,Female,27,Pune,Maharashtra,West,2022-07-14
1125,Rohan Mishra,Other,48,Mumbai,Maharashtra,West,2025-03-25
1126,Ishita Patel,Female,38,Jaipur,Rajasthan,North,2022-01-23
1127,Ananya Joshi,Male,31,Kochi,Kerala,South,2022-12-26
1128,Nisha Hegde,Female,33,Lucknow,Uttar Pradesh,North,2023-11-10
1129,Ananya Nair,Female,38,Bengaluru,Karnataka,South,2023-03-16
1130,Nisha Rao,Male,23,Chennai,Tamil Nadu,South,2023-02-25
1131,Amit Das,Female,24,Mangaluru,Karnataka,South,2024-04-12
1132,Kavya Mishra,Other,29,Chennai,Tamil Nadu,South,2024-07-02
1133,Karan Das,Male,32,Mysuru,Karnataka,South,2024-10-03
1134,Kavya Bhat,Other,26,Kochi,Kerala,South,2024-03-27
1135,Diya Patel,Other,43,Bhubaneswar,Odisha,East,2024-05-30
1136,Rahul Reddy,Female,50,Kolkata,West Bengal,East,2024-07-18
1137,Pooja Menon,Male,34,Lucknow,Uttar Pradesh,North,2024-04-12
1138,Pooja Pillai,Male,38,Kolkata,West Bengal,East,2023-07-11
1139,Karan Gupta,Male,18,Mangaluru,Karnataka,South,2025-03-24
1140,Vivaan Das,Male,19,Hubballi,Karnataka,South,2022-09-19
1141,Diya Gupta,Female,18,Kochi,Kerala,South,2022-05-05
1142,Meera Naik,Female,30,Hyderabad,Telangana,South,2023-04-30
1143,Arjun Sharma,Male,40,Jaipur,Rajasthan,North,2022-05-02
1144,Nisha Mishra,Female,30,Hyderabad,Telangana,South,2024-02-25
1145,Nisha Pillai,Other,32,Mangaluru,Karnataka,South,2022-07-20
1146,Diya Singh,Female,38,Hyderabad,Telangana,South,2022-04-19
1147,Aditya Nair,Male,60,Lucknow,Uttar Pradesh,North,2024-10-04
1148,Vivaan Singh,Other,18,Mumbai,Maharashtra,West,2022-12-31
1149,Karan Joshi,Other,31,Kolkata,West Bengal,East,2024-03-31
1150,Karan Hegde,Other,46,Hubballi,Karnataka,South,2025-02-06
1151,Pooja Sharma,Other,32,Mumbai,Maharashtra,West,2024-02-01
1152,Nisha Kumar,Other,29,Bengaluru,Karnataka,South,2024-09-30
1153,Riya Sharma,Male,35,Mangaluru,Karnataka,South,2022-10-27
1154,Riya Nair,Other,46,Chennai,Tamil Nadu,South,2023-04-28
1155,Sanjay Verma,Female,31,Lucknow,Uttar Pradesh,North,2024-06-27
1156,Diya Das,Female,57,Bhubaneswar,Odisha,East,2023-03-11
1157,Meera Nair,Other,45,Hubballi,Karnataka,South,2023-05-24
1158,Riya Menon,Other,53,Ahmedabad,Gujarat,West,2024-02-01
1159,Aarav Naik,Other,29,Mysuru,Karnataka,South,2024-02-26
1160,Diya Kulkarni,Other,21,Bhubaneswar,Odisha,East,2023-06-01
1161,Riya Nair,Female,39,Delhi,Delhi,North,2023-10-19
1162,Arjun Bhat,Male,36,Jaipur,Rajasthan,North,2022-03-05
1163,Sanjay Shetty,Female,36,Hyderabad,Telangana,South,2025-01-19
1164,Amit Gupta,Male,38,Chennai,Tamil Nadu,South,2025-03-09
1165,Vikram Patel,Other,37,Ahmedabad,Gujarat,West,2022-09-03
1166,Ananya Kumar,Other,30,Mumbai,Maharashtra,West,2023-04-21
1167,Nisha Nair,Female,30,Bengaluru,Karnataka,South,2024-09-03
1168,Kavya Menon,Female,53,Kochi,Kerala,South,2024-10-14
1169,Vivaan Pillai,Other,37,Lucknow,Uttar Pradesh,North,2024-06-01
1170,Karan Shetty,Other,33,Delhi,Delhi,North,2024-03-30
1171,Vikram Kulkarni,Other,18,Lucknow,Uttar Pradesh,North,2024-05-13
1172,Nisha Iyer,Other,33,Kolkata,West Bengal,East,2025-01-30
1173,Rahul Kulkarni,Male,36,Chennai,Tamil Nadu,South,2023-02-11
1174,Arjun Bhat,Male,18,Chennai,Tamil Nadu,South,2024-01-31
1175,Sanjay Kulkarni,Male,44,Lucknow,Uttar Pradesh,North,2023-05-14
1176,Ananya Reddy,Male,36,Jaipur,Rajasthan,North,2024-08-31
1177,Vikram Nair,Female,55,Hyderabad,Telangana,South,2022-03-23
1178,Ananya Iyer,Female,22,Kolkata,West Bengal,East,2024-02-11
1179,Amit Das,Male,45,Delhi,Delhi,North,2024-06-21
1180,Vivaan Pillai,Other,31,Pune,Maharashtra,West,2024-04-19
1181,Aditya Bhat,Male,22,Delhi,Delhi,North,2022-05-27
1182,Arjun Menon,Other,25,Ahmedabad,Gujarat,West,2024-04-16
1183,Kavya Patel,Male,42,Chennai,Tamil Nadu,South,2024-11-02
1184,Karan Shetty,Female,41,Mangaluru,Karnataka,South,2022-01-22
1185,Meera Kumar,Female,34,Delhi,Delhi,North,2023-11-14
1186,Rahul Reddy,Female,44,Bhubaneswar,Odisha,East,2022-11-16
1187,Rahul Shetty,Other,44,Hyderabad,Telangana,South,2022-05-06
1188,Aarav Das,Female,38,Bengaluru,Karnataka,South,2023-11-27
1189,Rahul Pillai,Male,32,Hubballi,Karnataka,South,2022-02-26
1190,Aditya Kumar,Other,30,Pune,Maharashtra,West,2022-01-01
1191,Kavya Menon,Female,38,Mumbai,Maharashtra,West,2024-06-29
1192,Ishita Sharma,Male,28,Pune,Maharashtra,West,2022-07-07
1193,Karan Iyer,Male,35,Ahmedabad,Gujarat,West,2025-02-25
1194,Ananya Naik,Male,35,Kochi,Kerala,South,2023-07-01
1195,Aarav Joshi,Male,31,Bengaluru,Karnataka,South,2022-07-13
1196,Diya Nair,Male,25,Lucknow,Uttar Pradesh,North,2024-03-12
1197,Ishita Naik,Other,43,Mysuru,Karnataka,South,2024-07-30
1198,Rahul Reddy,Male,22,Chennai,Tamil Nadu,South,2025-01-03
1199,Amit Das,Other,18,Chennai,Tamil Nadu,South,2024-06-28
1200,Riya Naik,Female,36,Ahmedabad,Gujarat,West,2024-07-24
1201,Rohan Shetty,Female,29,Mumbai,Maharashtra,West,2023-01-10
1202,Karan Singh,Female,40,Hyderabad,Telangana,South,2022-11-18
1203,Vikram Joshi,Other,43,Bengaluru,Karnataka,South,2023-03-26
1204,Karan Sharma,Other,46,Mangaluru,Karnataka,South,2023-05-23
1205,Rahul Rao,Female,18,Ahmedabad,Gujarat,West,2022-10-22
1206,Vivaan Menon,Other,26,Lucknow,Uttar Pradesh,North,2023-09-24
1207,Sneha Mishra,Male,34,Chennai,Tamil Nadu,South,2024-11-16
1208,Vivaan Rao,Other,30,Delhi,Delhi,North,2022-11-17
1209,Aarav Patel,Other,34,Bhubaneswar,Odisha,East,2024-07-01
1210,Kavya Das,Female,34,Mysuru,Karnataka,South,2024-12-12
1211,Sneha Hegde,Female,39,Mysuru,Karnataka,South,2023-12-27
1212,Rohan Gupta,Other,25,Lucknow,Uttar Pradesh,North,2023-06-28
1213,Aarav Nair,Female,52,Jaipur,Rajasthan,North,2025-01-02
1214,Arjun Naik,Female,46,Jaipur,Rajasthan,North,2023-10-22
1215,Riya Kumar,Female,18,Delhi,Delhi,North,2022-06-09
1216,Arjun Naik,Other,52,Bhubaneswar,Odisha,East,2024-10-08
1217,Arjun Nair,Male,36,Delhi,Delhi,North,2022-02-22
1218,Arjun Bhat,Male,47,Kolkata,West Bengal,East,2023-12-04
1219,Karan Hegde,Other,37,Delhi,Delhi,North,2022-09-17
1220,Diya Verma,Female,28,Hubballi,Karnataka,South,2024-11-01
1221,Vivaan Kulkarni,Female,39,Mangaluru,Karnataka,South,2024-04-29
1222,Karan Bhat,Female,42,Kochi,Kerala,South,2024-05-22
1223,Aarav Sharma,Other,39,Hubballi,Karnataka,South,2024-09-17
1224,Arjun Pillai,Other,27,Mysuru,Karnataka,South,2025-01-24
1225,Rohan Reddy,Other,35,Pune,Maharashtra,West,2022-10-21
1226,Arjun Hegde,Other,43,Mysuru,Karnataka,South,2023-01-25
1227,Meera Nair,Female,35,Hubballi,Karnataka,South,2022-11-21
1228,Vivaan Rao,Male,23,Pune,Maharashtra,West,2023-03-04
1229,Vivaan Nair,Female,18,Bhubaneswar,Odisha,East,2023-09-04
1230,Ananya Verma,Other,22,Kolkata,West Bengal,East,2023-11-22
1231,Arjun Patel,Male,33,Mysuru,Karnataka,South,2023-02-05
1232,Rohan Singh,Female,53,Bhubaneswar,Odisha,East,2024-07-17
1233,Meera Mishra,Female,25,Hyderabad,Telangana,South,2023-09-24
1234,Aditya Iyer,Female,38,Kochi,Kerala,South,2022-08-23
1235,Arjun Menon,Female,28,Mangaluru,Karnataka,South,2024-11-02
1236,Sanjay Menon,Other,25,Pune,Maharashtra,West,2023-06-07
1237,Nisha Verma,Other,56,Bhubaneswar,Odisha,East,2023-03-07
1238,Rahul Rao,Male,29,Kochi,Kerala,South,2024-03-20
1239,Vivaan Singh,Male,38,Lucknow,Uttar Pradesh,North,2024-07-01
1240,Priya Bhat,Other,32,Mumbai,Maharashtra,West,2023-06-24
1241,Meera Singh,Other,19,Jaipur,Rajasthan,North,2024-10-20
1242,Diya Mishra,Male,18,Mumbai,Maharashtra,West,2022-08-15
1243,Rohan Bhat,Female,46,Bhubaneswar,Odisha,East,2024-05-22
1244,Kavya Das,Male,30,Mysuru,Karnataka,South,2022-01-31
1245,Sanjay Shetty,Male,40,Mysuru,Karnataka,South,2024-06-16
1246,Pooja Pillai,Other,22,Lucknow,Uttar Pradesh,North,2024-08-09
1247,Vikram Shetty,Other,43,Delhi,Delhi,North,2025-01-28
1248,Riya Rao,Female,50,Ahmedabad,Gujarat,West,2022-06-11
1249,Vikram Bhat,Female,46,Jaipur,Rajasthan,North,2024-02-15
1250,Ishita Kumar,Other,42,Jaipur,Rajasthan,North,2024-11-17
1251,Riya Patel,Male,22,Kochi,Kerala,South,2022-11-22
1252,Rahul Naik,Female,50,Jaipur,Rajasthan,North,2023-05-03
1253,Nisha Singh,Male,35,Bhubaneswar,Odisha,East,2024-04-01
1254,Nisha Shetty,Male,32,Kolkata,West Bengal,East,2022-08-23
1255,Sanjay Patel,Other,44,Hyderabad,Telangana,South,2022-08-15
1256,Sneha Menon,Female,39,Hubballi,Karnataka,South,2022-02-23
1257,Vikram Reddy,Female,41,Bhubaneswar,Odisha,East,2023-07-19
1258,Priya Das,Male,28,Pune,Maharashtra,West,2023-07-12
1259,Nisha Das,Female,31,Bhubaneswar,Odisha,East,2025-01-30
1260,Nisha Sharma,Male,24,Mysuru,Karnataka,South,2023-01-22
1261,Kavya Patel,Other,40,Mumbai,Maharashtra,West,2022-04-21
1262,Aarav Reddy,Other,31,Ahmedabad,Gujarat,West,2024-06-02
1263,Amit Naik,Other,39,Delhi,Delhi,North,2023-06-25
1264,Meera Shetty,Female,33,Hubballi,Karnataka,South,2024-05-07
1265,Vivaan Joshi,Female,31,Bhubaneswar,Odisha,East,2022-08-18
1266,Sneha Mishra,Other,49,Hyderabad,Telangana,South,2024-02-23
1267,Diya Das,Male,38,Pune,Maharashtra,West,2023-04-10
1268,Vikram Sharma,Female,34,Mysuru,Karnataka,South,2022-06-24
1269,Amit Kulkarni,Other,30,Hyderabad,Telangana,South,2024-01-15
1270,Arjun Patel,Male,28,Hyderabad,Telangana,South,2023-10-27
1271,Rohan Verma,Male,25,Pune,Maharashtra,West,2022-02-02
1272,Riya Gupta,Male,41,Chennai,Tamil Nadu,South,2022-01-12
1273,Ishita Gupta,Female,43,Mysuru,Karnataka,South,2023-12-21
1274,Karan Shetty,Male,20,Bhubaneswar,Odisha,East,2023-09-15
1275,Kavya Patel,Other,40,Kolkata,West Bengal,East,2022-11-03
1276,Priya Rao,Female,40,Bhubaneswar,Odisha,East,2024-12-04
1277,Priya Naik,Male,30,Pune,Maharashtra,West,2024-12-18
1278,Aarav Naik,Other,32,Pune,Maharashtra,West,2023-05-04
1279,Sneha Verma,Other,32,Bengaluru,Karnataka,South,2022-06-06
1280,Pooja Singh,Other,18,Pune,Maharashtra,West,2025-01-07
1281,Rahul Kumar,Male,27,Delhi,Delhi,North,2025-02-21
1282,Riya Mishra,Female,33,Mumbai,Maharashtra,West,2025-02-01
1283,Ishita Verma,Other,35,Ahmedabad,Gujarat,West,2023-01-28
1284,Vikram Hegde,Female,18,Kochi,Kerala,South,2024-09-06
1285,Amit Das,Male,42,Hyderabad,Telangana,South,2023-03-10
1286,Kavya Mishra,Other,53,Mangaluru,Karnataka,South,2022-10-05
1287,Pooja Nair,Other,40,Kochi,Kerala,South,2022-08-21
1288,Ananya Kulkarni,Other,25,Ahmedabad,Gujarat,West,2022-12-28
1289,Karan Gupta,Other,29,Hubballi,Karnataka,South,2022-01-26
1290,Amit Iyer,Other,42,Lucknow,Uttar Pradesh,North,2022-09-24
1291,Rahul Naik,Other,38,Mangaluru,Karnataka,South,2023-04-06
1292,Ananya Rao,Female,45,Lucknow,Uttar Pradesh,North,2024-10-03
1293,Nisha Pillai,Other,22,Ahmedabad,Gujarat,West,2024-05-12
1294,Kavya Kulkarni,Female,42,Jaipur,Rajasthan,North,2024-12-08
1295,Kavya Sharma,Other,46,Kochi,Kerala,South,2023-07-18
1296,Aarav Menon,Male,25,Mysuru,Karnataka,South,2023-07-13
1297,Vivaan Gupta,Female,30,Bengaluru,Karnataka,South,2022-06-08
1298,Rahul Nair,Other,35,Kolkata,West Bengal,East,2022-01-05
1299,Rohan Patel,Other,23,Chennai,Tamil Nadu,South,2022-12-27
1300,Amit Gupta,Other,32,Kolkata,West Bengal,East,2024-08-03
1301,Diya Das,Male,18,Bengaluru,Karnataka,South,2023-02-26
1302,Sneha Joshi,Other,35,Delhi,Delhi,North,2025-02-19
1303,Sneha Menon,Male,35,Jaipur,Rajasthan,North,2022-10-04
1304,Amit Patel,Female,38,Ahmedabad,Gujarat,West,2023-08-21
1305,Kavya Shetty,Other,55,Mumbai,Maharashtra,West,2023-03-22
1306,Aarav Hegde,Male,18,Bengaluru,Karnataka,South,2022-01-03
1307,Meera Joshi,Other,33,Delhi,Delhi,North,2024-09-16
1308,Diya Pillai,Other,45,Lucknow,Uttar Pradesh,North,2023-05-08
1309,Riya Gupta,Other,38,Lucknow,Uttar Pradesh,North,2023-09-12
1310,Amit Das,Male,37,Hubballi,Karnataka,South,2022-09-29
1311,Aditya Singh,Male,18,Jaipur,Rajasthan,North,2023-08-03
1312,Pooja Rao,Female,38,Lucknow,Uttar Pradesh,North,2022-10-01
1313,Kavya Hegde,Other,28,Bengaluru,Karnataka,South,2024-11-08
1314,Rohan Singh,Other,28,Chennai,Tamil Nadu,South,2022-06-03
1315,Sanjay Sharma,Female,38,Bhubaneswar,Odisha,East,2023-09-12
1316,Rohan Patel,Male,34,Pune,Maharashtra,West,2023-06-04
1317,Ananya Mishra,Male,38,Kochi,Kerala,South,2025-03-10
1318,Riya Nair,Female,39,Kolkata,West Bengal,East,2023-05-10
1319,Priya Kulkarni,Female,48,Kolkata,West Bengal,East,2024-04-12
1320,Ananya Naik,Male,31,Mysuru,Karnataka,South,2024-01-24
1321,Pooja Reddy,Other,30,Mangaluru,Karnataka,South,2022-04-03
1322,Kavya Kulkarni,Other,33,Mangaluru,Karnataka,South,2022-03-15
1323,Aditya Iyer,Male,40,Mumbai,Maharashtra,West,2025-03-25
1324,Karan Shetty,Female,21,Kochi,Kerala,South,2022-06-19
1325,Amit Gupta,Other,38,Hyderabad,Telangana,South,2024-05-21
1326,Nisha Kulkarni,Other,41,Ahmedabad,Gujarat,West,2024-02-29
1327,Arjun Iyer,Female,28,Bengaluru,Karnataka,South,2023-09-05
1328,Riya Mishra,Male,19,Hubballi,Karnataka,South,2025-04-11
1329,Ananya Menon,Male,68,Bengaluru,Karnataka,South,2022-01-10
1330,Sanjay Kulkarni,Other,19,Mumbai,Maharashtra,West,2022-11-23
1331,Aarav Naik,Female,33,Chennai,Tamil Nadu,South,2024-09-06
1332,Pooja Das,Female,27,Ahmedabad,Gujarat,West,2023-12-19
1333,Amit Gupta,Female,27,Bengaluru,Karnataka,South,2024-11-06
1334,Aditya Rao,Male,41,Ahmedabad,Gujarat,West,2023-11-24
1335,Sneha Kulkarni,Male,45,Kolkata,West Bengal,East,2025-01-19
1336,Aditya Gupta,Other,31,Jaipur,Rajasthan,North,2024-12-17
1337,Karan Verma,Male,18,Jaipur,Rajasthan,North,2022-06-03
1338,Sneha Verma,Other,34,Hubballi,Karnataka,South,2022-04-15
1339,Aditya Kumar,Male,23,Bhubaneswar,Odisha,East,2022-12-20
1340,Ananya Patel,Male,41,Pune,Maharashtra,West,2023-12-10
1341,Vivaan Singh,Female,18,Mysuru,Karnataka,South,2023-10-13
1342,Aditya Pillai,Male,50,Ahmedabad,Gujarat,West,2023-08-11
1343,Sanjay Verma,Female,32,Kochi,Kerala,South,2022-10-09
1344,Ishita Verma,Female,35,Pune,Maharashtra,West,2022-07-18
1345,Ishita Rao,Other,30,Bengaluru,Karnataka,South,2022-11-23
1346,Riya Reddy,Other,45,Bengaluru,Karnataka,South,2023-04-07
1347,Vivaan Reddy,Female,19,Delhi,Delhi,North,2022-05-12
1348,Pooja Rao,Female,36,Kochi,Kerala,South,2023-07-07
1349,Amit Mishra,Male,29,Kolkata,West Bengal,East,2025-03-16
1350,Meera Menon,Female,34,Chennai,Tamil Nadu,South,2023-04-20
1351,Aarav Bhat,Male,40,Bhubaneswar,Odisha,East,2024-04-15
1352,Vikram Kumar,Other,30,Ahmedabad,Gujarat,West,2023-12-08
1353,Sneha Nair,Other,27,Mumbai,Maharashtra,West,2022-02-09
1354,Amit Iyer,Male,46,Mangaluru,Karnataka,South,2024-10-24
1355,Sneha Kumar,Male,35,Ahmedabad,Gujarat,West,2022-10-17
1356,Aarav Pillai,Other,44,Bengaluru,Karnataka,South,2023-09-20
1357,Sneha Kulkarni,Male,32,Mumbai,Maharashtra,West,2022-10-06
1358,Karan Iyer,Male,40,Chennai,Tamil Nadu,South,2022-06-30
1359,Pooja Kumar,Male,27,Mumbai,Maharashtra,West,2023-11-12
1360,Vikram Mishra,Female,34,Mangaluru,Karnataka,South,2023-11-11
1361,Arjun Singh,Other,43,Hubballi,Karnataka,South,2023-01-26
1362,Priya Patel,Other,32,Kolkata,West Bengal,East,2022-12-08
1363,Sneha Reddy,Female,40,Pune,Maharashtra,West,2024-04-23
1364,Aditya Hegde,Male,22,Jaipur,Rajasthan,North,2024-01-21
1365,Priya Bhat,Female,31,Hubballi,Karnataka,South,2025-04-07
1366,Rohan Joshi,Male,45,Hyderabad,Telangana,South,2022-11-02
1367,Riya Reddy,Male,28,Chennai,Tamil Nadu,South,2023-12-03
1368,Nisha Das,Female,41,Hyderabad,Telangana,South,2022-07-25
1369,Amit Pillai,Male,48,Delhi,Delhi,North,2023-05-11
1370,Priya Iyer,Female,18,Delhi,Delhi,North,2024-01-23
1371,Rahul Sharma,Female,34,Mumbai,Maharashtra,West,2022-09-29
1372,Vikram Verma,Female,25,Hubballi,Karnataka,South,2022-02-01
1373,Diya Kumar,Other,35,Bhubaneswar,Odisha,East,2023-03-19
1374,Ananya Bhat,Female,18,Lucknow,Uttar Pradesh,North,2024-09-03
1375,Diya Nair,Female,18,Pune,Maharashtra,West,2022-01-10
1376,Arjun Singh,Other,31,Ahmedabad,Gujarat,West,2023-03-12
1377,Aditya Hegde,Male,43,Delhi,Delhi,North,2025-02-08
1378,Sneha Gupta,Female,42,Kochi,Kerala,South,2025-01-30
1379,Aditya Reddy,Male,53,Lucknow,Uttar Pradesh,North,2024-01-23
1380,Pooja Sharma,Other,65,Bhubaneswar,Odisha,East,2025-01-09
1381,Ishita Pillai,Male,21,Delhi,Delhi,North,2023-05-04
1382,Vivaan Kulkarni,Female,32,Kochi,Kerala,South,2025-01-24
1383,Sneha Bhat,Other,29,Ahmedabad,Gujarat,West,2024-10-21
1384,Rohan Iyer,Female,43,Kolkata,West Bengal,East,2024-02-02
1385,Priya Nair,Male,28,Hubballi,Karnataka,South,2023-11-12
1386,Pooja Naik,Male,22,Pune,Maharashtra,West,2022-09-19
1387,Diya Naik,Male,38,Mumbai,Maharashtra,West,2022-09-02
1388,Vikram Mishra,Other,41,Jaipur,Rajasthan,North,2025-01-04
1389,Pooja Kumar,Female,50,Mangaluru,Karnataka,South,2022-06-24
1390,Rahul Pillai,Other,18,Mangaluru,Karnataka,South,2024-08-20
1391,Rohan Bhat,Female,40,Jaipur,Rajasthan,North,2025-01-28
1392,Vikram Bhat,Male,42,Bengaluru,Karnataka,South,2023-01-04
1393,Sanjay Iyer,Male,30,Mysuru,Karnataka,South,2024-04-30
1394,Karan Naik,Female,36,Bengaluru,Karnataka,South,2022-03-19
1395,Nisha Das,Male,44,Mumbai,Maharashtra,West,2024-04-05
1396,Ananya Rao,Other,37,Bengaluru,Karnataka,South,2024-01-29
1397,Sanjay Hegde,Other,42,Ahmedabad,Gujarat,West,2023-12-29
1398,Priya Singh,Female,39,Ahmedabad,Gujarat,West,2024-06-07
1399,Ishita Iyer,Other,52,Jaipur,Rajasthan,North,2024-09-19
1400,Aditya Naik,Female,34,Jaipur,Rajasthan,North,2023-01-25
1401,Vikram Naik,Female,38,Mumbai,Maharashtra,West,2024-09-26
1402,Diya Bhat,Female,28,Hyderabad,Telangana,South,2023-10-21
1403,Riya Sharma,Other,38,Kochi,Kerala,South,2023-12-17
1404,Rohan Das,Male,30,Kochi,Kerala,South,2025-01-17
1405,Aditya Naik,Other,22,Hubballi,Karnataka,South,2025-01-23
1406,Karan Kumar,Male,23,Chennai,Tamil Nadu,South,2024-11-11
1407,Diya Mishra,Other,26,Mangaluru,Karnataka,South,2024-06-01
1408,Arjun Joshi,Female,34,Bhubaneswar,Odisha,East,2023-01-10
1409,Ananya Rao,Female,20,Kolkata,West Bengal,East,2023-03-27
1410,Nisha Bhat,Male,40,Jaipur,Rajasthan,North,2025-02-21
1411,Rahul Verma,Male,33,Delhi,Delhi,North,2022-04-23
1412,Vivaan Kumar,Other,31,Hubballi,Karnataka,South,2022-05-20
1413,Rahul Kumar,Other,46,Delhi,Delhi,North,2024-06-20
1414,Vivaan Pillai,Male,25,Ahmedabad,Gujarat,West,2024-04-25
1415,Rahul Hegde,Male,28,Bengaluru,Karnataka,South,2024-12-28
1416,Ishita Mishra,Other,18,Ahmedabad,Gujarat,West,2022-01-19
1417,Aarav Nair,Male,29,Jaipur,Rajasthan,North,2023-12-27
1418,Meera Mishra,Female,32,Hubballi,Karnataka,South,2023-07-13
1419,Nisha Singh,Male,28,Bhubaneswar,Odisha,East,2023-03-28
1420,Kavya Mishra,Male,37,Bhubaneswar,Odisha,East,2022-08-03
1421,Priya Singh,Other,29,Kolkata,West Bengal,East,2022-05-08
1422,Pooja Hegde,Male,36,Jaipur,Rajasthan,North,2024-11-18
1423,Ananya Das,Other,33,Lucknow,Uttar Pradesh,North,2022-12-04
1424,Aditya Joshi,Female,31,Delhi,Delhi,North,2022-07-21
1425,Rohan Rao,Male,35,Mumbai,Maharashtra,West,2022-01-17
1426,Pooja Naik,Other,24,Hubballi,Karnataka,South,2023-11-12
1427,Rohan Mishra,Male,27,Mumbai,Maharashtra,West,2025-01-10
1428,Nisha Mishra,Other,51,Mangaluru,Karnataka,South,2024-10-15
1429,Sneha Naik,Male,33,Bengaluru,Karnataka,South,2023-01-22
1430,Nisha Kumar,Other,19,Mysuru,Karnataka,South,2022-07-27
1431,Aarav Verma,Other,25,Ahmedabad,Gujarat,West,2023-08-09
1432,Diya Patel,Other,38,Mumbai,Maharashtra,West,2022-08-07
1433,Kavya Joshi,Female,51,Ahmedabad,Gujarat,West,2023-10-31
1434,Ishita Iyer,Other,27,Kolkata,West Bengal,East,2023-02-07
1435,Priya Rao,Female,35,Kolkata,West Bengal,East,2023-08-19
1436,Sanjay Bhat,Male,25,Mangaluru,Karnataka,South,2024-03-12
1437,Aditya Nair,Other,45,Kochi,Kerala,South,2024-07-06
1438,Sneha Verma,Female,44,Kochi,Kerala,South,2023-07-14
1439,Aarav Sharma,Other,18,Hubballi,Karnataka,South,2024-01-15
1440,Arjun Naik,Male,35,Ahmedabad,Gujarat,West,2022-09-15
1441,Karan Shetty,Female,55,Mumbai,Maharashtra,West,2023-02-17
1442,Arjun Kumar,Female,24,Hyderabad,Telangana,South,2023-10-24
1443,Priya Hegde,Female,31,Jaipur,Rajasthan,North,2024-08-04
1444,Sneha Verma,Other,36,Bhubaneswar,Odisha,East,2024-05-17
1445,Riya Hegde,Other,28,Hyderabad,Telangana,South,2023-09-02
1446,Karan Verma,Other,32,Mumbai,Maharashtra,West,2024-05-30
1447,Sneha Bhat,Male,18,Kolkata,West Bengal,East,2022-10-28
1448,Sneha Kulkarni,Female,39,Hyderabad,Telangana,South,2025-04-02
1449,Amit Pillai,Female,32,Chennai,Tamil Nadu,South,2022-03-24
1450,Ishita Kumar,Other,38,Kolkata,West Bengal,East,2022-02-15
1451,Vikram Das,Other,25,Mysuru,Karnataka,South,2023-09-10
1452,Arjun Gupta,Other,40,Mangaluru,Karnataka,South,2025-04-04
1453,Ananya Kulkarni,Other,50,Mumbai,Maharashtra,West,2023-10-19
1454,Vivaan Singh,Female,33,Lucknow,Uttar Pradesh,North,2023-11-21
1455,Aarav Reddy,Male,37,Jaipur,Rajasthan,North,2025-02-24
1456,Riya Verma,Male,36,Pune,Maharashtra,West,2023-10-06
1457,Sanjay Joshi,Female,51,Mysuru,Karnataka,South,2023-01-14
1458,Riya Patel,Other,47,Mysuru,Karnataka,South,2023-01-12
1459,Ishita Mishra,Other,42,Mumbai,Maharashtra,West,2024-11-30
1460,Amit Mishra,Male,24,Ahmedabad,Gujarat,West,2022-02-08
1461,Rahul Bhat,Female,24,Kolkata,West Bengal,East,2023-01-04
1462,Karan Naik,Female,18,Bengaluru,Karnataka,South,2025-03-30
1463,Vivaan Mishra,Other,18,Hubballi,Karnataka,South,2022-11-27
1464,Vikram Mishra,Male,46,Ahmedabad,Gujarat,West,2023-10-01
1465,Vivaan Iyer,Male,18,Jaipur,Rajasthan,North,2022-10-02
1466,Aarav Singh,Male,33,Jaipur,Rajasthan,North,2023-05-19
1467,Ishita Iyer,Other,48,Chennai,Tamil Nadu,South,2023-01-22
1468,Ishita Pillai,Male,40,Mumbai,Maharashtra,West,2023-08-26
1469,Aarav Reddy,Male,30,Ahmedabad,Gujarat,West,2023-11-22
1470,Amit Kulkarni,Other,48,Ahmedabad,Gujarat,West,2023-05-24
1471,Diya Hegde,Male,28,Hyderabad,Telangana,South,2023-01-25
1472,Karan Das,Female,44,Delhi,Delhi,North,2024-03-06
1473,Aarav Hegde,Male,37,Delhi,Delhi,North,2024-05-14
1474,Pooja Rao,Other,41,Mumbai,Maharashtra,West,2023-07-22
1475,Pooja Nair,Female,43,Mysuru,Karnataka,South,2024-05-02
1476,Pooja Hegde,Other,31,Mysuru,Karnataka,South,2022-05-03
1477,Priya Hegde,Other,18,Bhubaneswar,Odisha,East,2024-01-12
1478,Ishita Pillai,Female,18,Pune,Maharashtra,West,2022-04-02
1479,Vikram Shetty,Female,29,Kolkata,West Bengal,East,2022-03-04
1480,Meera Pillai,Male,18,Jaipur,Rajasthan,North,2024-02-11
1481,Arjun Hegde,Male,25,Pune,Maharashtra,West,2022-09-13
1482,Vikram Joshi,Female,18,Mumbai,Maharashtra,West,2022-03-29
1483,Diya Naik,Other,36,Mumbai,Maharashtra,West,2024-09-14
1484,Sanjay Joshi,Female,30,Bengaluru,Karnataka,South,2024-08-31
1485,Ishita Shetty,Male,21,Mysuru,Karnataka,South,2024-07-22
1486,Rahul Bhat,Female,42,Ahmedabad,Gujarat,West,2024-11-27
1487,Karan Pillai,Female,48,Hyderabad,Telangana,South,2024-10-04
1488,Karan Bhat,Other,34,Mangaluru,Karnataka,South,2024-05-09
1489,Vikram Joshi,Female,42,Hubballi,Karnataka,South,2022-01-21
1490,Vikram Gupta,Male,43,Hubballi,Karnataka,South,2022-10-30
1491,Riya Iyer,Male,32,Bhubaneswar,Odisha,East,2024-03-13
1492,Arjun Rao,Male,41,Kolkata,West Bengal,East,2024-01-16
1493,Nisha Mishra,Male,31,Jaipur,Rajasthan,North,2022-10-04
1494,Sneha Patel,Female,35,Kolkata,West Bengal,East,2022-06-02
1495,Riya Shetty,Female,39,Hyderabad,Telangana,South,2023-06-28
1496,Priya Hegde,Female,40,Kochi,Kerala,South,2023-09-14
1497,Pooja Hegde,Female,31,Mangaluru,Karnataka,South,2022-11-10
1498,Priya Kumar,Male,25,Hubballi,Karnataka,South,2024-10-07
1499,Kavya Bhat,Other,19,Ahmedabad,Gujarat,West,2022-04-19
1500,Pooja Iyer,Female,34,Bengaluru,Karnataka,South,2023-09-22
1501,Rahul Das,Male,43,Bhubaneswar,Odisha,East,2022-09-18
1502,Pooja Das,Female,38,Lucknow,Uttar Pradesh,North,2023-04-16
1503,Aarav Sharma,Other,54,Lucknow,Uttar Pradesh,North,2023-02-18
1504,Ishita Pillai,Male,22,Hubballi,Karnataka,South,2023-10-15
1505,Diya Mishra,Female,23,Hyderabad,Telangana,South,2023-11-03
1506,Sneha Hegde,Male,41,Mangaluru,Karnataka,South,2024-12-04
1507,Nisha Mishra,Female,43,Chennai,Tamil Nadu,South,2023-08-20
1508,Rahul Bhat,Female,43,Hyderabad,Telangana,South,2024-11-07
1509,Kavya Iyer,Female,18,Hubballi,Karnataka,South,2023-10-24
1510,Ishita Hegde,Female,39,Bhubaneswar,Odisha,East,2023-09-30
1511,Priya Kumar,Other,39,Mangaluru,Karnataka,South,2022-08-23
1512,Vikram Rao,Other,37,Jaipur,Rajasthan,North,2023-09-26
1513,Vikram Kulkarni,Female,24,Chennai,Tamil Nadu,South,2024-10-16
1514,Ishita Gupta,Male,36,Bhubaneswar,Odisha,East,2024-10-31
1515,Rohan Bhat,Male,28,Kolkata,West Bengal,East,2022-07-25
1516,Kavya Bhat,Male,27,Mangaluru,Karnataka,South,2025-02-24
1517,Pooja Kulkarni,Other,45,Kochi,Kerala,South,2022-05-27
1518,Nisha Nair,Female,26,Hyderabad,Telangana,South,2022-12-29
1519,Priya Patel,Female,18,Ahmedabad,Gujarat,West,2022-05-17
1520,Rahul Patel,Male,18,Mysuru,Karnataka,South,2022-01-19
1521,Sanjay Bhat,Other,44,Bhubaneswar,Odisha,East,2022-07-14
1522,Meera Shetty,Female,44,Mysuru,Karnataka,South,2023-03-25
1523,Diya Kulkarni,Other,39,Hyderabad,Telangana,South,2024-08-03
1524,Sanjay Iyer,Male,18,Kochi,Kerala,South,2024-07-18
1525,Arjun Iyer,Other,23,Mumbai,Maharashtra,West,2022-04-03
1526,Karan Pillai,Other,34,Delhi,Delhi,North,2022-09-02
1527,Sneha Singh,Female,32,Jaipur,Rajasthan,North,2024-04-11
1528,Ananya Naik,Female,41,Hyderabad,Telangana,South,2024-05-05
1529,Meera Reddy,Female,29,Kolkata,West Bengal,East,2022-01-17
1530,Amit Das,Other,21,Delhi,Delhi,North,2022-11-01
1531,Rahul Shetty,Female,39,Mangaluru,Karnataka,South,2024-10-27
1532,Riya Pillai,Female,47,Jaipur,Rajasthan,North,2022-06-20
1533,Aditya Reddy,Male,60,Bhubaneswar,Odisha,East,2022-09-08
1534,Vikram Shetty,Female,22,Hyderabad,Telangana,South,2023-02-20
1535,Amit Hegde,Other,36,Jaipur,Rajasthan,North,2024-03-04
1536,Ishita Hegde,Female,51,Jaipur,Rajasthan,North,2025-01-21
1537,Diya Pillai,Other,31,Kolkata,West Bengal,East,2023-05-20
1538,Kavya Singh,Male,37,Pune,Maharashtra,West,2024-08-04
1539,Aarav Kumar,Other,31,Bhubaneswar,Odisha,East,2023-09-22
1540,Sanjay Reddy,Male,48,Hubballi,Karnataka,South,2022-12-05
1541,Ishita Rao,Male,25,Mangaluru,Karnataka,South,2023-10-21
1542,Nisha Kulkarni,Male,33,Mysuru,Karnataka,South,2023-06-26
1543,Ishita Naik,Male,31,Bengaluru,Karnataka,South,2022-02-26
1544,Sanjay Mishra,Male,43,Mysuru,Karnataka,South,2022-07-04
1545,Ishita Nair,Male,35,Mysuru,Karnataka,South,2022-10-19
1546,Amit Das,Other,45,Hubballi,Karnataka,South,2024-12-08
1547,Rohan Naik,Male,41,Mangaluru,Karnataka,South,2023-11-16
1548,Vivaan Iyer,Female,18,Bengaluru,Karnataka,South,2022-12-01
1549,Nisha Das,Other,23,Bhubaneswar,Odisha,East,2023-06-16
1550,Sanjay Kulkarni,Female,27,Kochi,Kerala,South,2022-07-25
1551,Sneha Singh,Other,32,Mangaluru,Karnataka,South,2022-02-09
1552,Meera Pillai,Female,27,Delhi,Delhi,North,2024-04-22
1553,Sneha Nair,Female,39,Ahmedabad,Gujarat,West,2025-02-19
1554,Sneha Joshi,Male,31,Pune,Maharashtra,West,2024-06-16
1555,Amit Iyer,Female,30,Pune,Maharashtra,West,2024-12-21
1556,Rohan Nair,Male,44,Chennai,Tamil Nadu,South,2023-11-02
1557,Pooja Kumar,Female,35,Bengaluru,Karnataka,South,2025-02-21
1558,Nisha Kulkarni,Male,28,Chennai,Tamil Nadu,South,2022-09-07
1559,Nisha Bhat,Female,41,Lucknow,Uttar Pradesh,North,2022-11-10
1560,Kavya Nair,Other,41,Bengaluru,Karnataka,South,2024-03-17
1561,Aarav Kulkarni,Female,40,Hubballi,Karnataka,South,2023-04-30
1562,Kavya Kulkarni,Female,24,Hubballi,Karnataka,South,2023-07-25
1563,Vikram Singh,Other,21,Mumbai,Maharashtra,West,2023-08-06
1564,Ishita Menon,Male,47,Lucknow,Uttar Pradesh,North,2024-07-13
1565,Aditya Verma,Other,40,Chennai,Tamil Nadu,South,2023-02-05
1566,Pooja Mishra,Other,19,Hubballi,Karnataka,South,2024-05-07
1567,Sanjay Nair,Other,35,Jaipur,Rajasthan,North,2024-03-14
1568,Sneha Hegde,Female,45,Lucknow,Uttar Pradesh,North,2024-07-26
1569,Aditya Singh,Male,52,Hubballi,Karnataka,South,2024-04-23
1570,Arjun Das,Other,31,Chennai,Tamil Nadu,South,2022-02-23
1571,Sanjay Mishra,Female,27,Pune,Maharashtra,West,2023-06-12
1572,Ananya Sharma,Male,23,Hubballi,Karnataka,South,2024-11-29
1573,Sneha Sharma,Male,43,Bengaluru,Karnataka,South,2024-08-12
1574,Amit Hegde,Male,42,Mysuru,Karnataka,South,2023-08-16
1575,Meera Sharma,Male,32,Lucknow,Uttar Pradesh,North,2023-05-29
1576,Rohan Sharma,Female,23,Mysuru,Karnataka,South,2024-03-01
1577,Ananya Verma,Female,33,Hubballi,Karnataka,South,2023-10-20
1578,Nisha Iyer,Female,39,Kolkata,West Bengal,East,2022-03-03
1579,Vivaan Shetty,Male,34,Lucknow,Uttar Pradesh,North,2023-05-20
1580,Rohan Patel,Female,33,Bhubaneswar,Odisha,East,2022-03-02
1581,Ishita Reddy,Other,46,Kolkata,West Bengal,East,2025-02-26
1582,Rahul Gupta,Female,35,Pune,Maharashtra,West,2024-07-11
1583,Ishita Sharma,Male,40,Bhubaneswar,Odisha,East,2024-05-17
1584,Vikram Menon,Female,39,Kolkata,West Bengal,East,2024-06-05
1585,Vivaan Gupta,Female,40,Hubballi,Karnataka,South,2024-04-17
1586,Arjun Naik,Other,40,Lucknow,Uttar Pradesh,North,2022-12-06
1587,Nisha Menon,Other,29,Hubballi,Karnataka,South,2022-07-23
1588,Ananya Singh,Other,28,Chennai,Tamil Nadu,South,2023-07-29
1589,Vivaan Kulkarni,Other,37,Lucknow,Uttar Pradesh,North,2023-06-18
1590,Sanjay Bhat,Other,18,Mysuru,Karnataka,South,2025-02-17
1591,Karan Iyer,Male,30,Chennai,Tamil Nadu,South,2023-11-21
1592,Karan Rao,Male,48,Bhubaneswar,Odisha,East,2023-01-01
1593,Kavya Shetty,Male,29,Jaipur,Rajasthan,North,2023-03-31
1594,Sanjay Pillai,Male,40,Mangaluru,Karnataka,South,2024-06-11
1595,Vikram Sharma,Male,58,Mumbai,Maharashtra,West,2023-11-19
1596,Nisha Mishra,Male,22,Delhi,Delhi,North,2022-09-10
1597,Aditya Joshi,Male,46,Hyderabad,Telangana,South,2024-02-20
1598,Aditya Mishra,Female,28,Pune,Maharashtra,West,2023-05-23
1599,Vivaan Patel,Female,40,Kochi,Kerala,South,2023-05-16
1600,Rohan Kulkarni,Male,47,Jaipur,Rajasthan,North,2024-09-18
1601,Nisha Joshi,Female,31,Mangaluru,Karnataka,South,2022-07-26
1602,Diya Das,Other,34,Ahmedabad,Gujarat,West,2023-05-30
1603,Aarav Menon,Female,36,Hubballi,Karnataka,South,2023-12-10
1604,Rohan Hegde,Male,44,Lucknow,Uttar Pradesh,North,2023-06-21
1605,Meera Kulkarni,Female,51,Pune,Maharashtra,West,2022-03-09
1606,Nisha Gupta,Other,29,Ahmedabad,Gujarat,West,2024-07-27
1607,Sneha Iyer,Female,41,Mangaluru,Karnataka,South,2024-12-07
1608,Meera Hegde,Other,35,Lucknow,Uttar Pradesh,North,2024-09-20
1609,Sneha Singh,Male,49,Kochi,Kerala,South,2023-11-26
1610,Rohan Das,Female,47,Ahmedabad,Gujarat,West,2024-06-19
1611,Sanjay Kulkarni,Female,45,Bhubaneswar,Odisha,East,2024-02-19
1612,Aarav Naik,Female,33,Pune,Maharashtra,West,2022-06-19
1613,Rahul Sharma,Other,33,Lucknow,Uttar Pradesh,North,2024-11-03
1614,Diya Mishra,Male,27,Bhubaneswar,Odisha,East,2024-07-02
1615,Aditya Kulkarni,Female,23,Hyderabad,Telangana,South,2025-03-24
1616,Pooja Bhat,Other,48,Hubballi,Karnataka,South,2023-04-16
1617,Riya Nair,Female,34,Mangaluru,Karnataka,South,2025-01-03
1618,Ananya Rao,Male,21,Mumbai,Maharashtra,West,2023-07-25
1619,Aditya Patel,Male,20,Ahmedabad,Gujarat,West,2024-05-06
1620,Vivaan Gupta,Male,42,Mangaluru,Karnataka,South,2024-04-12
1621,Karan Rao,Male,30,Pune,Maharashtra,West,2024-12-23
1622,Ishita Bhat,Other,46,Delhi,Delhi,North,2023-09-08
1623,Priya Hegde,Male,53,Delhi,Delhi,North,2023-02-10
1624,Vikram Mishra,Other,28,Hyderabad,Telangana,South,2022-04-03
1625,Aarav Gupta,Other,39,Mysuru,Karnataka,South,2023-03-06
1626,Aditya Das,Other,47,Pune,Maharashtra,West,2024-12-02
1627,Diya Kulkarni,Other,38,Bengaluru,Karnataka,South,2022-07-26
1628,Kavya Iyer,Other,38,Kochi,Kerala,South,2022-06-15
1629,Riya Hegde,Other,38,Bengaluru,Karnataka,South,2023-10-05
1630,Aditya Nair,Male,35,Bengaluru,Karnataka,South,2022-01-13
1631,Pooja Rao,Male,45,Hubballi,Karnataka,South,2024-08-30
1632,Vikram Kulkarni,Female,36,Lucknow,Uttar Pradesh,North,2024-05-25
1633,Karan Naik,Other,30,Hubballi,Karnataka,South,2025-03-19
1634,Priya Singh,Other,35,Hubballi,Karnataka,South,2024-09-12
1635,Sneha Verma,Other,36,Lucknow,Uttar Pradesh,North,2024-07-14
1636,Priya Iyer,Other,41,Mysuru,Karnataka,South,2023-03-15
1637,Kavya Rao,Male,42,Pune,Maharashtra,West,2025-03-13
1638,Rahul Kulkarni,Female,50,Kolkata,West Bengal,East,2024-09-02
1639,Ananya Singh,Other,46,Ahmedabad,Gujarat,West,2024-12-04
1640,Meera Iyer,Female,28,Delhi,Delhi,North,2025-01-01
1641,Ananya Iyer,Female,27,Ahmedabad,Gujarat,West,2024-07-19
1642,Kavya Shetty,Other,27,Kolkata,West Bengal,East,2023-04-10
1643,Priya Kulkarni,Male,39,Hubballi,Karnataka,South,2023-09-23
1644,Sneha Hegde,Female,35,Mumbai,Maharashtra,West,2024-06-03
1645,Meera Menon,Male,28,Pune,Maharashtra,West,2023-01-01
1646,Vivaan Nair,Other,32,Lucknow,Uttar Pradesh,North,2024-08-02
1647,Pooja Kumar,Female,30,Bengaluru,Karnataka,South,2024-12-23
1648,Amit Joshi,Male,40,Bengaluru,Karnataka,South,2023-05-09
1649,Ananya Sharma,Other,32,Bhubaneswar,Odisha,East,2025-01-26
1650,Sanjay Kulkarni,Other,18,Bhubaneswar,Odisha,East,2023-12-29
1651,Priya Pillai,Male,32,Ahmedabad,Gujarat,West,2024-06-24
1652,Vivaan Das,Female,26,Mysuru,Karnataka,South,2025-01-12
1653,Rohan Hegde,Female,18,Mangaluru,Karnataka,South,2023-08-07
1654,Priya Joshi,Male,29,Kochi,Kerala,South,2022-12-26
1655,Amit Reddy,Other,21,Chennai,Tamil Nadu,South,2022-04-20
1656,Priya Gupta,Other,39,Mumbai,Maharashtra,West,2023-07-22
1657,Ananya Bhat,Male,29,Mysuru,Karnataka,South,2024-12-19
1658,Priya Rao,Other,44,Pune,Maharashtra,West,2023-09-29
1659,Amit Patel,Other,30,Jaipur,Rajasthan,North,2024-11-02
1660,Priya Menon,Male,37,Kolkata,West Bengal,East,2022-06-15
1661,Vivaan Shetty,Female,42,Kolkata,West Bengal,East,2023-01-18
1662,Kavya Verma,Male,49,Kochi,Kerala,South,2023-03-29
1663,Vikram Mishra,Male,35,Bhubaneswar,Odisha,East,2022-07-11
1664,Ishita Patel,Female,60,Jaipur,Rajasthan,North,2022-08-26
1665,Vivaan Shetty,Other,35,Ahmedabad,Gujarat,West,2025-02-09
1666,Rohan Shetty,Other,32,Delhi,Delhi,North,2024-12-24
1667,Vikram Kumar,Male,43,Lucknow,Uttar Pradesh,North,2024-01-05
1668,Ishita Das,Other,28,Jaipur,Rajasthan,North,2022-04-16
1669,Pooja Reddy,Male,22,Delhi,Delhi,North,2022-06-30
1670,Amit Menon,Male,18,Mumbai,Maharashtra,West,2025-01-17
1671,Ananya Reddy,Female,36,Mangaluru,Karnataka,South,2023-11-19
1672,Vivaan Kulkarni,Female,34,Delhi,Delhi,North,2022-04-16
1673,Aditya Menon,Other,35,Chennai,Tamil Nadu,South,2024-04-10
1674,Rohan Kumar,Female,23,Mumbai,Maharashtra,West,2024-11-21
1675,Karan Bhat,Female,18,Ahmedabad,Gujarat,West,2023-01-28
1676,Priya Gupta,Other,53,Jaipur,Rajasthan,North,2022-07-20
1677,Pooja Joshi,Male,52,Delhi,Delhi,North,2023-03-23
1678,Sanjay Verma,Female,39,Mysuru,Karnataka,South,2023-03-20
1679,Priya Reddy,Male,31,Jaipur,Rajasthan,North,2024-01-31
1680,Kavya Verma,Female,44,Jaipur,Rajasthan,North,2022-07-06
1681,Karan Shetty,Female,43,Hyderabad,Telangana,South,2022-12-11
1682,Aarav Nair,Male,34,Delhi,Delhi,North,2024-05-26
1683,Riya Das,Other,34,Hyderabad,Telangana,South,2024-04-28
1684,Meera Patel,Male,47,Mangaluru,Karnataka,South,2024-10-13
1685,Diya Kumar,Other,56,Hubballi,Karnataka,South,2022-07-07
1686,Aditya Rao,Other,32,Bhubaneswar,Odisha,East,2025-03-01
1687,Vikram Mishra,Male,48,Bengaluru,Karnataka,South,2024-12-31
1688,Amit Sharma,Female,22,Bhubaneswar,Odisha,East,2023-05-01
1689,Arjun Nair,Female,28,Lucknow,Uttar Pradesh,North,2022-04-30
1690,Aarav Shetty,Male,25,Pune,Maharashtra,West,2024-01-28
1691,Sneha Gupta,Male,36,Lucknow,Uttar Pradesh,North,2024-01-08
1692,Pooja Hegde,Other,42,Ahmedabad,Gujarat,West,2023-02-26
1693,Riya Kumar,Other,18,Pune,Maharashtra,West,2023-12-13
1694,Aarav Menon,Other,43,Lucknow,Uttar Pradesh,North,2022-01-06
1695,Pooja Patel,Female,26,Kochi,Kerala,South,2024-06-24
1696,Vivaan Nair,Male,31,Mangaluru,Karnataka,South,2024-04-06
1697,Riya Hegde,Male,28,Kolkata,West Bengal,East,2022-12-15
1698,Aarav Reddy,Female,38,Pune,Maharashtra,West,2025-02-24
1699,Sanjay Iyer,Male,38,Jaipur,Rajasthan,North,2022-10-14
1700,Amit Menon,Male,30,Bengaluru,Karnataka,South,2023-01-18
1701,Pooja Rao,Female,39,Mumbai,Maharashtra,West,2023-01-23
1702,Riya Kulkarni,Male,46,Pune,Maharashtra,West,2023-12-18
1703,Karan Naik,Female,32,Mangaluru,Karnataka,South,2022-12-03
1704,Aarav Patel,Male,22,Ahmedabad,Gujarat,West,2024-06-29
1705,Pooja Nair,Female,35,Kochi,Kerala,South,2024-12-17
1706,Ishita Singh,Male,39,Pune,Maharashtra,West,2022-11-11
1707,Diya Iyer,Other,33,Hyderabad,Telangana,South,2025-02-08
1708,Vikram Naik,Female,42,Chennai,Tamil Nadu,South,2022-06-05
1709,Vivaan Hegde,Female,18,Kolkata,West Bengal,East,2024-06-05
1710,Aarav Kulkarni,Female,29,Kochi,Kerala,South,2024-07-01
1711,Rohan Shetty,Female,32,Hubballi,Karnataka,South,2024-05-20
1712,Rohan Reddy,Other,40,Jaipur,Rajasthan,North,2022-08-26
1713,Pooja Mishra,Other,54,Mumbai,Maharashtra,West,2025-01-22
1714,Vikram Verma,Male,31,Jaipur,Rajasthan,North,2023-08-29
1715,Rohan Verma,Female,35,Delhi,Delhi,North,2023-10-23
1716,Riya Shetty,Female,29,Kochi,Kerala,South,2023-09-20
1717,Rohan Gupta,Other,34,Ahmedabad,Gujarat,West,2022-05-23
1718,Priya Kulkarni,Other,42,Mangaluru,Karnataka,South,2023-04-24
1719,Karan Kumar,Female,18,Kolkata,West Bengal,East,2023-07-19
1720,Pooja Kumar,Female,51,Lucknow,Uttar Pradesh,North,2024-10-21
1721,Rohan Pillai,Male,33,Kochi,Kerala,South,2024-12-03
1722,Aditya Kulkarni,Other,29,Hyderabad,Telangana,South,2022-05-20
1723,Arjun Singh,Female,36,Lucknow,Uttar Pradesh,North,2024-08-31
1724,Rohan Sharma,Female,38,Bhubaneswar,Odisha,East,2022-04-17
1725,Kavya Verma,Female,48,Kochi,Kerala,South,2024-12-01
1726,Sanjay Kumar,Male,27,Pune,Maharashtra,West,2024-05-12
1727,Rohan Singh,Male,36,Mysuru,Karnataka,South,2022-09-30
1728,Riya Mishra,Female,19,Kolkata,West Bengal,East,2023-02-28
1729,Priya Mishra,Male,19,Delhi,Delhi,North,2023-01-25
1730,Vikram Joshi,Other,23,Delhi,Delhi,North,2023-05-08
1731,Diya Reddy,Other,25,Bengaluru,Karnataka,South,2022-07-11
1732,Nisha Kumar,Other,32,Kolkata,West Bengal,East,2022-08-15
1733,Riya Bhat,Other,24,Bhubaneswar,Odisha,East,2022-05-19
1734,Diya Singh,Female,21,Jaipur,Rajasthan,North,2024-12-22
1735,Nisha Kumar,Male,32,Pune,Maharashtra,West,2022-04-14
1736,Vikram Patel,Female,36,Hubballi,Karnataka,South,2022-09-30
1737,Aarav Hegde,Female,22,Kolkata,West Bengal,East,2024-10-26
1738,Karan Gupta,Male,45,Hubballi,Karnataka,South,2025-02-16
1739,Meera Mishra,Female,37,Mangaluru,Karnataka,South,2022-10-20
1740,Ananya Das,Male,39,Lucknow,Uttar Pradesh,North,2022-06-26
1741,Ishita Patel,Other,53,Mumbai,Maharashtra,West,2022-02-27
1742,Ishita Shetty,Female,29,Lucknow,Uttar Pradesh,North,2024-09-03
1743,Priya Mishra,Other,25,Delhi,Delhi,North,2025-02-02
1744,Vivaan Naik,Male,18,Ahmedabad,Gujarat,West,2022-03-24
1745,Meera Patel,Male,27,Pune,Maharashtra,West,2022-09-09
1746,Sneha Menon,Other,31,Ahmedabad,Gujarat,West,2024-03-06
1747,Sneha Menon,Other,37,Bengaluru,Karnataka,South,2024-06-15
1748,Vivaan Gupta,Female,34,Kolkata,West Bengal,East,2023-04-17
1749,Ishita Nair,Female,23,Pune,Maharashtra,West,2023-01-05
1750,Rahul Verma,Female,36,Pune,Maharashtra,West,2023-10-16
1751,Vivaan Naik,Male,34,Delhi,Delhi,North,2024-01-19
1752,Meera Reddy,Other,18,Pune,Maharashtra,West,2024-07-08
1753,Arjun Singh,Other,20,Ahmedabad,Gujarat,West,2023-05-25
1754,Sneha Kumar,Female,42,Kochi,Kerala,South,2022-06-01
1755,Ananya Das,Male,32,Mumbai,Maharashtra,West,2024-10-25
1756,Meera Pillai,Other,48,Mangaluru,Karnataka,South,2022-04-15
1757,Karan Das,Male,30,Kochi,Kerala,South,2022-06-11
1758,Ananya Singh,Other,43,Chennai,Tamil Nadu,South,2022-05-20
1759,Arjun Reddy,Male,45,Lucknow,Uttar Pradesh,North,2025-03-01
1760,Meera Iyer,Male,22,Lucknow,Uttar Pradesh,North,2022-05-09
1761,Ishita Naik,Other,35,Ahmedabad,Gujarat,West,2023-11-01
1762,Ishita Kulkarni,Female,40,Mangaluru,Karnataka,South,2024-05-01
1763,Rahul Shetty,Other,37,Bengaluru,Karnataka,South,2023-09-20
1764,Rohan Singh,Male,28,Bhubaneswar,Odisha,East,2024-06-02
1765,Vivaan Verma,Female,37,Mangaluru,Karnataka,South,2022-10-21
1766,Meera Nair,Other,35,Chennai,Tamil Nadu,South,2024-05-27
1767,Arjun Kumar,Male,41,Mangaluru,Karnataka,South,2024-08-05
1768,Riya Hegde,Male,47,Bengaluru,Karnataka,South,2024-09-10
1769,Nisha Bhat,Other,18,Pune,Maharashtra,West,2024-06-07
1770,Aarav Mishra,Female,21,Kolkata,West Bengal,East,2024-05-24
1771,Karan Pillai,Other,24,Hubballi,Karnataka,South,2025-02-09
1772,Meera Verma,Female,35,Pune,Maharashtra,West,2024-01-09
1773,Riya Mishra,Male,52,Mysuru,Karnataka,South,2023-12-27
1774,Sneha Hegde,Other,36,Hubballi,Karnataka,South,2022-05-18
1775,Sneha Gupta,Male,42,Jaipur,Rajasthan,North,2022-12-11
1776,Rohan Patel,Other,26,Mangaluru,Karnataka,South,2022-11-07
1777,Vivaan Kumar,Male,49,Hyderabad,Telangana,South,2023-07-03
1778,Priya Mishra,Female,40,Jaipur,Rajasthan,North,2024-03-29
1779,Aditya Patel,Male,30,Hyderabad,Telangana,South,2022-01-30
1780,Rahul Singh,Other,38,Mumbai,Maharashtra,West,2023-12-18
1781,Riya Mishra,Other,37,Chennai,Tamil Nadu,South,2024-06-09
1782,Sneha Singh,Female,49,Kolkata,West Bengal,East,2024-06-11
1783,Priya Iyer,Male,33,Lucknow,Uttar Pradesh,North,2024-01-02
1784,Amit Shetty,Female,38,Mysuru,Karnataka,South,2023-11-05
1785,Ishita Reddy,Female,35,Kochi,Kerala,South,2023-06-27
1786,Sneha Reddy,Female,30,Bhubaneswar,Odisha,East,2022-10-05
1787,Rohan Rao,Other,34,Pune,Maharashtra,West,2023-07-06
1788,Sanjay Shetty,Other,35,Bhubaneswar,Odisha,East,2024-01-31
1789,Pooja Gupta,Other,36,Mumbai,Maharashtra,West,2023-11-25
1790,Riya Patel,Male,38,Hubballi,Karnataka,South,2022-01-22
1791,Pooja Reddy,Female,35,Delhi,Delhi,North,2023-11-09
1792,Riya Nair,Female,35,Lucknow,Uttar Pradesh,North,2023-12-03
1793,Ananya Hegde,Other,22,Delhi,Delhi,North,2023-06-13
1794,Riya Iyer,Male,35,Delhi,Delhi,North,2022-06-15
1795,Priya Bhat,Other,40,Delhi,Delhi,North,2024-04-28
1796,Nisha Bhat,Male,31,Lucknow,Uttar Pradesh,North,2022-06-12
1797,Riya Joshi,Other,30,Kochi,Kerala,South,2023-01-01
1798,Karan Sharma,Male,31,Chennai,Tamil Nadu,South,2023-10-17
1799,Meera Rao,Other,18,Bengaluru,Karnataka,South,2022-09-26
1800,Karan Mishra,Female,30,Bhubaneswar,Odisha,East,2023-11-06
1801,Vivaan Shetty,Female,37,Mumbai,Maharashtra,West,2024-12-19
1802,Karan Sharma,Other,53,Ahmedabad,Gujarat,West,2022-01-26
1803,Amit Hegde,Male,23,Hubballi,Karnataka,South,2024-10-25
1804,Amit Naik,Other,25,Chennai,Tamil Nadu,South,2023-07-25
1805,Aarav Rao,Other,34,Hyderabad,Telangana,South,2024-01-24
1806,Ananya Menon,Other,38,Hyderabad,Telangana,South,2023-06-10
1807,Riya Sharma,Male,26,Delhi,Delhi,North,2022-01-13
1808,Ananya Shetty,Other,26,Hubballi,Karnataka,South,2022-01-19
1809,Nisha Patel,Other,35,Pune,Maharashtra,West,2023-07-29
1810,Nisha Kumar,Other,38,Mangaluru,Karnataka,South,2023-02-23
1811,Sneha Shetty,Female,38,Pune,Maharashtra,West,2022-05-02
1812,Kavya Patel,Other,38,Kolkata,West Bengal,East,2023-01-16
1813,Priya Shetty,Other,49,Chennai,Tamil Nadu,South,2022-05-25
1814,Aarav Gupta,Other,30,Ahmedabad,Gujarat,West,2024-04-05
1815,Ananya Iyer,Male,28,Jaipur,Rajasthan,North,2025-02-25
1816,Sanjay Sharma,Female,36,Mangaluru,Karnataka,South,2024-03-18
1817,Sneha Singh,Other,29,Mumbai,Maharashtra,West,2022-07-06
1818,Ishita Singh,Other,28,Delhi,Delhi,North,2022-08-25
1819,Amit Shetty,Other,34,Mysuru,Karnataka,South,2024-02-10
1820,Sanjay Verma,Male,18,Bengaluru,Karnataka,South,2022-06-20
1821,Vikram Iyer,Female,36,Pune,Maharashtra,West,2022-06-08
1822,Amit Gupta,Other,40,Bhubaneswar,Odisha,East,2024-09-02
1823,Rahul Rao,Female,36,Chennai,Tamil Nadu,South,2024-03-08
1824,Vivaan Gupta,Male,50,Kolkata,West Bengal,East,2024-01-03
1825,Pooja Sharma,Female,41,Pune,Maharashtra,West,2023-02-27
1826,Pooja Kumar,Male,39,Kochi,Kerala,South,2022-06-22
1827,Nisha Naik,Female,35,Hyderabad,Telangana,South,2023-10-25
1828,Ananya Kumar,Male,46,Kolkata,West Bengal,East,2023-05-09
1829,Pooja Kumar,Male,41,Bhubaneswar,Odisha,East,2023-09-12
1830,Vivaan Das,Female,31,Lucknow,Uttar Pradesh,North,2022-10-15
1831,Pooja Rao,Male,37,Lucknow,Uttar Pradesh,North,2025-03-15
1832,Vivaan Mishra,Male,18,Chennai,Tamil Nadu,South,2023-04-02
1833,Meera Patel,Male,31,Hyderabad,Telangana,South,2024-10-26
1834,Amit Sharma,Other,33,Ahmedabad,Gujarat,West,2024-04-14
1835,Amit Gupta,Female,33,Kolkata,West Bengal,East,2025-02-03
1836,Karan Nair,Female,38,Hubballi,Karnataka,South,2024-03-19
1837,Ananya Das,Other,47,Ahmedabad,Gujarat,West,2024-09-05
1838,Sanjay Kumar,Male,22,Mysuru,Karnataka,South,2023-03-30
1839,Arjun Sharma,Other,26,Chennai,Tamil Nadu,South,2022-05-30
1840,Pooja Rao,Male,42,Ahmedabad,Gujarat,West,2024-02-02
1841,Diya Kulkarni,Female,34,Ahmedabad,Gujarat,West,2024-09-28
1842,Rohan Nair,Other,30,Chennai,Tamil Nadu,South,2023-08-22
1843,Rahul Reddy,Female,18,Hubballi,Karnataka,South,2022-08-13
1844,Ananya Kulkarni,Female,27,Delhi,Delhi,North,2024-04-20
1845,Rohan Sharma,Female,21,Bengaluru,Karnataka,South,2023-12-15
1846,Vivaan Rao,Female,39,Kochi,Kerala,South,2024-12-06
1847,Aditya Verma,Female,18,Bengaluru,Karnataka,South,2024-06-02
1848,Riya Pillai,Other,46,Mangaluru,Karnataka,South,2024-07-12
1849,Meera Mishra,Female,47,Bhubaneswar,Odisha,East,2023-01-03
1850,Ananya Gupta,Other,31,Chennai,Tamil Nadu,South,2024-10-13
1851,Sneha Reddy,Female,44,Kolkata,West Bengal,East,2023-08-29
1852,Rohan Reddy,Other,50,Delhi,Delhi,North,2022-04-09
1853,Arjun Das,Female,32,Pune,Maharashtra,West,2023-02-09
1854,Meera Bhat,Male,36,Jaipur,Rajasthan,North,2024-06-12
1855,Rohan Mishra,Female,32,Hubballi,Karnataka,South,2022-09-15
1856,Diya Menon,Male,41,Kochi,Kerala,South,2022-02-23
1857,Ananya Shetty,Female,34,Lucknow,Uttar Pradesh,North,2024-10-15
1858,Aarav Reddy,Female,28,Pune,Maharashtra,West,2023-04-28
1859,Diya Bhat,Female,27,Mysuru,Karnataka,South,2024-10-09
1860,Rahul Nair,Female,44,Bhubaneswar,Odisha,East,2022-08-27
1861,Priya Kumar,Other,24,Delhi,Delhi,North,2022-10-31
1862,Ishita Rao,Female,48,Mysuru,Karnataka,South,2024-09-25
1863,Aditya Nair,Other,34,Ahmedabad,Gujarat,West,2023-10-04
1864,Ishita Pillai,Female,26,Pune,Maharashtra,West,2023-08-14
1865,Riya Joshi,Other,31,Hubballi,Karnataka,South,2022-03-13
1866,Nisha Menon,Male,41,Mangaluru,Karnataka,South,2023-07-29
1867,Karan Pillai,Female,32,Hyderabad,Telangana,South,2024-09-26
1868,Kavya Pillai,Female,25,Kolkata,West Bengal,East,2022-01-17
1869,Vikram Singh,Other,26,Ahmedabad,Gujarat,West,2024-12-22
1870,Aditya Pillai,Female,26,Jaipur,Rajasthan,North,2024-09-07
1871,Priya Mishra,Female,18,Mysuru,Karnataka,South,2023-06-04
1872,Sneha Rao,Female,27,Hyderabad,Telangana,South,2022-03-17
1873,Amit Menon,Male,24,Mangaluru,Karnataka,South,2024-07-14
1874,Arjun Mishra,Female,21,Delhi,Delhi,North,2024-12-30
1875,Nisha Patel,Male,42,Hyderabad,Telangana,South,2025-02-21
1876,Rohan Pillai,Other,43,Hubballi,Karnataka,South,2022-08-16
1877,Aarav Kumar,Other,47,Kolkata,West Bengal,East,2023-04-06
1878,Meera Kulkarni,Female,37,Mangaluru,Karnataka,South,2022-01-27
1879,Riya Pillai,Female,50,Mumbai,Maharashtra,West,2024-10-08
1880,Karan Shetty,Female,37,Hubballi,Karnataka,South,2024-04-10
1881,Amit Verma,Other,24,Delhi,Delhi,North,2025-04-02
1882,Diya Reddy,Other,31,Kochi,Kerala,South,2025-03-15
1883,Riya Naik,Female,37,Bengaluru,Karnataka,South,2024-08-22
1884,Rohan Nair,Male,46,Bhubaneswar,Odisha,East,2023-04-16
1885,Sneha Patel,Male,39,Hyderabad,Telangana,South,2022-02-03
1886,Sneha Iyer,Male,22,Lucknow,Uttar Pradesh,North,2022-08-09
1887,Amit Sharma,Male,21,Bhubaneswar,Odisha,East,2023-06-18
1888,Priya Menon,Other,23,Mumbai,Maharashtra,West,2024-04-20
1889,Ishita Menon,Female,19,Hyderabad,Telangana,South,2024-10-07
1890,Sneha Gupta,Other,28,Mumbai,Maharashtra,West,2022-08-27
1891,Nisha Kumar,Male,35,Mangaluru,Karnataka,South,2023-03-17
1892,Ishita Iyer,Female,22,Ahmedabad,Gujarat,West,2024-12-09
1893,Amit Kumar,Male,38,Mangaluru,Karnataka,South,2024-07-04
1894,Aditya Sharma,Male,54,Bengaluru,Karnataka,South,2022-10-05
1895,Nisha Verma,Male,36,Lucknow,Uttar Pradesh,North,2024-09-15
1896,Rohan Verma,Female,18,Mysuru,Karnataka,South,2023-08-03
1897,Riya Verma,Other,29,Kochi,Kerala,South,2025-03-16
1898,Meera Naik,Female,23,Mangaluru,Karnataka,South,2022-06-12
1899,Meera Menon,Female,56,Ahmedabad,Gujarat,West,2023-03-17
1900,Rahul Verma,Other,35,Hubballi,Karnataka,South,2022-10-15
1901,Priya Bhat,Other,18,Bengaluru,Karnataka,South,2022-07-06
1902,Pooja Hegde,Female,18,Hubballi,Karnataka,South,2022-11-12
1903,Sneha Pillai,Female,32,Kochi,Kerala,South,2022-05-24
1904,Vivaan Pillai,Female,34,Bengaluru,Karnataka,South,2024-07-15
1905,Diya Rao,Other,27,Lucknow,Uttar Pradesh,North,2025-02-04
1906,Aditya Kumar,Other,30,Pune,Maharashtra,West,2022-12-07
1907,Pooja Hegde,Female,39,Lucknow,Uttar Pradesh,North,2022-01-04
1908,Aditya Naik,Other,58,Ahmedabad,Gujarat,West,2024-06-26
1909,Vikram Bhat,Other,25,Mysuru,Karnataka,South,2023-08-30
1910,Aditya Kulkarni,Other,18,Lucknow,Uttar Pradesh,North,2024-09-18
1911,Riya Patel,Female,45,Chennai,Tamil Nadu,South,2022-11-17
1912,Aarav Bhat,Female,40,Ahmedabad,Gujarat,West,2023-12-12
1913,Nisha Pillai,Other,32,Ahmedabad,Gujarat,West,2025-02-05
1914,Kavya Iyer,Female,31,Hyderabad,Telangana,South,2024-03-28
1915,Rahul Patel,Other,23,Chennai,Tamil Nadu,South,2025-04-09
1916,Riya Nair,Other,30,Kochi,Kerala,South,2025-01-24
1917,Priya Hegde,Male,23,Kolkata,West Bengal,East,2024-02-17
1918,Nisha Pillai,Male,41,Jaipur,Rajasthan,North,2024-04-24
1919,Vivaan Nair,Other,25,Delhi,Delhi,North,2024-10-12
1920,Aarav Nair,Female,41,Delhi,Delhi,North,2023-02-25
1921,Rohan Naik,Male,25,Mysuru,Karnataka,South,2022-07-04
1922,Sanjay Hegde,Male,46,Bhubaneswar,Odisha,East,2022-01-12
1923,Sanjay Hegde,Female,30,Delhi,Delhi,North,2025-01-01
1924,Arjun Mishra,Male,33,Bengaluru,Karnataka,South,2023-05-20
1925,Priya Kumar,Other,49,Kochi,Kerala,South,2024-02-27
1926,Diya Singh,Female,33,Pune,Maharashtra,West,2024-07-11
1927,Vikram Bhat,Male,35,Kolkata,West Bengal,East,2023-07-23
1928,Pooja Patel,Female,43,Kolkata,West Bengal,East,2022-05-05
1929,Rohan Mishra,Male,26,Mysuru,Karnataka,South,2024-05-20
1930,Nisha Verma,Female,34,Bhubaneswar,Odisha,East,2024-04-25
1931,Meera Singh,Male,32,Hubballi,Karnataka,South,2023-11-05
1932,Diya Patel,Other,41,Delhi,Delhi,North,2022-02-05
1933,Arjun Patel,Male,53,Chennai,Tamil Nadu,South,2024-11-11
1934,Ishita Bhat,Female,36,Pune,Maharashtra,West,2023-03-16
1935,Sneha Joshi,Female,42,Pune,Maharashtra,West,2023-12-30
1936,Ishita Bhat,Female,29,Jaipur,Rajasthan,North,2022-05-28
1937,Pooja Verma,Male,25,Mangaluru,Karnataka,South,2022-10-21
1938,Meera Menon,Other,26,Chennai,Tamil Nadu,South,2023-10-23
1939,Pooja Patel,Male,32,Hyderabad,Telangana,South,2025-02-01
1940,Sneha Iyer,Female,23,Kochi,Kerala,South,2023-12-11
1941,Sanjay Shetty,Female,45,Delhi,Delhi,North,2023-01-31
1942,Arjun Hegde,Other,21,Chennai,Tamil Nadu,South,2025-03-11
1943,Ishita Das,Other,25,Delhi,Delhi,North,2022-11-13
1944,Vikram Pillai,Male,30,Lucknow,Uttar Pradesh,North,2023-11-12
1945,Ananya Singh,Female,18,Ahmedabad,Gujarat,West,2023-05-10
1946,Aarav Sharma,Male,33,Ahmedabad,Gujarat,West,2023-01-07
1947,Kavya Rao,Other,42,Bengaluru,Karnataka,South,2024-05-04
1948,Meera Iyer,Male,41,Mysuru,Karnataka,South,2024-04-26
1949,Amit Hegde,Male,21,Lucknow,Uttar Pradesh,North,2022-02-12
1950,Aarav Mishra,Male,26,Bengaluru,Karnataka,South,2022-07-09
1951,Riya Gupta,Other,40,Bengaluru,Karnataka,South,2024-03-10
1952,Arjun Rao,Male,61,Jaipur,Rajasthan,North,2022-11-22
1953,Riya Kumar,Female,20,Bhubaneswar,Odisha,East,2024-04-16
1954,Priya Singh,Male,28,Jaipur,Rajasthan,North,2023-10-03
1955,Rahul Hegde,Female,33,Lucknow,Uttar Pradesh,North,2024-07-28
1956,Aditya Das,Female,36,Pune,Maharashtra,West,2022-02-23
1957,Kavya Shetty,Female,28,Kolkata,West Bengal,East,2023-06-12
1958,Aditya Hegde,Male,44,Mangaluru,Karnataka,South,2025-02-08
1959,Ishita Shetty,Male,50,Mumbai,Maharashtra,West,2022-05-09
1960,Sanjay Singh,Female,24,Chennai,Tamil Nadu,South,2022-01-08
1961,Nisha Gupta,Other,24,Mysuru,Karnataka,South,2022-01-29
1962,Rahul Bhat,Male,48,Mumbai,Maharashtra,West,2022-07-07
1963,Sneha Verma,Male,51,Mangaluru,Karnataka,South,2023-12-10
1964,Arjun Das,Other,41,Delhi,Delhi,North,2022-10-03
1965,Arjun Patel,Male,30,Chennai,Tamil Nadu,South,2025-01-01
1966,Priya Hegde,Female,47,Mysuru,Karnataka,South,2025-01-30
1967,Nisha Kumar,Other,22,Bengaluru,Karnataka,South,2024-09-13
1968,Aarav Patel,Other,38,Jaipur,Rajasthan,North,2022-07-07
1969,Sanjay Kumar,Other,33,Mumbai,Maharashtra,West,2025-01-14
1970,Ishita Pillai,Male,18,Hyderabad,Telangana,South,2024-05-26
1971,Nisha Bhat,Female,31,Ahmedabad,Gujarat,West,2024-12-02
1972,Aditya Kulkarni,Male,31,Mumbai,Maharashtra,West,2024-05-07
1973,Ishita Bhat,Male,59,Bengaluru,Karnataka,South,2023-09-19
1974,Sneha Iyer,Female,27,Delhi,Delhi,North,2024-07-12
1975,Amit Menon,Male,35,Jaipur,Rajasthan,North,2022-05-17
1976,Aditya Iyer,Other,24,Jaipur,Rajasthan,North,2023-03-15
1977,Ananya Reddy,Female,37,Bhubaneswar,Odisha,East,2023-10-28
1978,Amit Gupta,Male,32,Kolkata,West Bengal,East,2023-09-02
1979,Vivaan Menon,Other,27,Ahmedabad,Gujarat,West,2023-03-03
1980,Amit Menon,Male,18,Hubballi,Karnataka,South,2024-01-12
1981,Diya Bhat,Male,49,Jaipur,Rajasthan,North,2022-11-24
1982,Meera Gupta,Male,39,Kochi,Kerala,South,2023-01-11
1983,Karan Sharma,Other,28,Bengaluru,Karnataka,South,2022-09-20
1984,Vikram Bhat,Female,55,Delhi,Delhi,North,2023-10-14
1985,Sneha Nair,Female,37,Mysuru,Karnataka,South,2022-02-15
1986,Meera Sharma,Male,35,Ahmedabad,Gujarat,West,2023-08-24
1987,Vivaan Shetty,Other,23,Hyderabad,Telangana,South,2023-01-16
1988,Ishita Rao,Male,46,Bengaluru,Karnataka,South,2022-09-17
1989,Pooja Das,Other,36,Kolkata,West Bengal,East,2025-01-03
1990,Sneha Kumar,Other,38,Bhubaneswar,Odisha,East,2023-06-07
1991,Vikram Reddy,Male,36,Delhi,Delhi,North,2023-03-05
1992,Rohan Bhat,Other,24,Lucknow,Uttar Pradesh,North,2023-01-02
1993,Nisha Mishra,Male,28,Bengaluru,Karnataka,South,2022-11-09
1994,Rohan Sharma,Male,32,Hubballi,Karnataka,South,2024-05-14
1995,Vivaan Nair,Male,24,Jaipur,Rajasthan,North,2025-04-02
1996,Riya Singh,Other,33,Pune,Maharashtra,West,2023-05-15
1997,Arjun Rao,Female,32,Mysuru,Karnataka,South,2025-01-21
1998,Riya Joshi,Male,44,Delhi,Delhi,North,2024-08-04
1999,Karan Verma,Female,49,Kolkata,West Bengal,East,2022-12-24
2000,Ishita Shetty,Male,22,Kolkata,West Bengal,East,2023-07-30
2001,Priya Kulkarni,Male,24,Jaipur,Rajasthan,North,2022-09-01
2002,Karan Patel,Other,18,Hyderabad,Telangana,South,2022-08-05
2003,Ananya Reddy,Male,33,Mangaluru,Karnataka,South,2024-10-05
2004,Rohan Verma,Male,22,Chennai,Tamil Nadu,South,2023-01-26
2005,Diya Kulkarni,Male,25,Lucknow,Uttar Pradesh,North,2023-01-16
2006,Vikram Pillai,Male,28,Pune,Maharashtra,West,2024-07-18
2007,Arjun Mishra,Female,49,Mangaluru,Karnataka,South,2024-07-01
2008,Rahul Sharma,Female,43,Kolkata,West Bengal,East,2022-03-12
2009,Aarav Sharma,Male,26,Mysuru,Karnataka,South,2023-04-23
2010,Aditya Pillai,Female,31,Kochi,Kerala,South,2024-07-08
2011,Nisha Kumar,Male,25,Mumbai,Maharashtra,West,2022-10-19
2012,Sanjay Naik,Female,34,Mangaluru,Karnataka,South,2023-01-12
2013,Vikram Singh,Other,26,Mumbai,Maharashtra,West,2025-03-25
2014,Vivaan Mishra,Male,29,Lucknow,Uttar Pradesh,North,2023-07-13
2015,Nisha Mishra,Male,26,Lucknow,Uttar Pradesh,North,2024-11-20
2016,Amit Iyer,Female,35,Jaipur,Rajasthan,North,2022-10-31
2017,Sneha Joshi,Male,39,Bengaluru,Karnataka,South,2024-07-30
2018,Pooja Rao,Other,48,Mysuru,Karnataka,South,2023-06-26
2019,Sneha Naik,Male,44,Hyderabad,Telangana,South,2024-12-25
2020,Karan Hegde,Male,38,Pune,Maharashtra,West,2025-01-18
2021,Arjun Kumar,Other,39,Hubballi,Karnataka,South,2023-11-24
2022,Nisha Bhat,Male,23,Bhubaneswar,Odisha,East,2023-01-18
2023,Vivaan Patel,Other,49,Mangaluru,Karnataka,South,2023-03-18
2024,Amit Gupta,Female,18,Hyderabad,Telangana,South,2023-08-21
2025,Ananya Mishra,Female,60,Chennai,Tamil Nadu,South,2022-01-19
2026,Arjun Patel,Other,39,Bengaluru,Karnataka,South,2022-02-02
2027,Rahul Sharma,Female,27,Mangaluru,Karnataka,South,2024-05-11
2028,Arjun Reddy,Male,29,Ahmedabad,Gujarat,West,2022-09-28
2029,Meera Pillai,Other,21,Lucknow,Uttar Pradesh,North,2024-02-09
2030,Kavya Gupta,Other,49,Hyderabad,Telangana,South,2022-10-01
2031,Ananya Joshi,Male,32,Jaipur,Rajasthan,North,2022-09-16
2032,Vikram Rao,Male,20,Hyderabad,Telangana,South,2023-02-26
2033,Kavya Gupta,Female,37,Lucknow,Uttar Pradesh,North,2022-12-30
2034,Vikram Reddy,Female,46,Kochi,Kerala,South,2024-05-30
2035,Nisha Patel,Female,36,Delhi,Delhi,North,2025-01-26
2036,Karan Mishra,Female,47,Mangaluru,Karnataka,South,2025-04-10
2037,Ishita Iyer,Male,46,Mangaluru,Karnataka,South,2023-01-18
2038,Karan Iyer,Female,39,Pune,Maharashtra,West,2025-01-13
2039,Ananya Kumar,Male,32,Hubballi,Karnataka,South,2022-05-24
2040,Priya Patel,Female,35,Lucknow,Uttar Pradesh,North,2022-08-12
2041,Arjun Das,Female,33,Mangaluru,Karnataka,South,2022-08-08
2042,Rahul Shetty,Male,30,Mumbai,Maharashtra,West,2024-08-11
2043,Amit Mishra,Male,38,Kochi,Kerala,South,2023-03-05
2044,Riya Singh,Other,38,Kolkata,West Bengal,East,2022-07-16
2045,Vikram Reddy,Female,18,Ahmedabad,Gujarat,West,2024-12-12
2046,Pooja Bhat,Male,35,Bhubaneswar,Odisha,East,2024-06-08
2047,Nisha Das,Female,25,Delhi,Delhi,North,2024-07-13
2048,Kavya Joshi,Male,42,Bengaluru,Karnataka,South,2022-02-04
2049,Kavya Pillai,Male,30,Hyderabad,Telangana,South,2023-09-15
2050,Priya Kumar,Other,39,Kochi,Kerala,South,2022-05-02
2051,Aarav Verma,Male,31,Kochi,Kerala,South,2022-12-06
2052,Nisha Naik,Male,33,Bengaluru,Karnataka,South,2023-03-27
2053,Pooja Menon,Female,44,Mumbai,Maharashtra,West,2023-07-11
2054,Arjun Das,Female,61,Kolkata,West Bengal,East,2022-01-09
2055,Aditya Kulkarni,Male,35,Hubballi,Karnataka,South,2022-11-30
2056,Kavya Gupta,Male,20,Lucknow,Uttar Pradesh,North,2022-01-01
2057,Amit Joshi,Other,29,Hyderabad,Telangana,South,2022-09-23
2058,Aarav Bhat,Other,31,Mysuru,Karnataka,South,2022-01-12
2059,Rahul Das,Other,45,Chennai,Tamil Nadu,South,2024-07-25
2060,Priya Sharma,Female,43,Lucknow,Uttar Pradesh,North,2024-11-14
2061,Rohan Menon,Male,31,Pune,Maharashtra,West,2025-03-10
2062,Diya Das,Other,28,Kolkata,West Bengal,East,2025-01-20
2063,Aarav Reddy,Female,45,Jaipur,Rajasthan,North,2022-06-28
2064,Ananya Naik,Male,26,Kochi,Kerala,South,2022-05-17
2065,Kavya Hegde,Other,43,Chennai,Tamil Nadu,South,2022-08-20
2066,Sneha Pillai,Male,52,Delhi,Delhi,North,2024-12-27
2067,Aditya Mishra,Female,34,Kolkata,West Bengal,East,2024-03-24
2068,Vivaan Naik,Other,38,Lucknow,Uttar Pradesh,North,2023-08-29
2069,Vivaan Rao,Female,30,Hyderabad,Telangana,South,2023-03-05
2070,Meera Mishra,Male,31,Hyderabad,Telangana,South,2025-02-15
2071,Diya Singh,Other,40,Hyderabad,Telangana,South,2024-04-29
2072,Aditya Kulkarni,Other,44,Ahmedabad,Gujarat,West,2024-03-23
2073,Karan Kumar,Female,25,Kolkata,West Bengal,East,2022-06-24
2074,Sneha Rao,Other,20,Hubballi,Karnataka,South,2025-03-16
2075,Priya Gupta,Other,45,Pune,Maharashtra,West,2022-02-04
2076,Vikram Shetty,Female,22,Kolkata,West Bengal,East,2024-11-03
2077,Sanjay Naik,Other,33,Kochi,Kerala,South,2023-01-09
2078,Sanjay Patel,Male,51,Mumbai,Maharashtra,West,2023-12-06
2079,Diya Das,Female,40,Hyderabad,Telangana,South,2023-07-17
2080,Pooja Rao,Female,48,Ahmedabad,Gujarat,West,2022-03-17
2081,Sneha Kulkarni,Female,43,Lucknow,Uttar Pradesh,North,2023-03-15
2082,Riya Iyer,Other,24,Pune,Maharashtra,West,2024-07-03
2083,Aditya Gupta,Female,28,Lucknow,Uttar Pradesh,North,2024-06-09
2084,Aditya Menon,Male,54,Mysuru,Karnataka,South,2022-10-21
2085,Aditya Rao,Male,24,Chennai,Tamil Nadu,South,2024-10-16
2086,Arjun Kumar,Female,50,Chennai,Tamil Nadu,South,2024-04-19
2087,Karan Naik,Other,39,Mangaluru,Karnataka,South,2022-08-24
2088,Amit Verma,Other,50,Bengaluru,Karnataka,South,2024-03-04
2089,Rohan Bhat,Female,47,Ahmedabad,Gujarat,West,2022-03-26
2090,Meera Sharma,Female,22,Mumbai,Maharashtra,West,2024-07-27
2091,Aditya Sharma,Male,40,Hubballi,Karnataka,South,2024-07-07
2092,Pooja Shetty,Female,35,Bhubaneswar,Odisha,East,2022-11-09
2093,Ananya Shetty,Female,54,Delhi,Delhi,North,2023-09-07
2094,Pooja Kulkarni,Female,49,Delhi,Delhi,North,2025-01-16
2095,Amit Pillai,Male,32,Pune,Maharashtra,West,2023-11-11
2096,Amit Singh,Female,18,Kochi,Kerala,South,2022-12-06
2097,Nisha Iyer,Female,42,Hubballi,Karnataka,South,2022-12-13
2098,Vivaan Kumar,Female,23,Kolkata,West Bengal,East,2022-04-19
2099,Meera Singh,Other,40,Chennai,Tamil Nadu,South,2023-06-17
2100,Rahul Kulkarni,Female,48,Kochi,Kerala,South,2022-12-09
2101,Rahul Kumar,Male,24,Mangaluru,Karnataka,South,2022-04-11
2102,Arjun Patel,Female,39,Hubballi,Karnataka,South,2022-02-27
2103,Rohan Das,Female,18,Delhi,Delhi,North,2022-10-24
2104,Rahul Gupta,Other,33,Hyderabad,Telangana,South,2023-07-04
2105,Vivaan Shetty,Female,34,Lucknow,Uttar Pradesh,North,2024-06-20
2106,Diya Das,Other,30,Mangaluru,Karnataka,South,2025-04-06
2107,Sneha Nair,Male,32,Mangaluru,Karnataka,South,2024-02-10
2108,Aarav Menon,Female,21,Kochi,Kerala,South,2022-05-26
2109,Rohan Das,Female,30,Kolkata,West Bengal,East,2024-06-11
2110,Aarav Kulkarni,Other,28,Mangaluru,Karnataka,South,2022-01-01
2111,Amit Bhat,Female,43,Hyderabad,Telangana,South,2022-06-02
2112,Priya Kumar,Other,35,Kolkata,West Bengal,East,2022-08-09
2113,Meera Shetty,Other,18,Lucknow,Uttar Pradesh,North,2023-12-24
2114,Nisha Patel,Male,42,Mysuru,Karnataka,South,2024-04-20
2115,Sneha Rao,Female,28,Jaipur,Rajasthan,North,2024-12-01
2116,Ishita Mishra,Male,26,Bengaluru,Karnataka,South,2024-05-21
2117,Diya Reddy,Female,55,Pune,Maharashtra,West,2022-12-11
2118,Riya Gupta,Other,47,Bengaluru,Karnataka,South,2024-12-29
2119,Vikram Hegde,Male,34,Ahmedabad,Gujarat,West,2024-05-22
2120,Aditya Kulkarni,Female,21,Bengaluru,Karnataka,South,2024-01-26
2121,Aditya Naik,Female,26,Jaipur,Rajasthan,North,2022-10-01
2122,Nisha Shetty,Other,18,Hubballi,Karnataka,South,2023-04-24
2123,Pooja Patel,Other,43,Delhi,Delhi,North,2022-01-15
2124,Ishita Kumar,Other,30,Hyderabad,Telangana,South,2023-09-13
2125,Kavya Iyer,Female,23,Bhubaneswar,Odisha,East,2025-03-06
2126,Aarav Nair,Female,24,Hyderabad,Telangana,South,2022-05-23
2127,Amit Das,Other,57,Hyderabad,Telangana,South,2024-12-28
2128,Karan Das,Other,19,Mysuru,Karnataka,South,2023-09-15
2129,Meera Nair,Male,30,Mumbai,Maharashtra,West,2023-06-09
2130,Kavya Verma,Male,30,Kolkata,West Bengal,East,2022-03-08
2131,Priya Mishra,Male,37,Bhubaneswar,Odisha,East,2022-07-10
2132,Karan Nair,Female,31,Mangaluru,Karnataka,South,2025-02-14
2133,Pooja Shetty,Male,29,Bhubaneswar,Odisha,East,2022-09-24
2134,Priya Menon,Male,30,Kochi,Kerala,South,2025-04-02
2135,Kavya Hegde,Female,18,Bengaluru,Karnataka,South,2023-01-11
2136,Sneha Das,Other,23,Mangaluru,Karnataka,South,2022-03-14
2137,Rohan Gupta,Male,54,Delhi,Delhi,North,2022-11-04
2138,Ishita Nair,Other,35,Bhubaneswar,Odisha,East,2023-07-26
2139,Vivaan Nair,Other,46,Pune,Maharashtra,West,2024-03-01
2140,Nisha Kulkarni,Other,38,Chennai,Tamil Nadu,South,2025-03-20
2141,Vikram Sharma,Male,29,Pune,Maharashtra,West,2022-06-28
2142,Sanjay Nair,Other,24,Mangaluru,Karnataka,South,2022-07-28
2143,Nisha Rao,Other,45,Bhubaneswar,Odisha,East,2023-05-08
2144,Amit Verma,Male,42,Jaipur,Rajasthan,North,2024-05-20
2145,Vikram Sharma,Male,34,Pune,Maharashtra,West,2024-01-02
2146,Sanjay Bhat,Male,19,Kolkata,West Bengal,East,2023-11-29
2147,Diya Pillai,Female,52,Delhi,Delhi,North,2025-01-27
2148,Kavya Hegde,Other,24,Delhi,Delhi,North,2022-11-21
2149,Nisha Rao,Female,42,Jaipur,Rajasthan,North,2024-09-05
2150,Priya Sharma,Female,34,Ahmedabad,Gujarat,West,2023-01-19
2151,Priya Patel,Male,38,Mangaluru,Karnataka,South,2022-08-04
2152,Meera Kumar,Female,39,Hyderabad,Telangana,South,2024-08-08
2153,Vivaan Hegde,Female,38,Mangaluru,Karnataka,South,2022-07-02
2154,Diya Patel,Female,24,Mumbai,Maharashtra,West,2023-04-12
2155,Pooja Reddy,Other,33,Chennai,Tamil Nadu,South,2022-11-01
2156,Rahul Rao,Other,26,Hubballi,Karnataka,South,2022-08-20
2157,Rahul Kulkarni,Female,30,Kolkata,West Bengal,East,2023-08-18
2158,Ananya Nair,Female,41,Bhubaneswar,Odisha,East,2024-08-30
2159,Diya Rao,Other,38,Jaipur,Rajasthan,North,2024-10-27
2160,Diya Kumar,Male,39,Delhi,Delhi,North,2023-06-02
2161,Pooja Nair,Female,35,Mangaluru,Karnataka,South,2024-07-02
2162,Nisha Verma,Female,37,Kolkata,West Bengal,East,2023-11-17
2163,Rahul Rao,Male,26,Kochi,Kerala,South,2025-03-21
2164,Pooja Joshi,Male,26,Mangaluru,Karnataka,South,2024-06-12
2165,Sneha Mishra,Other,25,Kolkata,West Bengal,East,2024-06-17
2166,Pooja Kulkarni,Other,32,Bhubaneswar,Odisha,East,2023-07-20
2167,Arjun Verma,Female,42,Ahmedabad,Gujarat,West,2024-04-06
2168,Aditya Rao,Male,29,Kochi,Kerala,South,2024-06-23
2169,Aarav Bhat,Female,42,Kochi,Kerala,South,2023-10-31
2170,Diya Kumar,Female,45,Chennai,Tamil Nadu,South,2023-12-09
2171,Riya Naik,Female,33,Kochi,Kerala,South,2024-11-24
2172,Amit Sharma,Other,34,Mangaluru,Karnataka,South,2023-09-08
2173,Arjun Joshi,Male,39,Bhubaneswar,Odisha,East,2022-10-10
2174,Rohan Joshi,Female,43,Bhubaneswar,Odisha,East,2023-11-21
2175,Karan Kumar,Male,34,Mangaluru,Karnataka,South,2023-07-29
2176,Arjun Reddy,Male,52,Mumbai,Maharashtra,West,2023-01-18
2177,Nisha Verma,Male,46,Kolkata,West Bengal,East,2022-07-28
2178,Arjun Patel,Other,32,Hubballi,Karnataka,South,2022-08-12
2179,Priya Patel,Female,28,Ahmedabad,Gujarat,West,2022-01-03
2180,Sanjay Patel,Male,37,Mysuru,Karnataka,South,2022-04-26
2181,Aarav Rao,Male,38,Chennai,Tamil Nadu,South,2023-03-23
2182,Riya Gupta,Other,36,Kochi,Kerala,South,2025-01-23
2183,Karan Singh,Other,28,Kochi,Kerala,South,2024-06-10
2184,Aarav Reddy,Male,37,Hyderabad,Telangana,South,2024-12-09
2185,Sanjay Pillai,Female,28,Bhubaneswar,Odisha,East,2023-12-19
2186,Rahul Naik,Other,31,Hyderabad,Telangana,South,2024-11-16
2187,Vikram Naik,Other,30,Delhi,Delhi,North,2022-09-28
2188,Arjun Pillai,Male,39,Mysuru,Karnataka,South,2023-01-22
2189,Karan Gupta,Female,32,Ahmedabad,Gujarat,West,2023-12-03
2190,Sneha Sharma,Other,37,Mangaluru,Karnataka,South,2024-09-10
2191,Karan Naik,Other,33,Mysuru,Karnataka,South,2022-12-18
2192,Diya Pillai,Male,35,Pune,Maharashtra,West,2023-06-30
2193,Arjun Singh,Female,20,Pune,Maharashtra,West,2022-03-20
2194,Kavya Gupta,Other,21,Mumbai,Maharashtra,West,2025-01-26
2195,Kavya Rao,Female,44,Hubballi,Karnataka,South,2025-01-10
2196,Meera Rao,Other,32,Mysuru,Karnataka,South,2024-02-04
2197,Nisha Iyer,Other,32,Mangaluru,Karnataka,South,2024-07-09
2198,Sneha Patel,Male,32,Chennai,Tamil Nadu,South,2024-08-31
2199,Nisha Rao,Female,18,Hyderabad,Telangana,South,2025-01-22
2200,Meera Mishra,Other,18,Chennai,Tamil Nadu,South,2024-01-27
2201,Meera Joshi,Other,39,Chennai,Tamil Nadu,South,2024-11-11
2202,Amit Verma,Male,29,Mumbai,Maharashtra,West,2023-09-26
2203,Aditya Bhat,Other,22,Bhubaneswar,Odisha,East,2025-02-25
2204,Rahul Sharma,Other,18,Hyderabad,Telangana,South,2023-03-18
2205,Arjun Menon,Female,34,Pune,Maharashtra,West,2023-05-18
2206,Aditya Rao,Male,50,Ahmedabad,Gujarat,West,2024-05-11
2207,Ishita Pillai,Male,33,Mumbai,Maharashtra,West,2023-08-16
2208,Rahul Reddy,Female,34,Lucknow,Uttar Pradesh,North,2023-03-24
2209,Ananya Gupta,Other,19,Hubballi,Karnataka,South,2024-03-29
2210,Ishita Rao,Male,29,Bhubaneswar,Odisha,East,2022-09-22
2211,Kavya Bhat,Female,18,Bhubaneswar,Odisha,East,2023-09-04
2212,Priya Pillai,Female,35,Kolkata,West Bengal,East,2023-11-05
2213,Ishita Iyer,Female,37,Kolkata,West Bengal,East,2022-06-06
2214,Riya Menon,Female,35,Jaipur,Rajasthan,North,2022-04-07
2215,Sanjay Kumar,Female,34,Ahmedabad,Gujarat,West,2023-05-28
2216,Arjun Hegde,Female,23,Mysuru,Karnataka,South,2025-01-10
2217,Vikram Kumar,Male,48,Pune,Maharashtra,West,2022-02-28
2218,Vivaan Reddy,Female,42,Mysuru,Karnataka,South,2025-02-02
2219,Aarav Singh,Female,41,Jaipur,Rajasthan,North,2022-08-16
2220,Ananya Kumar,Female,25,Delhi,Delhi,North,2023-04-17
2221,Riya Rao,Male,26,Delhi,Delhi,North,2024-12-15
2222,Pooja Bhat,Female,36,Jaipur,Rajasthan,North,2023-11-25
2223,Amit Bhat,Female,42,Hubballi,Karnataka,South,2024-08-30
2224,Sanjay Kulkarni,Female,45,Ahmedabad,Gujarat,West,2022-07-08
2225,Sneha Kulkarni,Male,37,Kolkata,West Bengal,East,2023-03-02
2226,Vivaan Verma,Male,38,Kolkata,West Bengal,East,2023-05-14
2227,Meera Shetty,Female,28,Mumbai,Maharashtra,West,2024-02-01
2228,Meera Patel,Male,34,Pune,Maharashtra,West,2022-03-12
2229,Sneha Nair,Other,40,Mangaluru,Karnataka,South,2022-09-05
2230,Nisha Verma,Male,18,Mangaluru,Karnataka,South,2023-08-05
2231,Ishita Bhat,Male,37,Chennai,Tamil Nadu,South,2023-04-15
2232,Nisha Kulkarni,Other,36,Delhi,Delhi,North,2022-02-21
2233,Priya Bhat,Female,36,Ahmedabad,Gujarat,West,2024-05-31
2234,Rahul Naik,Male,28,Ahmedabad,Gujarat,West,2023-06-05
2235,Sanjay Bhat,Other,20,Mumbai,Maharashtra,West,2023-11-22
2236,Riya Iyer,Female,35,Mumbai,Maharashtra,West,2024-09-08
2237,Vivaan Sharma,Other,27,Hyderabad,Telangana,South,2024-08-08
2238,Rohan Iyer,Female,21,Bengaluru,Karnataka,South,2024-09-15
2239,Priya Sharma,Other,33,Kolkata,West Bengal,East,2023-04-04
2240,Ishita Rao,Female,43,Hyderabad,Telangana,South,2023-03-01
2241,Diya Verma,Female,32,Hyderabad,Telangana,South,2023-07-08
2242,Vikram Joshi,Male,30,Bengaluru,Karnataka,South,2022-09-30
2243,Amit Pillai,Male,43,Jaipur,Rajasthan,North,2023-02-02
2244,Aditya Nair,Male,38,Kochi,Kerala,South,2023-07-23
2245,Rahul Sharma,Other,38,Hyderabad,Telangana,South,2025-02-11
2246,Vivaan Das,Other,29,Hyderabad,Telangana,South,2023-12-11
2247,Kavya Pillai,Other,31,Bhubaneswar,Odisha,East,2022-11-17
2248,Kavya Hegde,Male,36,Kochi,Kerala,South,2022-03-02
2249,Nisha Pillai,Male,34,Lucknow,Uttar Pradesh,North,2024-12-13
2250,Ishita Pillai,Female,30,Hyderabad,Telangana,South,2022-03-06
2251,Priya Rao,Female,30,Hyderabad,Telangana,South,2023-08-09
2252,Karan Shetty,Female,34,Mysuru,Karnataka,South,2023-06-19
2253,Ananya Singh,Other,24,Ahmedabad,Gujarat,West,2023-11-24
2254,Diya Verma,Male,23,Chennai,Tamil Nadu,South,2024-03-24
2255,Aditya Kulkarni,Male,43,Pune,Maharashtra,West,2024-10-01
2256,Sanjay Patel,Female,18,Chennai,Tamil Nadu,South,2022-11-23
2257,Ishita Joshi,Other,25,Delhi,Delhi,North,2023-08-31
2258,Aditya Pillai,Male,39,Lucknow,Uttar Pradesh,North,2022-05-05
2259,Ananya Hegde,Male,48,Delhi,Delhi,North,2025-01-09
2260,Pooja Bhat,Female,34,Delhi,Delhi,North,2024-03-10
2261,Diya Reddy,Other,24,Hubballi,Karnataka,South,2024-05-22
2262,Amit Naik,Female,38,Bhubaneswar,Odisha,East,2023-05-16
2263,Sneha Shetty,Male,31,Mumbai,Maharashtra,West,2024-12-17
2264,Ishita Hegde,Other,26,Mumbai,Maharashtra,West,2022-02-14
2265,Meera Kulkarni,Male,30,Ahmedabad,Gujarat,West,2025-01-25
2266,Aarav Naik,Male,32,Kochi,Kerala,South,2023-09-13
2267,Nisha Gupta,Other,39,Delhi,Delhi,North,2023-07-21
2268,Meera Hegde,Other,32,Bhubaneswar,Odisha,East,2025-02-27
2269,Riya Verma,Other,33,Ahmedabad,Gujarat,West,2024-04-27
2270,Vivaan Naik,Male,35,Lucknow,Uttar Pradesh,North,2025-03-23
2271,Meera Kumar,Male,48,Hyderabad,Telangana,South,2022-03-20
2272,Amit Verma,Female,47,Mangaluru,Karnataka,South,2022-06-18
2273,Aditya Gupta,Female,45,Hyderabad,Telangana,South,2023-11-12
2274,Amit Singh,Female,38,Chennai,Tamil Nadu,South,2023-09-09
2275,Riya Joshi,Female,52,Jaipur,Rajasthan,North,2024-10-21
2276,Arjun Kumar,Male,40,Hubballi,Karnataka,South,2023-06-02
2277,Vikram Nair,Female,45,Bengaluru,Karnataka,South,2025-01-31
2278,Sneha Verma,Female,38,Pune,Maharashtra,West,2023-11-01
2279,Vivaan Gupta,Male,24,Jaipur,Rajasthan,North,2024-07-05
2280,Rohan Sharma,Female,30,Chennai,Tamil Nadu,South,2022-03-15
2281,Sanjay Kulkarni,Male,41,Kolkata,West Bengal,East,2022-02-25
2282,Vivaan Bhat,Male,59,Jaipur,Rajasthan,North,2023-07-28
2283,Aditya Shetty,Other,25,Bengaluru,Karnataka,South,2023-10-29
2284,Aditya Verma,Female,40,Chennai,Tamil Nadu,South,2022-07-06
2285,Aditya Menon,Other,18,Jaipur,Rajasthan,North,2023-05-13
2286,Rohan Joshi,Male,28,Bhubaneswar,Odisha,East,2022-04-24
2287,Pooja Rao,Other,46,Delhi,Delhi,North,2022-01-13
2288,Priya Naik,Female,22,Jaipur,Rajasthan,North,2023-03-23
2289,Aditya Joshi,Other,30,Pune,Maharashtra,West,2024-09-12
2290,Ananya Shetty,Other,32,Mysuru,Karnataka,South,2022-04-11
2291,Ishita Joshi,Female,27,Lucknow,Uttar Pradesh,North,2022-06-25
2292,Rohan Rao,Male,20,Hubballi,Karnataka,South,2023-03-05
2293,Sanjay Das,Female,29,Hubballi,Karnataka,South,2022-12-10
2294,Priya Patel,Female,26,Chennai,Tamil Nadu,South,2023-10-19
2295,Diya Rao,Female,23,Ahmedabad,Gujarat,West,2023-12-29
2296,Kavya Bhat,Other,33,Ahmedabad,Gujarat,West,2024-04-15
2297,Sanjay Kumar,Female,52,Hubballi,Karnataka,South,2022-04-27
2298,Diya Nair,Male,50,Pune,Maharashtra,West,2024-08-11
2299,Riya Patel,Other,18,Jaipur,Rajasthan,North,2023-10-23
2300,Vivaan Joshi,Female,29,Jaipur,Rajasthan,North,2023-08-09
2301,Ishita Nair,Other,29,Ahmedabad,Gujarat,West,2024-07-01
2302,Diya Rao,Other,29,Lucknow,Uttar Pradesh,North,2022-04-11
2303,Vikram Das,Female,23,Bhubaneswar,Odisha,East,2023-07-11
2304,Ishita Hegde,Female,19,Bengaluru,Karnataka,South,2022-06-06
2305,Vikram Nair,Male,34,Mysuru,Karnataka,South,2024-01-05
2306,Rahul Das,Other,32,Bhubaneswar,Odisha,East,2023-07-13
2307,Kavya Patel,Female,32,Hyderabad,Telangana,South,2022-04-17
2308,Aditya Bhat,Female,30,Bhubaneswar,Odisha,East,2022-06-04
2309,Kavya Shetty,Other,41,Lucknow,Uttar Pradesh,North,2024-09-14
2310,Arjun Singh,Other,25,Mumbai,Maharashtra,West,2023-06-22
2311,Pooja Reddy,Female,23,Chennai,Tamil Nadu,South,2023-12-30
2312,Riya Kulkarni,Other,42,Mumbai,Maharashtra,West,2022-12-04
2313,Meera Sharma,Male,40,Hyderabad,Telangana,South,2025-02-28
2314,Rahul Das,Other,31,Jaipur,Rajasthan,North,2022-09-30
2315,Aarav Menon,Male,28,Mangaluru,Karnataka,South,2023-08-11
2316,Amit Shetty,Other,44,Jaipur,Rajasthan,North,2024-12-08
2317,Arjun Singh,Male,38,Mysuru,Karnataka,South,2023-07-21
2318,Rohan Mishra,Other,47,Ahmedabad,Gujarat,West,2024-12-05
2319,Ananya Das,Female,28,Mumbai,Maharashtra,West,2022-10-29
2320,Rohan Hegde,Male,34,Bhubaneswar,Odisha,East,2024-04-01
2321,Priya Shetty,Female,32,Jaipur,Rajasthan,North,2025-02-26
2322,Aditya Verma,Female,28,Hubballi,Karnataka,South,2023-04-09
2323,Ishita Menon,Other,50,Mangaluru,Karnataka,South,2022-05-24
2324,Aarav Sharma,Other,30,Hubballi,Karnataka,South,2024-05-09
2325,Riya Joshi,Male,22,Jaipur,Rajasthan,North,2025-03-03
2326,Karan Hegde,Other,38,Pune,Maharashtra,West,2024-03-21
2327,Rahul Patel,Female,27,Bhubaneswar,Odisha,East,2023-10-28
2328,Kavya Mishra,Female,24,Delhi,Delhi,North,2023-06-22
2329,Aditya Iyer,Male,19,Mangaluru,Karnataka,South,2025-02-18
2330,Arjun Sharma,Other,33,Delhi,Delhi,North,2022-03-09
2331,Kavya Das,Other,46,Ahmedabad,Gujarat,West,2023-04-04
2332,Arjun Joshi,Other,38,Pune,Maharashtra,West,2025-03-09
2333,Karan Hegde,Female,52,Hubballi,Karnataka,South,2023-12-31
2334,Nisha Menon,Male,36,Lucknow,Uttar Pradesh,North,2024-06-12
2335,Karan Mishra,Male,35,Mumbai,Maharashtra,West,2023-09-02
2336,Amit Gupta,Female,54,Bhubaneswar,Odisha,East,2024-09-22
2337,Kavya Kumar,Male,43,Mangaluru,Karnataka,South,2024-01-16
2338,Sanjay Joshi,Other,38,Chennai,Tamil Nadu,South,2022-05-10
2339,Vikram Iyer,Other,53,Pune,Maharashtra,West,2023-08-19
2340,Meera Reddy,Male,33,Jaipur,Rajasthan,North,2022-03-19
2341,Rohan Shetty,Other,38,Pune,Maharashtra,West,2024-02-23
2342,Karan Menon,Other,32,Mumbai,Maharashtra,West,2022-08-26
2343,Riya Hegde,Male,20,Mumbai,Maharashtra,West,2025-03-03
2344,Sneha Patel,Male,33,Mysuru,Karnataka,South,2024-11-07
2345,Vikram Bhat,Female,37,Hyderabad,Telangana,South,2023-06-08
2346,Riya Patel,Male,44,Delhi,Delhi,North,2024-12-10
2347,Pooja Mishra,Female,55,Chennai,Tamil Nadu,South,2024-12-30
2348,Ishita Iyer,Male,47,Chennai,Tamil Nadu,South,2022-03-25
2349,Sneha Patel,Other,47,Kochi,Kerala,South,2025-03-24
2350,Sanjay Singh,Other,23,Mangaluru,Karnataka,South,2022-05-23
2351,Ananya Das,Male,39,Pune,Maharashtra,West,2022-07-11
2352,Ananya Naik,Female,41,Mysuru,Karnataka,South,2024-10-29
2353,Sanjay Rao,Female,35,Mangaluru,Karnataka,South,2022-04-03
2354,Rohan Bhat,Female,18,Bengaluru,Karnataka,South,2024-04-19
2355,Diya Verma,Female,39,Lucknow,Uttar Pradesh,North,2025-03-18
2356,Sanjay Mishra,Female,42,Kochi,Kerala,South,2023-04-17
2357,Ananya Verma,Male,39,Ahmedabad,Gujarat,West,2024-06-11
2358,Nisha Kumar,Other,33,Hyderabad,Telangana,South,2024-11-03
2359,Meera Patel,Male,34,Bhubaneswar,Odisha,East,2024-02-17
2360,Vivaan Joshi,Male,41,Mangaluru,Karnataka,South,2023-06-30
2361,Nisha Hegde,Male,39,Bengaluru,Karnataka,South,2025-04-07
2362,Meera Verma,Male,39,Lucknow,Uttar Pradesh,North,2024-02-19
2363,Nisha Patel,Female,22,Kochi,Kerala,South,2024-05-20
2364,Sneha Bhat,Female,37,Hyderabad,Telangana,South,2022-04-16
2365,Arjun Kumar,Male,37,Pune,Maharashtra,West,2025-01-13
2366,Aditya Gupta,Female,34,Hyderabad,Telangana,South,2022-07-16
2367,Rahul Naik,Female,34,Mangaluru,Karnataka,South,2022-01-19
2368,Priya Gupta,Other,35,Delhi,Delhi,North,2024-05-15
2369,Pooja Pillai,Male,39,Bengaluru,Karnataka,South,2024-02-13
2370,Aditya Joshi,Female,23,Mumbai,Maharashtra,West,2024-06-13
2371,Arjun Shetty,Male,65,Jaipur,Rajasthan,North,2023-10-14
2372,Arjun Menon,Female,22,Chennai,Tamil Nadu,South,2023-09-28
2373,Arjun Shetty,Male,39,Delhi,Delhi,North,2024-01-10
2374,Aditya Das,Other,28,Bengaluru,Karnataka,South,2024-10-28
2375,Nisha Das,Other,32,Jaipur,Rajasthan,North,2024-03-14
2376,Riya Sharma,Female,25,Chennai,Tamil Nadu,South,2024-01-22
2377,Riya Das,Female,30,Bengaluru,Karnataka,South,2024-09-07
2378,Priya Kumar,Male,36,Lucknow,Uttar Pradesh,North,2023-04-23
2379,Vivaan Nair,Female,31,Bhubaneswar,Odisha,East,2023-11-10
2380,Vivaan Reddy,Other,42,Kolkata,West Bengal,East,2024-06-23
2381,Ishita Reddy,Female,41,Delhi,Delhi,North,2025-02-26
2382,Rahul Joshi,Female,39,Chennai,Tamil Nadu,South,2022-03-27
2383,Aarav Gupta,Male,35,Mysuru,Karnataka,South,2023-07-10
2384,Ishita Nair,Other,28,Mumbai,Maharashtra,West,2024-07-08
2385,Rohan Rao,Female,22,Kolkata,West Bengal,East,2022-09-23
2386,Kavya Nair,Other,46,Pune,Maharashtra,West,2022-03-11
2387,Rohan Iyer,Other,33,Delhi,Delhi,North,2022-02-26
2388,Diya Naik,Male,18,Mysuru,Karnataka,South,2024-11-07
2389,Meera Menon,Female,26,Pune,Maharashtra,West,2024-01-02
2390,Priya Mishra,Female,27,Chennai,Tamil Nadu,South,2022-04-20
2391,Kavya Iyer,Other,24,Mysuru,Karnataka,South,2024-10-13
2392,Kavya Verma,Male,35,Mangaluru,Karnataka,South,2024-01-08
2393,Pooja Shetty,Female,45,Bengaluru,Karnataka,South,2022-02-26
2394,Vikram Kumar,Female,31,Jaipur,Rajasthan,North,2023-06-14
2395,Pooja Reddy,Female,28,Ahmedabad,Gujarat,West,2023-11-18
2396,Kavya Reddy,Female,33,Pune,Maharashtra,West,2023-03-11
2397,Rohan Kumar,Other,46,Chennai,Tamil Nadu,South,2024-05-31
2398,Amit Joshi,Other,21,Kochi,Kerala,South,2022-03-29
2399,Amit Pillai,Male,31,Mumbai,Maharashtra,West,2023-08-07
2400,Aditya Patel,Other,25,Ahmedabad,Gujarat,West,2024-06-24
2401,Pooja Verma,Female,49,Mysuru,Karnataka,South,2022-12-09
2402,Meera Pillai,Female,42,Mysuru,Karnataka,South,2024-12-01
2403,Sanjay Pillai,Male,22,Hyderabad,Telangana,South,2024-07-03
2404,Pooja Sharma,Male,44,Kolkata,West Bengal,East,2024-08-11
2405,Meera Singh,Male,32,Lucknow,Uttar Pradesh,North,2024-04-12
2406,Ishita Patel,Male,25,Bhubaneswar,Odisha,East,2024-10-13
2407,Amit Shetty,Other,21,Mumbai,Maharashtra,West,2022-02-26
2408,Meera Das,Other,35,Lucknow,Uttar Pradesh,North,2024-11-02
2409,Sanjay Shetty,Male,24,Kolkata,West Bengal,East,2022-03-31
2410,Rahul Reddy,Other,34,Hubballi,Karnataka,South,2024-06-16
2411,Sanjay Rao,Female,36,Delhi,Delhi,North,2024-08-28
2412,Aarav Sharma,Female,50,Ahmedabad,Gujarat,West,2023-04-30
2413,Aarav Singh,Other,44,Mysuru,Karnataka,South,2024-09-08
2414,Meera Menon,Other,30,Pune,Maharashtra,West,2022-01-16
2415,Riya Bhat,Female,48,Lucknow,Uttar Pradesh,North,2025-03-20
2416,Riya Iyer,Other,38,Delhi,Delhi,North,2023-06-28
2417,Ishita Nair,Male,37,Jaipur,Rajasthan,North,2024-02-22
2418,Rohan Sharma,Male,42,Mangaluru,Karnataka,South,2024-04-24
2419,Aarav Gupta,Male,30,Mysuru,Karnataka,South,2025-04-07
2420,Nisha Kumar,Other,26,Hubballi,Karnataka,South,2024-01-30
2421,Kavya Kulkarni,Male,24,Hubballi,Karnataka,South,2023-10-01
2422,Amit Das,Male,50,Mysuru,Karnataka,South,2022-09-12
2423,Kavya Sharma,Male,39,Pune,Maharashtra,West,2025-03-12
2424,Rohan Das,Female,26,Mangaluru,Karnataka,South,2023-07-31
2425,Aarav Das,Other,39,Pune,Maharashtra,West,2024-06-18
2426,Karan Nair,Other,20,Hubballi,Karnataka,South,2023-02-25
2427,Ishita Patel,Female,30,Bhubaneswar,Odisha,East,2023-05-11
2428,Arjun Verma,Female,18,Bengaluru,Karnataka,South,2023-04-06
2429,Nisha Pillai,Other,32,Bhubaneswar,Odisha,East,2023-10-25
2430,Sneha Nair,Male,37,Lucknow,Uttar Pradesh,North,2022-09-12
2431,Ishita Bhat,Other,37,Pune,Maharashtra,West,2022-03-09
2432,Riya Bhat,Male,38,Delhi,Delhi,North,2024-05-23
2433,Vivaan Naik,Male,47,Lucknow,Uttar Pradesh,North,2022-10-27
2434,Priya Shetty,Other,31,Mumbai,Maharashtra,West,2024-10-04
2435,Sanjay Verma,Female,34,Mysuru,Karnataka,South,2022-12-19
2436,Nisha Mishra,Other,25,Mysuru,Karnataka,South,2024-08-07
2437,Meera Verma,Male,45,Hyderabad,Telangana,South,2024-01-26
2438,Amit Gupta,Female,30,Mangaluru,Karnataka,South,2022-07-16
2439,Meera Joshi,Other,35,Hyderabad,Telangana,South,2023-04-27
2440,Priya Shetty,Other,38,Hubballi,Karnataka,South,2023-08-13
2441,Meera Kumar,Female,32,Bhubaneswar,Odisha,East,2025-01-03
2442,Ishita Verma,Other,36,Lucknow,Uttar Pradesh,North,2023-06-29
2443,Diya Bhat,Male,44,Jaipur,Rajasthan,North,2022-03-12
2444,Karan Nair,Other,41,Delhi,Delhi,North,2024-02-07
2445,Aditya Bhat,Male,39,Lucknow,Uttar Pradesh,North,2022-11-03
2446,Karan Singh,Other,28,Mangaluru,Karnataka,South,2023-11-09
2447,Arjun Verma,Female,32,Pune,Maharashtra,West,2023-02-03
2448,Vikram Gupta,Other,27,Chennai,Tamil Nadu,South,2022-11-03
2449,Aarav Iyer,Female,47,Bengaluru,Karnataka,South,2023-06-06
2450,Rahul Singh,Other,42,Hyderabad,Telangana,South,2022-08-03
2451,Aditya Shetty,Female,40,Bengaluru,Karnataka,South,2024-08-29
2452,Riya Joshi,Male,20,Mysuru,Karnataka,South,2023-07-27
2453,Vikram Bhat,Female,36,Ahmedabad,Gujarat,West,2023-10-20
2454,Diya Patel,Other,50,Hyderabad,Telangana,South,2022-08-14
2455,Rohan Naik,Other,31,Chennai,Tamil Nadu,South,2022-04-15
2456,Arjun Patel,Female,59,Jaipur,Rajasthan,North,2023-03-05
2457,Meera Rao,Male,25,Kolkata,West Bengal,East,2023-03-10
2458,Riya Mishra,Male,41,Kolkata,West Bengal,East,2023-08-11
2459,Sneha Patel,Other,25,Bhubaneswar,Odisha,East,2024-12-28
2460,Rahul Rao,Male,19,Mysuru,Karnataka,South,2024-05-13
2461,Diya Singh,Other,51,Kochi,Kerala,South,2023-01-03
2462,Meera Naik,Female,41,Chennai,Tamil Nadu,South,2025-01-18
2463,Arjun Kumar,Other,45,Lucknow,Uttar Pradesh,North,2023-07-15
2464,Ananya Kumar,Male,27,Hyderabad,Telangana,South,2025-03-01
2465,Karan Das,Female,40,Bhubaneswar,Odisha,East,2023-03-09
2466,Aarav Joshi,Female,18,Kolkata,West Bengal,East,2022-08-03
2467,Amit Naik,Male,34,Hyderabad,Telangana,South,2024-06-16
2468,Sanjay Iyer,Other,48,Mysuru,Karnataka,South,2025-04-06
2469,Kavya Iyer,Other,34,Kolkata,West Bengal,East,2023-07-14
2470,Vikram Kumar,Other,18,Jaipur,Rajasthan,North,2023-11-20
2471,Vikram Kumar,Female,39,Mumbai,Maharashtra,West,2023-01-15
2472,Kavya Das,Other,18,Mumbai,Maharashtra,West,2024-06-29
2473,Diya Sharma,Female,31,Kolkata,West Bengal,East,2024-08-17
2474,Aarav Naik,Male,18,Mangaluru,Karnataka,South,2023-12-08
2475,Ananya Shetty,Female,24,Mysuru,Karnataka,South,2024-05-03
2476,Rahul Verma,Male,32,Kolkata,West Bengal,East,2023-12-09
2477,Vivaan Kumar,Other,39,Mumbai,Maharashtra,West,2024-12-03
2478,Pooja Nair,Female,29,Bengaluru,Karnataka,South,2025-01-12
2479,Sneha Nair,Other,28,Mumbai,Maharashtra,West,2022-07-26
2480,Ananya Iyer,Male,43,Lucknow,Uttar Pradesh,North,2024-07-05
2481,Sanjay Naik,Other,45,Bhubaneswar,Odisha,East,2025-03-14
2482,Rohan Menon,Female,33,Kochi,Kerala,South,2023-02-18
2483,Karan Kulkarni,Other,31,Jaipur,Rajasthan,North,2022-02-14
2484,Riya Das,Other,31,Kolkata,West Bengal,East,2024-05-17
2485,Ishita Gupta,Female,45,Hyderabad,Telangana,South,2024-03-30
2486,Vivaan Kulkarni,Female,29,Mysuru,Karnataka,South,2022-02-24
2487,Rohan Naik,Other,18,Mumbai,Maharashtra,West,2024-02-17
2488,Karan Reddy,Other,28,Chennai,Tamil Nadu,South,2022-08-19
2489,Amit Naik,Female,18,Ahmedabad,Gujarat,West,2023-03-29
2490,Rahul Sharma,Male,30,Kolkata,West Bengal,East,2025-02-25
2491,Sneha Pillai,Female,23,Kochi,Kerala,South,2023-11-22
2492,Amit Verma,Other,34,Hubballi,Karnataka,South,2024-05-30
2493,Vivaan Iyer,Female,33,Mysuru,Karnataka,South,2025-01-06
2494,Pooja Iyer,Male,22,Jaipur,Rajasthan,North,2025-04-09
2495,Arjun Das,Female,37,Bengaluru,Karnataka,South,2022-05-27
2496,Aarav Das,Female,36,Delhi,Delhi,North,2022-08-09
2497,Priya Pillai,Other,44,Hubballi,Karnataka,South,2022-04-05
2498,Sneha Mishra,Male,18,Kochi,Kerala,South,2022-05-07
2499,Amit Nair,Other,34,Hyderabad,Telangana,South,2022-03-21
2500,Priya Kumar,Other,39,Kolkata,West Bengal,East,2024-07-04
2501,Pooja Joshi,Male,36,Mumbai,Maharashtra,West,2023-05-01
2502,Pooja Pillai,Male,23,Hyderabad,Telangana,South,2024-12-16
2503,Diya Das,Male,35,Bhubaneswar,Odisha,East,2022-01-19
2504,Kavya Verma,Male,27,Mangaluru,Karnataka,South,2024-01-15
2505,Vivaan Verma,Male,31,Mysuru,Karnataka,South,2023-07-06
2506,Karan Das,Male,22,Pune,Maharashtra,West,2024-09-24
2507,Pooja Menon,Other,33,Hyderabad,Telangana,South,2022-02-24
2508,Pooja Menon,Female,44,Ahmedabad,Gujarat,West,2023-01-08
2509,Nisha Verma,Female,45,Delhi,Delhi,North,2024-08-30
2510,Nisha Verma,Male,28,Lucknow,Uttar Pradesh,North,2023-05-24
2511,Pooja Kumar,Female,30,Mangaluru,Karnataka,South,2022-10-02
2512,Meera Kumar,Other,34,Lucknow,Uttar Pradesh,North,2024-07-31
2513,Pooja Rao,Other,52,Ahmedabad,Gujarat,West,2022-09-15
2514,Meera Bhat,Male,29,Hubballi,Karnataka,South,2024-04-16
2515,Rahul Kulkarni,Female,38,Lucknow,Uttar Pradesh,North,2023-02-27
2516,Arjun Mishra,Female,30,Kochi,Kerala,South,2023-02-28
2517,Arjun Iyer,Other,33,Mysuru,Karnataka,South,2023-03-05
2518,Vivaan Naik,Male,32,Chennai,Tamil Nadu,South,2022-01-14
2519,Diya Nair,Female,36,Mysuru,Karnataka,South,2025-03-15
2520,Amit Bhat,Male,27,Chennai,Tamil Nadu,South,2023-06-13
2521,Rohan Kumar,Other,27,Kolkata,West Bengal,East,2024-03-08
2522,Vivaan Nair,Female,39,Mumbai,Maharashtra,West,2022-07-28
2523,Rahul Bhat,Male,25,Hubballi,Karnataka,South,2023-10-03
2524,Sneha Iyer,Male,18,Mysuru,Karnataka,South,2022-09-28
2525,Vivaan Verma,Female,35,Bhubaneswar,Odisha,East,2024-07-08
2526,Amit Pillai,Female,18,Delhi,Delhi,North,2024-03-05
2527,Ananya Menon,Female,24,Kochi,Kerala,South,2025-01-04
2528,Riya Kumar,Male,39,Bhubaneswar,Odisha,East,2022-04-19
2529,Meera Das,Other,28,Ahmedabad,Gujarat,West,2023-10-03
2530,Rohan Shetty,Male,29,Pune,Maharashtra,West,2025-01-24
2531,Riya Mishra,Female,34,Kolkata,West Bengal,East,2024-08-15
2532,Vikram Menon,Female,20,Mumbai,Maharashtra,West,2024-11-16
2533,Vivaan Das,Other,42,Ahmedabad,Gujarat,West,2023-06-14
2534,Aditya Singh,Other,37,Chennai,Tamil Nadu,South,2025-01-10
2535,Priya Nair,Other,41,Bengaluru,Karnataka,South,2023-03-04
2536,Arjun Kulkarni,Male,33,Jaipur,Rajasthan,North,2025-03-31
2537,Riya Kulkarni,Other,33,Hubballi,Karnataka,South,2024-07-20
2538,Vivaan Pillai,Other,25,Kolkata,West Bengal,East,2023-05-26
2539,Nisha Naik,Male,30,Hubballi,Karnataka,South,2023-01-28
2540,Sneha Singh,Male,39,Mysuru,Karnataka,South,2023-07-01
2541,Karan Joshi,Other,26,Chennai,Tamil Nadu,South,2023-08-17
2542,Priya Das,Male,21,Bhubaneswar,Odisha,East,2024-10-24
2543,Sneha Mishra,Female,33,Kolkata,West Bengal,East,2022-06-16
2544,Priya Patel,Female,38,Mumbai,Maharashtra,West,2022-07-13
2545,Aarav Shetty,Female,28,Bhubaneswar,Odisha,East,2022-08-23
2546,Kavya Sharma,Other,26,Mangaluru,Karnataka,South,2024-03-26
2547,Ishita Hegde,Male,30,Hyderabad,Telangana,South,2023-02-08
2548,Arjun Kulkarni,Male,31,Mysuru,Karnataka,South,2022-03-29
2549,Rohan Singh,Female,20,Chennai,Tamil Nadu,South,2022-08-05
2550,Aditya Kumar,Female,23,Kolkata,West Bengal,East,2022-05-20
2551,Rahul Patel,Other,23,Mumbai,Maharashtra,West,2023-09-10
2552,Rahul Sharma,Other,28,Hyderabad,Telangana,South,2023-01-15
2553,Amit Menon,Male,49,Bengaluru,Karnataka,South,2024-06-26
2554,Rohan Verma,Female,34,Hyderabad,Telangana,South,2023-04-08
2555,Ishita Rao,Male,46,Chennai,Tamil Nadu,South,2024-09-16
2556,Vikram Mishra,Other,39,Hubballi,Karnataka,South,2022-11-23
2557,Nisha Naik,Other,33,Hubballi,Karnataka,South,2022-11-14
2558,Arjun Hegde,Male,18,Mumbai,Maharashtra,West,2023-12-11
2559,Meera Kulkarni,Female,25,Hyderabad,Telangana,South,2022-02-14
2560,Nisha Sharma,Female,40,Mysuru,Karnataka,South,2023-07-10
2561,Vikram Sharma,Female,30,Jaipur,Rajasthan,North,2025-01-06
2562,Priya Rao,Male,46,Ahmedabad,Gujarat,West,2023-05-30
2563,Sneha Kumar,Female,26,Kolkata,West Bengal,East,2022-08-02
2564,Kavya Das,Male,37,Delhi,Delhi,North,2023-05-24
2565,Pooja Gupta,Male,18,Bhubaneswar,Odisha,East,2022-11-28
2566,Sneha Singh,Male,33,Hyderabad,Telangana,South,2024-10-24
2567,Kavya Kulkarni,Female,24,Ahmedabad,Gujarat,West,2025-03-07
2568,Aarav Das,Other,26,Bengaluru,Karnataka,South,2022-11-21
2569,Rahul Sharma,Male,24,Chennai,Tamil Nadu,South,2024-09-18
2570,Nisha Hegde,Other,41,Kochi,Kerala,South,2023-12-24
2571,Ishita Iyer,Other,36,Chennai,Tamil Nadu,South,2022-10-04
2572,Priya Naik,Female,33,Hubballi,Karnataka,South,2024-08-12
2573,Rahul Kulkarni,Other,18,Bengaluru,Karnataka,South,2022-09-16
2574,Amit Reddy,Female,28,Mysuru,Karnataka,South,2023-11-19
2575,Arjun Kumar,Other,20,Lucknow,Uttar Pradesh,North,2022-11-06
2576,Sanjay Verma,Male,25,Ahmedabad,Gujarat,West,2023-04-18
2577,Pooja Shetty,Other,35,Delhi,Delhi,North,2023-04-06
2578,Sanjay Das,Female,35,Hyderabad,Telangana,South,2023-10-29
2579,Ananya Shetty,Male,22,Hubballi,Karnataka,South,2022-09-19
2580,Riya Shetty,Male,45,Pune,Maharashtra,West,2022-12-21
2581,Rohan Sharma,Other,33,Kochi,Kerala,South,2024-02-09
2582,Aarav Sharma,Other,32,Pune,Maharashtra,West,2024-03-30
2583,Kavya Kulkarni,Other,32,Mangaluru,Karnataka,South,2022-06-20
2584,Nisha Menon,Other,44,Lucknow,Uttar Pradesh,North,2025-02-04
2585,Aditya Kulkarni,Male,36,Mysuru,Karnataka,South,2023-03-15
2586,Meera Rao,Female,36,Kochi,Kerala,South,2023-01-31
2587,Ishita Mishra,Female,45,Bhubaneswar,Odisha,East,2023-12-29
2588,Rahul Sharma,Male,58,Mumbai,Maharashtra,West,2024-08-27
2589,Diya Gupta,Female,20,Pune,Maharashtra,West,2022-12-19
2590,Vikram Sharma,Female,18,Bengaluru,Karnataka,South,2023-10-02
2591,Diya Gupta,Male,51,Jaipur,Rajasthan,North,2022-06-22
2592,Riya Nair,Other,35,Bhubaneswar,Odisha,East,2022-04-27
2593,Vikram Bhat,Female,51,Hubballi,Karnataka,South,2022-07-03
2594,Sanjay Bhat,Other,37,Bengaluru,Karnataka,South,2023-06-27
2595,Riya Gupta,Male,38,Lucknow,Uttar Pradesh,North,2024-04-18
2596,Ishita Rao,Female,32,Hubballi,Karnataka,South,2023-03-23
2597,Pooja Bhat,Male,29,Delhi,Delhi,North,2023-02-20
2598,Karan Pillai,Other,35,Ahmedabad,Gujarat,West,2023-04-09
2599,Riya Pillai,Male,38,Jaipur,Rajasthan,North,2023-01-31
2600,Priya Kumar,Other,41,Mysuru,Karnataka,South,2025-01-19
2601,Rohan Hegde,Other,40,Mysuru,Karnataka,South,2024-01-20
2602,Vikram Naik,Other,39,Bhubaneswar,Odisha,East,2022-08-02
2603,Sanjay Gupta,Other,36,Kolkata,West Bengal,East,2023-01-04
2604,Sneha Mishra,Female,45,Bengaluru,Karnataka,South,2024-12-11
2605,Sneha Das,Male,34,Jaipur,Rajasthan,North,2022-05-13
2606,Vivaan Shetty,Female,30,Mumbai,Maharashtra,West,2023-01-08
2607,Kavya Hegde,Male,23,Bhubaneswar,Odisha,East,2023-04-24
2608,Pooja Das,Female,24,Jaipur,Rajasthan,North,2023-11-19
2609,Pooja Patel,Other,31,Hyderabad,Telangana,South,2022-03-23
2610,Vivaan Hegde,Female,32,Hubballi,Karnataka,South,2022-06-12
2611,Meera Shetty,Male,18,Ahmedabad,Gujarat,West,2023-05-29
2612,Karan Shetty,Male,54,Mumbai,Maharashtra,West,2025-01-20
2613,Priya Sharma,Other,37,Kochi,Kerala,South,2022-06-30
2614,Kavya Reddy,Male,28,Hubballi,Karnataka,South,2023-05-08
2615,Rahul Shetty,Female,31,Hubballi,Karnataka,South,2024-07-11
2616,Arjun Sharma,Female,19,Mysuru,Karnataka,South,2023-07-19
2617,Aarav Pillai,Other,45,Mumbai,Maharashtra,West,2023-07-04
2618,Ananya Hegde,Male,29,Kochi,Kerala,South,2022-08-12
2619,Nisha Joshi,Female,61,Mysuru,Karnataka,South,2022-06-03
2620,Vivaan Shetty,Other,36,Bhubaneswar,Odisha,East,2022-12-15
2621,Vikram Reddy,Other,20,Kolkata,West Bengal,East,2022-07-01
2622,Meera Rao,Other,46,Delhi,Delhi,North,2024-02-11
2623,Priya Rao,Male,24,Pune,Maharashtra,West,2024-06-12
2624,Vivaan Menon,Female,24,Bengaluru,Karnataka,South,2023-01-07
2625,Aditya Kumar,Male,29,Kochi,Kerala,South,2022-04-07
2626,Meera Patel,Female,20,Kochi,Kerala,South,2025-01-30
2627,Kavya Reddy,Male,41,Delhi,Delhi,North,2024-12-05
2628,Vivaan Kulkarni,Male,37,Jaipur,Rajasthan,North,2023-03-23
2629,Ishita Menon,Male,18,Chennai,Tamil Nadu,South,2023-09-03
2630,Kavya Joshi,Other,36,Delhi,Delhi,North,2024-06-15
2631,Riya Sharma,Female,39,Kolkata,West Bengal,East,2022-10-08
2632,Meera Verma,Other,48,Mumbai,Maharashtra,West,2023-12-04
2633,Arjun Shetty,Other,46,Delhi,Delhi,North,2024-12-10
2634,Aarav Das,Other,37,Jaipur,Rajasthan,North,2024-02-16
2635,Priya Gupta,Male,48,Hyderabad,Telangana,South,2022-09-15
2636,Aarav Mishra,Other,32,Mysuru,Karnataka,South,2022-01-10
2637,Priya Gupta,Other,36,Mysuru,Karnataka,South,2025-02-11
2638,Pooja Hegde,Female,18,Mangaluru,Karnataka,South,2022-02-18
2639,Nisha Mishra,Female,44,Mumbai,Maharashtra,West,2024-04-17
2640,Vikram Kumar,Male,39,Mangaluru,Karnataka,South,2024-10-01
2641,Rohan Nair,Other,24,Bengaluru,Karnataka,South,2022-09-12
2642,Pooja Iyer,Female,22,Mumbai,Maharashtra,West,2022-09-28
2643,Sneha Kumar,Male,38,Delhi,Delhi,North,2022-05-03
2644,Amit Mishra,Female,26,Pune,Maharashtra,West,2023-06-09
2645,Diya Sharma,Other,33,Chennai,Tamil Nadu,South,2024-06-06
2646,Rohan Patel,Male,37,Delhi,Delhi,North,2023-03-14
2647,Sneha Patel,Female,28,Ahmedabad,Gujarat,West,2022-06-04
2648,Karan Gupta,Other,40,Hyderabad,Telangana,South,2022-12-24
2649,Karan Reddy,Female,32,Kochi,Kerala,South,2025-04-12
2650,Nisha Das,Other,39,Hubballi,Karnataka,South,2023-09-21
2651,Ananya Pillai,Other,22,Lucknow,Uttar Pradesh,North,2024-04-11
2652,Riya Nair,Female,25,Hyderabad,Telangana,South,2024-10-10
2653,Rahul Rao,Female,31,Hyderabad,Telangana,South,2024-05-02
2654,Vivaan Bhat,Male,45,Kochi,Kerala,South,2023-08-28
2655,Aarav Joshi,Other,29,Kochi,Kerala,South,2023-05-17
2656,Meera Mishra,Male,29,Hubballi,Karnataka,South,2024-06-04
2657,Nisha Shetty,Other,35,Hubballi,Karnataka,South,2023-07-03
2658,Karan Menon,Male,27,Mumbai,Maharashtra,West,2025-01-21
2659,Aarav Iyer,Male,24,Bhubaneswar,Odisha,East,2024-04-27
2660,Diya Sharma,Other,34,Mysuru,Karnataka,South,2022-06-08
2661,Rohan Nair,Female,33,Mysuru,Karnataka,South,2022-01-14
2662,Priya Iyer,Male,38,Hubballi,Karnataka,South,2024-09-14
2663,Karan Gupta,Female,42,Bengaluru,Karnataka,South,2024-04-19
2664,Vikram Hegde,Other,45,Mangaluru,Karnataka,South,2024-12-01
2665,Ananya Kulkarni,Male,43,Mangaluru,Karnataka,South,2023-11-07
2666,Karan Sharma,Male,23,Mangaluru,Karnataka,South,2024-04-13
2667,Sanjay Rao,Male,40,Bhubaneswar,Odisha,East,2023-06-21
2668,Rohan Menon,Other,47,Bhubaneswar,Odisha,East,2024-04-21
2669,Arjun Shetty,Male,21,Kolkata,West Bengal,East,2024-08-05
2670,Meera Joshi,Female,22,Chennai,Tamil Nadu,South,2022-01-06
2671,Diya Singh,Other,44,Kolkata,West Bengal,East,2023-09-29
2672,Riya Verma,Other,27,Kolkata,West Bengal,East,2024-04-05
2673,Arjun Kumar,Male,44,Mysuru,Karnataka,South,2023-05-21
2674,Karan Gupta,Other,39,Kolkata,West Bengal,East,2023-10-24
2675,Diya Shetty,Other,40,Mumbai,Maharashtra,West,2024-03-15
2676,Vikram Patel,Other,33,Mumbai,Maharashtra,West,2023-07-31
2677,Karan Kulkarni,Female,22,Delhi,Delhi,North,2024-02-02
2678,Rohan Shetty,Male,36,Kolkata,West Bengal,East,2022-02-15
2679,Sanjay Kumar,Other,28,Bengaluru,Karnataka,South,2024-04-02
2680,Nisha Gupta,Other,27,Delhi,Delhi,North,2024-04-24
2681,Nisha Mishra,Male,40,Mysuru,Karnataka,South,2023-03-25
2682,Pooja Menon,Other,26,Mangaluru,Karnataka,South,2022-08-31
2683,Pooja Iyer,Female,18,Kolkata,West Bengal,East,2024-06-30
2684,Meera Singh,Female,43,Ahmedabad,Gujarat,West,2023-12-06
2685,Diya Naik,Other,18,Lucknow,Uttar Pradesh,North,2022-04-25
2686,Nisha Bhat,Female,31,Pune,Maharashtra,West,2022-02-18
2687,Ishita Pillai,Other,36,Delhi,Delhi,North,2022-06-10
2688,Karan Joshi,Male,26,Bengaluru,Karnataka,South,2024-09-27
2689,Vikram Menon,Male,36,Pune,Maharashtra,West,2023-03-31
2690,Kavya Menon,Other,19,Chennai,Tamil Nadu,South,2023-11-07
2691,Diya Hegde,Other,18,Mangaluru,Karnataka,South,2024-11-17
2692,Rohan Reddy,Female,52,Mysuru,Karnataka,South,2023-07-01
2693,Pooja Iyer,Male,28,Pune,Maharashtra,West,2025-02-09
2694,Vivaan Das,Other,44,Delhi,Delhi,North,2023-03-15
2695,Ananya Verma,Female,29,Delhi,Delhi,North,2023-08-18
2696,Kavya Verma,Female,37,Pune,Maharashtra,West,2023-09-11
2697,Nisha Shetty,Female,29,Kolkata,West Bengal,East,2025-02-06
2698,Aarav Singh,Female,44,Mumbai,Maharashtra,West,2024-07-02
2699,Sanjay Reddy,Female,45,Hubballi,Karnataka,South,2022-03-07
2700,Aditya Nair,Other,45,Kochi,Kerala,South,2022-02-08
2701,Sneha Reddy,Female,31,Ahmedabad,Gujarat,West,2024-04-01
2702,Vikram Rao,Male,21,Kochi,Kerala,South,2023-11-02
2703,Diya Patel,Other,18,Mysuru,Karnataka,South,2025-01-01
2704,Ananya Gupta,Other,25,Hubballi,Karnataka,South,2023-05-29
2705,Sanjay Nair,Other,41,Hyderabad,Telangana,South,2022-06-25
2706,Sanjay Gupta,Other,27,Bhubaneswar,Odisha,East,2024-01-25
2707,Rohan Kulkarni,Female,36,Delhi,Delhi,North,2022-07-30
2708,Amit Nair,Female,37,Bengaluru,Karnataka,South,2022-05-20
2709,Ishita Menon,Other,18,Kolkata,West Bengal,East,2023-06-25
2710,Aarav Bhat,Other,18,Kolkata,West Bengal,East,2023-05-21
2711,Rohan Menon,Male,40,Ahmedabad,Gujarat,West,2025-02-03
2712,Karan Bhat,Male,33,Hubballi,Karnataka,South,2024-12-28
2713,Priya Kulkarni,Female,40,Ahmedabad,Gujarat,West,2024-03-23
2714,Meera Shetty,Male,20,Lucknow,Uttar Pradesh,North,2022-04-10
2715,Karan Verma,Other,29,Hyderabad,Telangana,South,2022-01-09
2716,Karan Das,Female,23,Mumbai,Maharashtra,West,2023-01-25
2717,Sneha Sharma,Female,40,Bhubaneswar,Odisha,East,2023-09-24
2718,Priya Kumar,Female,44,Mangaluru,Karnataka,South,2022-09-17
2719,Aarav Bhat,Other,24,Lucknow,Uttar Pradesh,North,2022-03-23
2720,Diya Shetty,Male,33,Bhubaneswar,Odisha,East,2023-12-21
2721,Kavya Menon,Other,23,Mumbai,Maharashtra,West,2022-03-16
2722,Amit Shetty,Other,51,Ahmedabad,Gujarat,West,2022-03-03
2723,Priya Patel,Male,31,Bengaluru,Karnataka,South,2024-05-23
2724,Ananya Pillai,Other,38,Mangaluru,Karnataka,South,2023-07-24
2725,Riya Mishra,Other,42,Kolkata,West Bengal,East,2022-04-22
2726,Ishita Menon,Male,21,Bhubaneswar,Odisha,East,2025-01-20
2727,Aditya Kulkarni,Female,34,Mumbai,Maharashtra,West,2024-12-11
2728,Nisha Rao,Female,42,Hubballi,Karnataka,South,2022-08-24
2729,Meera Nair,Male,28,Delhi,Delhi,North,2024-07-15
2730,Arjun Kulkarni,Male,32,Mangaluru,Karnataka,South,2023-08-02
2731,Riya Bhat,Male,40,Bengaluru,Karnataka,South,2023-06-26
2732,Karan Reddy,Female,27,Mangaluru,Karnataka,South,2023-04-19
2733,Karan Joshi,Female,29,Chennai,Tamil Nadu,South,2023-11-28
2734,Pooja Reddy,Female,31,Jaipur,Rajasthan,North,2023-01-21
2735,Diya Naik,Male,38,Bengaluru,Karnataka,South,2022-03-03
2736,Ananya Verma,Female,18,Mangaluru,Karnataka,South,2025-03-10
2737,Arjun Kumar,Other,30,Mangaluru,Karnataka,South,2024-01-13
2738,Nisha Reddy,Female,32,Mumbai,Maharashtra,West,2024-03-19
2739,Karan Kumar,Male,36,Kochi,Kerala,South,2022-06-21
2740,Kavya Bhat,Male,24,Chennai,Tamil Nadu,South,2022-05-10
2741,Priya Nair,Other,46,Delhi,Delhi,North,2022-12-18
2742,Pooja Das,Female,33,Hubballi,Karnataka,South,2022-02-27
2743,Aarav Kumar,Female,44,Hubballi,Karnataka,South,2025-02-03
2744,Ishita Mishra,Male,43,Mysuru,Karnataka,South,2023-11-14
2745,Ananya Pillai,Female,27,Ahmedabad,Gujarat,West,2025-03-31
2746,Meera Pillai,Male,35,Pune,Maharashtra,West,2024-06-04
2747,Aditya Nair,Other,34,Lucknow,Uttar Pradesh,North,2023-02-01
2748,Meera Iyer,Other,30,Kochi,Kerala,South,2024-03-21
2749,Amit Menon,Other,43,Bhubaneswar,Odisha,East,2022-07-07
2750,Rahul Verma,Male,36,Bhubaneswar,Odisha,East,2023-03-26
2751,Riya Verma,Female,22,Mangaluru,Karnataka,South,2023-06-07
2752,Rahul Pillai,Male,52,Mumbai,Maharashtra,West,2023-08-20
2753,Vivaan Joshi,Male,30,Mumbai,Maharashtra,West,2022-04-10
2754,Sneha Nair,Other,38,Chennai,Tamil Nadu,South,2023-05-06
2755,Aditya Gupta,Female,38,Kochi,Kerala,South,2022-09-12
2756,Sneha Rao,Female,22,Mumbai,Maharashtra,West,2024-04-04
2757,Arjun Naik,Female,31,Mysuru,Karnataka,South,2024-05-28
2758,Meera Singh,Female,44,Mumbai,Maharashtra,West,2023-12-20
2759,Pooja Patel,Female,37,Hubballi,Karnataka,South,2022-11-24
2760,Aditya Das,Female,35,Bengaluru,Karnataka,South,2022-01-26
2761,Ishita Gupta,Female,45,Hyderabad,Telangana,South,2022-01-27
2762,Aarav Hegde,Male,18,Bengaluru,Karnataka,South,2023-11-13
2763,Rohan Shetty,Other,50,Lucknow,Uttar Pradesh,North,2023-02-17
2764,Meera Bhat,Female,28,Lucknow,Uttar Pradesh,North,2022-08-17
2765,Aditya Kulkarni,Other,33,Mysuru,Karnataka,South,2023-01-02
2766,Meera Kumar,Female,35,Hubballi,Karnataka,South,2023-06-08
2767,Sanjay Singh,Male,40,Bhubaneswar,Odisha,East,2024-12-31
2768,Aarav Mishra,Male,20,Bhubaneswar,Odisha,East,2024-08-22
2769,Amit Rao,Other,40,Mangaluru,Karnataka,South,2022-05-13
2770,Ishita Singh,Male,30,Lucknow,Uttar Pradesh,North,2023-11-04
2771,Aarav Hegde,Male,35,Jaipur,Rajasthan,North,2024-03-01
2772,Diya Singh,Male,31,Pune,Maharashtra,West,2022-04-27
2773,Vivaan Kulkarni,Male,36,Lucknow,Uttar Pradesh,North,2024-03-08
2774,Vivaan Naik,Other,39,Pune,Maharashtra,West,2024-07-17
2775,Arjun Menon,Other,42,Jaipur,Rajasthan,North,2024-01-23
2776,Meera Patel,Other,35,Chennai,Tamil Nadu,South,2023-07-12
2777,Vivaan Menon,Male,51,Bengaluru,Karnataka,South,2022-02-19
2778,Vikram Iyer,Male,30,Kochi,Kerala,South,2024-12-31
2779,Aditya Sharma,Female,32,Hubballi,Karnataka,South,2024-09-14
2780,Aarav Shetty,Male,20,Bengaluru,Karnataka,South,2022-03-11
2781,Aditya Joshi,Male,23,Jaipur,Rajasthan,North,2022-05-30
2782,Rahul Singh,Male,18,Kolkata,West Bengal,East,2025-01-27
2783,Pooja Rao,Female,26,Mumbai,Maharashtra,West,2024-08-01
2784,Sneha Gupta,Other,31,Hyderabad,Telangana,South,2023-10-15
2785,Sneha Menon,Female,48,Hubballi,Karnataka,South,2023-12-26
2786,Vikram Gupta,Male,31,Mysuru,Karnataka,South,2022-09-08
2787,Ananya Singh,Male,45,Hyderabad,Telangana,South,2022-03-20
2788,Ananya Sharma,Female,32,Mumbai,Maharashtra,West,2022-08-14
2789,Meera Joshi,Male,30,Hubballi,Karnataka,South,2024-12-10
2790,Sanjay Mishra,Female,33,Jaipur,Rajasthan,North,2024-04-17
2791,Aditya Gupta,Female,40,Bengaluru,Karnataka,South,2024-01-29
2792,Riya Bhat,Male,18,Chennai,Tamil Nadu,South,2022-11-19
2793,Sneha Pillai,Male,38,Lucknow,Uttar Pradesh,North,2023-09-07
2794,Arjun Mishra,Female,33,Chennai,Tamil Nadu,South,2022-01-29
2795,Ishita Kumar,Female,34,Jaipur,Rajasthan,North,2023-12-23
2796,Ananya Bhat,Male,24,Mangaluru,Karnataka,South,2025-04-11
2797,Aarav Mishra,Other,35,Hyderabad,Telangana,South,2024-08-01
2798,Ishita Naik,Other,18,Pune,Maharashtra,West,2022-05-19
2799,Vikram Naik,Other,37,Lucknow,Uttar Pradesh,North,2025-04-12
2800,Aarav Joshi,Male,44,Lucknow,Uttar Pradesh,North,2023-10-17
2801,Arjun Nair,Male,26,Delhi,Delhi,North,2024-04-07
2802,Kavya Joshi,Other,31,Lucknow,Uttar Pradesh,North,2022-03-05
2803,Vivaan Kumar,Female,43,Mysuru,Karnataka,South,2024-01-25
2804,Amit Gupta,Male,39,Pune,Maharashtra,West,2023-05-21
2805,Karan Patel,Male,41,Mumbai,Maharashtra,West,2024-03-03
2806,Riya Das,Other,36,Kochi,Kerala,South,2024-03-16
2807,Ananya Kumar,Female,30,Kochi,Kerala,South,2025-03-18
2808,Vivaan Naik,Female,46,Hyderabad,Telangana,South,2023-01-14
2809,Amit Sharma,Male,28,Jaipur,Rajasthan,North,2022-07-17
2810,Ananya Shetty,Male,34,Bhubaneswar,Odisha,East,2024-11-06
2811,Sneha Patel,Other,23,Hubballi,Karnataka,South,2023-10-01
2812,Vikram Mishra,Female,46,Hubballi,Karnataka,South,2024-06-17
2813,Ananya Singh,Female,28,Ahmedabad,Gujarat,West,2022-03-17
2814,Aarav Reddy,Female,40,Jaipur,Rajasthan,North,2022-10-29
2815,Karan Patel,Other,18,Mysuru,Karnataka,South,2023-12-27
2816,Karan Kumar,Male,44,Mangaluru,Karnataka,South,2023-11-04
2817,Priya Kulkarni,Male,41,Mangaluru,Karnataka,South,2023-02-27
2818,Pooja Reddy,Female,35,Hubballi,Karnataka,South,2024-05-20
2819,Meera Nair,Male,18,Lucknow,Uttar Pradesh,North,2022-04-11
2820,Karan Joshi,Female,55,Lucknow,Uttar Pradesh,North,2022-02-07
2821,Riya Joshi,Female,34,Mangaluru,Karnataka,South,2023-10-22
2822,Priya Das,Other,53,Chennai,Tamil Nadu,South,2024-07-16
2823,Sanjay Bhat,Male,22,Hubballi,Karnataka,South,2024-11-15
2824,Ishita Menon,Male,33,Hyderabad,Telangana,South,2024-01-07
2825,Meera Verma,Other,30,Pune,Maharashtra,West,2024-03-29
2826,Kavya Kumar,Female,38,Delhi,Delhi,North,2024-07-09
2827,Ishita Verma,Male,34,Bengaluru,Karnataka,South,2024-04-04
2828,Amit Mishra,Other,39,Kolkata,West Bengal,East,2022-09-18
2829,Sneha Singh,Female,39,Mangaluru,Karnataka,South,2023-11-28
2830,Meera Nair,Female,38,Mumbai,Maharashtra,West,2024-03-31
2831,Ishita Kulkarni,Other,18,Chennai,Tamil Nadu,South,2023-04-13
2832,Aditya Shetty,Male,35,Pune,Maharashtra,West,2025-03-30
2833,Nisha Gupta,Male,54,Lucknow,Uttar Pradesh,North,2022-07-19
2834,Karan Sharma,Male,36,Kochi,Kerala,South,2022-01-16
2835,Pooja Iyer,Female,45,Bhubaneswar,Odisha,East,2024-06-02
2836,Kavya Menon,Other,31,Mumbai,Maharashtra,West,2023-07-05
2837,Ishita Bhat,Female,35,Hyderabad,Telangana,South,2024-07-30
2838,Priya Reddy,Female,35,Jaipur,Rajasthan,North,2024-05-29
2839,Vivaan Rao,Female,24,Kochi,Kerala,South,2024-03-25
2840,Priya Singh,Male,32,Kochi,Kerala,South,2023-04-16
2841,Kavya Hegde,Other,19,Kolkata,West Bengal,East,2023-11-21
2842,Pooja Bhat,Other,46,Hyderabad,Telangana,South,2024-10-06
2843,Diya Patel,Other,31,Lucknow,Uttar Pradesh,North,2024-03-14
2844,Kavya Joshi,Male,29,Mumbai,Maharashtra,West,2022-06-18
2845,Vivaan Iyer,Other,24,Pune,Maharashtra,West,2024-09-04
2846,Aarav Kumar,Female,36,Lucknow,Uttar Pradesh,North,2023-06-12
2847,Meera Kumar,Female,32,Delhi,Delhi,North,2024-10-20
2848,Riya Pillai,Other,23,Hubballi,Karnataka,South,2024-01-27
2849,Rahul Sharma,Male,26,Bhubaneswar,Odisha,East,2024-02-21
2850,Aditya Menon,Female,35,Kolkata,West Bengal,East,2023-02-05
2851,Priya Reddy,Other,20,Lucknow,Uttar Pradesh,North,2022-02-26
2852,Karan Verma,Male,20,Kochi,Kerala,South,2023-08-28
2853,Kavya Hegde,Other,47,Bhubaneswar,Odisha,East,2024-02-27
2854,Pooja Kulkarni,Other,37,Chennai,Tamil Nadu,South,2023-08-12
2855,Ishita Pillai,Female,46,Kochi,Kerala,South,2023-04-11
2856,Kavya Reddy,Male,33,Lucknow,Uttar Pradesh,North,2025-01-01
2857,Priya Iyer,Male,35,Jaipur,Rajasthan,North,2024-07-17
2858,Karan Menon,Other,36,Chennai,Tamil Nadu,South,2024-01-01
2859,Aarav Singh,Female,33,Chennai,Tamil Nadu,South,2022-11-22
2860,Arjun Reddy,Other,48,Bengaluru,Karnataka,South,2023-08-19
2861,Pooja Verma,Other,31,Mumbai,Maharashtra,West,2024-07-09
2862,Kavya Singh,Male,30,Chennai,Tamil Nadu,South,2024-05-08
2863,Rahul Kumar,Male,18,Hyderabad,Telangana,South,2023-03-21
2864,Rahul Naik,Male,30,Pune,Maharashtra,West,2023-08-15
2865,Priya Gupta,Male,38,Pune,Maharashtra,West,2024-10-27
2866,Vivaan Singh,Male,18,Hubballi,Karnataka,South,2023-06-08
2867,Kavya Das,Other,39,Chennai,Tamil Nadu,South,2024-03-13
2868,Riya Rao,Other,33,Kochi,Kerala,South,2022-08-16
2869,Aditya Nair,Male,25,Mangaluru,Karnataka,South,2024-10-04
2870,Arjun Hegde,Male,25,Mumbai,Maharashtra,West,2023-02-08
2871,Aarav Pillai,Male,36,Hyderabad,Telangana,South,2024-12-25
2872,Nisha Rao,Male,28,Pune,Maharashtra,West,2024-07-22
2873,Sanjay Sharma,Other,18,Bengaluru,Karnataka,South,2022-09-16
2874,Vivaan Rao,Male,33,Delhi,Delhi,North,2024-02-08
2875,Aarav Menon,Other,40,Ahmedabad,Gujarat,West,2025-01-29
2876,Sanjay Bhat,Female,25,Ahmedabad,Gujarat,West,2023-04-08
2877,Ananya Mishra,Female,30,Kolkata,West Bengal,East,2022-08-25
2878,Diya Shetty,Female,38,Hyderabad,Telangana,South,2024-03-24
2879,Vikram Iyer,Other,24,Bhubaneswar,Odisha,East,2024-02-06
2880,Ishita Mishra,Male,45,Mumbai,Maharashtra,West,2024-09-17
2881,Ananya Rao,Male,35,Hyderabad,Telangana,South,2023-09-10
2882,Ishita Kumar,Male,18,Pune,Maharashtra,West,2024-02-07
2883,Arjun Naik,Female,36,Delhi,Delhi,North,2023-05-11
2884,Vikram Iyer,Female,24,Lucknow,Uttar Pradesh,North,2022-01-25
2885,Nisha Naik,Female,33,Delhi,Delhi,North,2022-10-15
2886,Karan Sharma,Other,42,Jaipur,Rajasthan,North,2022-08-15
2887,Ananya Sharma,Other,19,Bhubaneswar,Odisha,East,2022-11-16
2888,Vivaan Shetty,Other,35,Hyderabad,Telangana,South,2024-05-09
2889,Vikram Mishra,Female,44,Pune,Maharashtra,West,2024-05-16
2890,Riya Reddy,Female,30,Mumbai,Maharashtra,West,2023-03-09
2891,Nisha Rao,Other,18,Mumbai,Maharashtra,West,2024-09-25
2892,Amit Mishra,Male,34,Mumbai,Maharashtra,West,2023-01-31
2893,Rohan Naik,Other,23,Lucknow,Uttar Pradesh,North,2023-02-19
2894,Pooja Patel,Male,39,Kolkata,West Bengal,East,2023-06-25
2895,Aditya Nair,Other,49,Pune,Maharashtra,West,2025-02-27
2896,Meera Singh,Female,47,Ahmedabad,Gujarat,West,2022-08-02
2897,Nisha Kulkarni,Male,18,Mysuru,Karnataka,South,2024-03-28
2898,Karan Singh,Other,57,Hubballi,Karnataka,South,2022-05-03
2899,Aditya Rao,Female,28,Lucknow,Uttar Pradesh,North,2025-03-08
2900,Aarav Singh,Female,38,Lucknow,Uttar Pradesh,North,2023-07-16
2901,Ishita Hegde,Male,39,Kochi,Kerala,South,2022-04-28
2902,Sanjay Bhat,Other,24,Lucknow,Uttar Pradesh,North,2024-07-23
2903,Rohan Kulkarni,Other,54,Mysuru,Karnataka,South,2025-01-06
2904,Nisha Reddy,Other,34,Lucknow,Uttar Pradesh,North,2022-01-21
2905,Vikram Pillai,Other,42,Hyderabad,Telangana,South,2025-04-09
2906,Ananya Menon,Other,33,Mysuru,Karnataka,South,2024-03-28
2907,Ishita Kulkarni,Female,20,Lucknow,Uttar Pradesh,North,2025-03-20
2908,Vikram Joshi,Female,26,Kolkata,West Bengal,East,2024-04-25
2909,Amit Reddy,Male,37,Mysuru,Karnataka,South,2023-06-05
2910,Ananya Pillai,Male,20,Mysuru,Karnataka,South,2023-10-23
2911,Arjun Pillai,Female,28,Lucknow,Uttar Pradesh,North,2024-08-25
2912,Ananya Menon,Other,35,Mangaluru,Karnataka,South,2023-07-09
2913,Aarav Nair,Male,64,Lucknow,Uttar Pradesh,North,2025-01-23
2914,Sneha Gupta,Female,47,Delhi,Delhi,North,2022-03-08
2915,Ananya Iyer,Other,29,Mumbai,Maharashtra,West,2023-01-31
2916,Rohan Naik,Other,29,Kochi,Kerala,South,2024-02-09
2917,Priya Joshi,Male,29,Delhi,Delhi,North,2023-02-11
2918,Aarav Kulkarni,Female,70,Mumbai,Maharashtra,West,2022-08-10
2919,Rohan Nair,Male,20,Hyderabad,Telangana,South,2025-03-25
2920,Meera Kumar,Other,28,Pune,Maharashtra,West,2024-10-02
2921,Rohan Patel,Other,31,Chennai,Tamil Nadu,South,2023-01-06
2922,Amit Naik,Other,30,Hyderabad,Telangana,South,2024-05-05
2923,Sanjay Pillai,Female,33,Mysuru,Karnataka,South,2022-08-17
2924,Karan Bhat,Female,33,Jaipur,Rajasthan,North,2024-12-06
2925,Ishita Patel,Female,25,Lucknow,Uttar Pradesh,North,2024-09-01
2926,Karan Joshi,Other,38,Mangaluru,Karnataka,South,2022-11-17
2927,Vivaan Singh,Female,29,Lucknow,Uttar Pradesh,North,2022-10-01
2928,Ishita Nair,Other,38,Lucknow,Uttar Pradesh,North,2023-10-30
2929,Rahul Sharma,Other,26,Kochi,Kerala,South,2024-09-26
2930,Ananya Verma,Other,50,Mumbai,Maharashtra,West,2024-01-16
2931,Diya Menon,Female,18,Pune,Maharashtra,West,2023-11-06
2932,Pooja Nair,Female,32,Mysuru,Karnataka,South,2022-10-07
2933,Karan Kulkarni,Female,37,Lucknow,Uttar Pradesh,North,2023-09-10
2934,Rohan Shetty,Other,40,Mysuru,Karnataka,South,2022-04-10
2935,Vivaan Nair,Female,31,Bhubaneswar,Odisha,East,2022-09-18
2936,Rahul Pillai,Male,28,Jaipur,Rajasthan,North,2022-11-24
2937,Nisha Nair,Male,31,Pune,Maharashtra,West,2025-01-31
2938,Karan Gupta,Other,34,Hubballi,Karnataka,South,2024-01-08
2939,Aarav Iyer,Other,24,Jaipur,Rajasthan,North,2024-10-27
2940,Priya Rao,Other,40,Bhubaneswar,Odisha,East,2023-04-21
2941,Rohan Menon,Female,28,Kolkata,West Bengal,East,2022-02-22
2942,Rahul Patel,Male,47,Jaipur,Rajasthan,North,2024-10-27
2943,Nisha Singh,Male,34,Hyderabad,Telangana,South,2023-10-30
2944,Pooja Shetty,Other,32,Mysuru,Karnataka,South,2023-01-02
2945,Rohan Menon,Male,23,Mumbai,Maharashtra,West,2024-09-28
2946,Arjun Joshi,Female,18,Bengaluru,Karnataka,South,2024-02-14
2947,Amit Mishra,Male,50,Pune,Maharashtra,West,2024-07-07
2948,Ishita Reddy,Female,37,Jaipur,Rajasthan,North,2025-02-12
2949,Ishita Hegde,Other,29,Bhubaneswar,Odisha,East,2022-07-29
2950,Meera Iyer,Male,29,Jaipur,Rajasthan,North,2024-03-03
2951,Arjun Reddy,Male,21,Mysuru,Karnataka,South,2024-03-03
2952,Pooja Joshi,Male,32,Pune,Maharashtra,West,2025-01-02
2953,Priya Pillai,Female,55,Delhi,Delhi,North,2022-11-20
2954,Arjun Pillai,Male,42,Chennai,Tamil Nadu,South,2022-08-01
2955,Nisha Verma,Female,33,Mumbai,Maharashtra,West,2024-07-17
2956,Rohan Rao,Female,44,Delhi,Delhi,North,2024-11-11
2957,Sneha Singh,Female,43,Mysuru,Karnataka,South,2022-04-15
2958,Aarav Menon,Other,33,Bhubaneswar,Odisha,East,2023-12-17
2959,Sneha Naik,Female,43,Bhubaneswar,Odisha,East,2024-02-02
2960,Pooja Pillai,Other,19,Mysuru,Karnataka,South,2023-12-14
2961,Arjun Gupta,Other,39,Lucknow,Uttar Pradesh,North,2022-08-13
2962,Arjun Singh,Other,47,Kochi,Kerala,South,2023-09-15
2963,Rahul Sharma,Other,38,Lucknow,Uttar Pradesh,North,2024-10-26
2964,Ananya Rao,Male,29,Pune,Maharashtra,West,2022-06-04
2965,Priya Gupta,Other,24,Mangaluru,Karnataka,South,2022-09-14
2966,Aditya Kulkarni,Female,40,Mangaluru,Karnataka,South,2023-12-10
2967,Vivaan Reddy,Male,38,Bhubaneswar,Odisha,East,2024-02-24
2968,Amit Iyer,Other,33,Ahmedabad,Gujarat,West,2022-05-17
2969,Kavya Sharma,Male,23,Mangaluru,Karnataka,South,2023-01-11
2970,Vivaan Naik,Female,44,Chennai,Tamil Nadu,South,2023-12-03
2971,Sneha Das,Male,24,Jaipur,Rajasthan,North,2024-07-30
2972,Nisha Shetty,Other,45,Delhi,Delhi,North,2024-10-28
2973,Diya Mishra,Other,49,Kochi,Kerala,South,2024-03-17
2974,Karan Rao,Other,33,Ahmedabad,Gujarat,West,2022-02-07
2975,Vivaan Joshi,Male,18,Bhubaneswar,Odisha,East,2025-03-05
2976,Rohan Nair,Male,24,Hubballi,Karnataka,South,2025-01-07
2977,Riya Kulkarni,Male,51,Mangaluru,Karnataka,South,2024-01-18
2978,Diya Hegde,Male,32,Delhi,Delhi,North,2024-01-03
2979,Riya Verma,Male,23,Lucknow,Uttar Pradesh,North,2024-10-29
2980,Sanjay Hegde,Female,28,Ahmedabad,Gujarat,West,2023-02-09
2981,Rahul Menon,Female,36,Jaipur,Rajasthan,North,2024-05-02
2982,Sanjay Verma,Other,28,Mysuru,Karnataka,South,2022-04-25
2983,Sneha Gupta,Male,27,Mangaluru,Karnataka,South,2025-02-18
2984,Sanjay Gupta,Other,31,Jaipur,Rajasthan,North,2022-08-27
2985,Priya Naik,Other,53,Hyderabad,Telangana,South,2022-10-29
2986,Kavya Kumar,Female,27,Mangaluru,Karnataka,South,2022-08-21
2987,Kavya Menon,Male,41,Kolkata,West Bengal,East,2022-07-14
2988,Vikram Reddy,Female,37,Delhi,Delhi,North,2023-11-20
2989,Sneha Rao,Other,33,Mysuru,Karnataka,South,2022-06-26
2990,Kavya Reddy,Female,36,Ahmedabad,Gujarat,West,2022-06-13
2991,Aditya Iyer,Female,42,Jaipur,Rajasthan,North,2022-02-22
2992,Sanjay Kumar,Male,25,Kolkata,West Bengal,East,2023-01-20
2993,Aarav Rao,Female,37,Chennai,Tamil Nadu,South,2022-02-25
2994,Ishita Rao,Male,36,Hubballi,Karnataka,South,2024-02-19
2995,Pooja Nair,Other,37,Mangaluru,Karnataka,South,2024-10-12
2996,Nisha Rao,Other,26,Bhubaneswar,Odisha,East,2024-05-04
2997,Priya Nair,Other,35,Hyderabad,Telangana,South,2023-12-09
2998,Riya Rao,Male,35,Chennai,Tamil Nadu,South,2024-04-22
2999,Ananya Menon,Male,31,Mangaluru,Karnataka,South,2025-01-21
3000,Sneha Kulkarni,Other,48,Hyderabad,Telangana,South,2022-03-31
3001,Ishita Bhat,Other,23,Kochi,Kerala,South,2022-08-20
3002,Sanjay Sharma,Other,27,Mangaluru,Karnataka,South,2022-12-11
3003,Rohan Kumar,Male,34,Ahmedabad,Gujarat,West,2023-10-26
3004,Priya Hegde,Male,42,Mumbai,Maharashtra,West,2023-02-19
3005,Diya Joshi,Other,41,Kochi,Kerala,South,2025-01-21
3006,Kavya Das,Male,27,Delhi,Delhi,North,2022-08-11
3007,Diya Das,Other,46,Pune,Maharashtra,West,2024-01-14
3008,Sanjay Verma,Other,34,Chennai,Tamil Nadu,South,2025-03-09
3009,Vikram Nair,Other,39,Lucknow,Uttar Pradesh,North,2022-12-23
3010,Aditya Nair,Female,32,Bhubaneswar,Odisha,East,2024-05-08
3011,Ananya Reddy,Other,36,Kolkata,West Bengal,East,2023-10-27
3012,Aditya Joshi,Male,43,Mysuru,Karnataka,South,2023-10-30
3013,Priya Patel,Male,37,Mangaluru,Karnataka,South,2022-04-09
3014,Amit Kulkarni,Female,39,Lucknow,Uttar Pradesh,North,2022-03-03
3015,Aarav Verma,Other,41,Kolkata,West Bengal,East,2025-02-06
3016,Rohan Bhat,Female,28,Ahmedabad,Gujarat,West,2023-08-21
3017,Sneha Rao,Female,49,Ahmedabad,Gujarat,West,2023-01-27
3018,Riya Gupta,Other,28,Bengaluru,Karnataka,South,2022-12-03
3019,Kavya Kulkarni,Other,53,Bengaluru,Karnataka,South,2024-03-20
3020,Vikram Naik,Other,18,Hyderabad,Telangana,South,2024-01-22
3021,Vivaan Mishra,Female,45,Delhi,Delhi,North,2025-03-05
3022,Pooja Joshi,Male,32,Mangaluru,Karnataka,South,2024-05-30
3023,Diya Kumar,Other,37,Mysuru,Karnataka,South,2023-09-27
3024,Vivaan Verma,Female,47,Hyderabad,Telangana,South,2023-06-12
3025,Rahul Iyer,Male,36,Mumbai,Maharashtra,West,2025-03-14
3026,Vikram Kulkarni,Male,55,Hyderabad,Telangana,South,2022-06-15
3027,Amit Bhat,Female,43,Chennai,Tamil Nadu,South,2024-05-10
3028,Karan Sharma,Other,30,Chennai,Tamil Nadu,South,2024-07-01
3029,Priya Menon,Male,30,Jaipur,Rajasthan,North,2022-03-20
3030,Amit Naik,Male,20,Kochi,Kerala,South,2023-01-31
3031,Meera Mishra,Female,34,Kochi,Kerala,South,2025-01-31
3032,Diya Sharma,Other,50,Bengaluru,Karnataka,South,2023-09-26
3033,Ananya Nair,Female,27,Pune,Maharashtra,West,2022-08-24
3034,Aarav Iyer,Other,33,Mysuru,Karnataka,South,2022-08-18
3035,Ishita Iyer,Male,36,Mangaluru,Karnataka,South,2022-07-01
3036,Kavya Bhat,Male,28,Mysuru,Karnataka,South,2022-04-06
3037,Pooja Naik,Male,49,Mysuru,Karnataka,South,2024-06-12
3038,Arjun Bhat,Male,40,Mumbai,Maharashtra,West,2023-01-29
3039,Sanjay Joshi,Female,25,Mangaluru,Karnataka,South,2023-11-27
3040,Diya Nair,Female,33,Mumbai,Maharashtra,West,2023-08-05
3041,Rahul Kulkarni,Female,38,Mumbai,Maharashtra,West,2022-05-13
3042,Meera Das,Male,32,Mysuru,Karnataka,South,2022-08-09
3043,Diya Verma,Male,44,Mangaluru,Karnataka,South,2024-09-02
3044,Karan Rao,Male,44,Hyderabad,Telangana,South,2024-02-27
3045,Vivaan Kumar,Female,29,Chennai,Tamil Nadu,South,2023-11-22
3046,Ananya Patel,Male,30,Mumbai,Maharashtra,West,2022-06-11
3047,Karan Bhat,Other,18,Jaipur,Rajasthan,North,2025-02-01
3048,Arjun Verma,Female,28,Chennai,Tamil Nadu,South,2024-11-23
3049,Nisha Kumar,Female,40,Ahmedabad,Gujarat,West,2022-08-30
3050,Ishita Naik,Other,31,Kolkata,West Bengal,East,2025-02-15
3051,Ishita Kumar,Male,29,Kochi,Kerala,South,2023-12-02
3052,Aarav Kumar,Male,32,Mysuru,Karnataka,South,2025-02-10
3053,Pooja Sharma,Other,41,Hyderabad,Telangana,South,2024-12-03
3054,Vivaan Shetty,Female,37,Hubballi,Karnataka,South,2024-04-06
3055,Aarav Verma,Female,41,Delhi,Delhi,North,2024-05-01
3056,Amit Bhat,Male,38,Chennai,Tamil Nadu,South,2022-08-07
3057,Kavya Joshi,Other,25,Kolkata,West Bengal,East,2023-03-19
3058,Pooja Singh,Male,41,Mangaluru,Karnataka,South,2022-09-24
3059,Arjun Hegde,Other,36,Chennai,Tamil Nadu,South,2024-05-19
3060,Kavya Gupta,Female,48,Hubballi,Karnataka,South,2023-11-18
3061,Arjun Naik,Other,23,Lucknow,Uttar Pradesh,North,2024-09-22
3062,Karan Pillai,Other,34,Mangaluru,Karnataka,South,2022-07-23
3063,Rohan Joshi,Male,29,Jaipur,Rajasthan,North,2023-07-06
3064,Ishita Patel,Female,59,Mangaluru,Karnataka,South,2023-05-14
3065,Rohan Verma,Male,33,Hubballi,Karnataka,South,2022-03-24
3066,Karan Reddy,Male,18,Delhi,Delhi,North,2023-11-14
3067,Kavya Naik,Female,31,Mumbai,Maharashtra,West,2023-11-20
3068,Vikram Joshi,Female,32,Lucknow,Uttar Pradesh,North,2024-04-18
3069,Nisha Patel,Other,28,Mumbai,Maharashtra,West,2024-05-27
3070,Vivaan Nair,Male,20,Mumbai,Maharashtra,West,2024-02-28
3071,Diya Hegde,Female,31,Chennai,Tamil Nadu,South,2022-10-20
3072,Kavya Joshi,Female,43,Lucknow,Uttar Pradesh,North,2023-10-01
3073,Vivaan Singh,Male,27,Kochi,Kerala,South,2022-08-22
3074,Vivaan Shetty,Male,40,Bengaluru,Karnataka,South,2022-08-13
3075,Nisha Hegde,Other,31,Chennai,Tamil Nadu,South,2024-08-24
3076,Kavya Singh,Female,33,Mysuru,Karnataka,South,2024-11-01
3077,Diya Shetty,Female,39,Pune,Maharashtra,West,2022-02-04
3078,Arjun Sharma,Other,40,Mysuru,Karnataka,South,2023-03-17
3079,Rohan Shetty,Female,38,Ahmedabad,Gujarat,West,2023-10-15
3080,Diya Pillai,Other,42,Lucknow,Uttar Pradesh,North,2022-12-10
3081,Diya Joshi,Other,47,Delhi,Delhi,North,2025-01-08
3082,Karan Pillai,Female,41,Chennai,Tamil Nadu,South,2023-06-11
3083,Arjun Kumar,Other,41,Mysuru,Karnataka,South,2022-03-16
3084,Riya Rao,Male,47,Lucknow,Uttar Pradesh,North,2022-01-29
3085,Karan Gupta,Other,34,Delhi,Delhi,North,2023-12-07
3086,Arjun Reddy,Other,36,Pune,Maharashtra,West,2024-03-15
3087,Ananya Nair,Other,30,Delhi,Delhi,North,2024-07-28
3088,Karan Kulkarni,Other,35,Pune,Maharashtra,West,2025-01-05
3089,Vivaan Kumar,Male,43,Mangaluru,Karnataka,South,2022-08-17
3090,Sneha Hegde,Other,35,Mumbai,Maharashtra,West,2024-09-10
3091,Diya Das,Other,33,Hyderabad,Telangana,South,2023-07-27
3092,Arjun Verma,Male,45,Lucknow,Uttar Pradesh,North,2024-05-24
3093,Kavya Naik,Other,42,Pune,Maharashtra,West,2022-12-25
3094,Aarav Singh,Other,48,Kolkata,West Bengal,East,2022-06-14
3095,Rohan Nair,Male,25,Chennai,Tamil Nadu,South,2024-03-08
3096,Vivaan Gupta,Other,33,Delhi,Delhi,North,2025-02-24
3097,Ishita Bhat,Other,22,Bhubaneswar,Odisha,East,2022-07-12
3098,Pooja Reddy,Male,34,Ahmedabad,Gujarat,West,2022-04-02
3099,Pooja Menon,Other,36,Pune,Maharashtra,West,2022-05-19
3100,Ishita Menon,Other,18,Kolkata,West Bengal,East,2022-12-06
3101,Karan Singh,Male,38,Chennai,Tamil Nadu,South,2024-12-11
3102,Priya Gupta,Other,18,Mangaluru,Karnataka,South,2023-08-28
3103,Aarav Naik,Female,24,Lucknow,Uttar Pradesh,North,2024-07-20
3104,Pooja Hegde,Female,28,Ahmedabad,Gujarat,West,2024-10-26
3105,Vikram Nair,Other,37,Bhubaneswar,Odisha,East,2023-05-15
3106,Sneha Rao,Male,25,Chennai,Tamil Nadu,South,2023-08-24
3107,Vivaan Kulkarni,Male,32,Hubballi,Karnataka,South,2023-10-28
3108,Vivaan Kumar,Female,34,Chennai,Tamil Nadu,South,2022-09-27
3109,Rohan Hegde,Male,38,Kochi,Kerala,South,2024-12-15
3110,Vikram Gupta,Other,36,Jaipur,Rajasthan,North,2023-02-17
3111,Aarav Iyer,Other,43,Mysuru,Karnataka,South,2023-06-04
3112,Diya Shetty,Male,35,Delhi,Delhi,North,2022-12-19
3113,Sneha Hegde,Other,30,Lucknow,Uttar Pradesh,North,2024-12-25
3114,Kavya Mishra,Female,36,Mangaluru,Karnataka,South,2023-07-12
3115,Vivaan Sharma,Female,27,Hyderabad,Telangana,South,2022-04-23
3116,Sanjay Singh,Female,33,Hubballi,Karnataka,South,2023-12-31
3117,Sneha Pillai,Male,31,Bengaluru,Karnataka,South,2023-08-12
3118,Ishita Hegde,Other,48,Lucknow,Uttar Pradesh,North,2025-03-21
3119,Riya Kulkarni,Male,30,Jaipur,Rajasthan,North,2024-01-21
3120,Meera Joshi,Female,57,Bhubaneswar,Odisha,East,2024-09-21
3121,Karan Pillai,Other,30,Chennai,Tamil Nadu,South,2023-12-04
3122,Ishita Kumar,Female,28,Kolkata,West Bengal,East,2023-04-22
3123,Kavya Iyer,Male,44,Hubballi,Karnataka,South,2024-07-27
3124,Nisha Reddy,Female,58,Kochi,Kerala,South,2022-02-26
3125,Meera Singh,Male,35,Mangaluru,Karnataka,South,2023-03-24
3126,Priya Bhat,Other,47,Hubballi,Karnataka,South,2022-07-21
3127,Amit Sharma,Female,27,Mangaluru,Karnataka,South,2022-12-29
3128,Rahul Menon,Other,39,Mangaluru,Karnataka,South,2022-06-04
3129,Karan Reddy,Male,36,Delhi,Delhi,North,2022-09-06
3130,Kavya Joshi,Female,28,Mysuru,Karnataka,South,2025-02-22
3131,Ishita Rao,Other,51,Kochi,Kerala,South,2025-01-07
3132,Rohan Sharma,Other,34,Ahmedabad,Gujarat,West,2022-06-25
3133,Ishita Menon,Male,29,Mysuru,Karnataka,South,2024-05-19
3134,Aarav Patel,Male,18,Mysuru,Karnataka,South,2025-02-03
3135,Aditya Hegde,Male,38,Hubballi,Karnataka,South,2022-10-29
3136,Riya Sharma,Male,29,Jaipur,Rajasthan,North,2024-02-18
3137,Arjun Kulkarni,Other,52,Kolkata,West Bengal,East,2022-09-25
3138,Ananya Reddy,Male,39,Bhubaneswar,Odisha,East,2025-03-10
3139,Nisha Pillai,Female,56,Mangaluru,Karnataka,South,2025-03-15
3140,Rahul Nair,Female,25,Bhubaneswar,Odisha,East,2023-12-01
3141,Rohan Joshi,Male,41,Pune,Maharashtra,West,2023-01-21
3142,Sanjay Kulkarni,Male,40,Ahmedabad,Gujarat,West,2023-02-19
3143,Vivaan Rao,Other,30,Bengaluru,Karnataka,South,2022-07-17
3144,Arjun Naik,Female,39,Chennai,Tamil Nadu,South,2023-09-20
3145,Aarav Joshi,Male,37,Mangaluru,Karnataka,South,2023-08-27
3146,Kavya Menon,Male,40,Hubballi,Karnataka,South,2024-10-06
3147,Amit Joshi,Other,31,Hyderabad,Telangana,South,2022-03-12
3148,Arjun Bhat,Male,20,Mumbai,Maharashtra,West,2023-08-23
3149,Vikram Rao,Female,29,Mysuru,Karnataka,South,2023-05-29
3150,Aditya Mishra,Female,19,Hyderabad,Telangana,South,2024-04-18
3151,Diya Reddy,Male,29,Mysuru,Karnataka,South,2023-08-29
3152,Rohan Singh,Female,26,Delhi,Delhi,North,2022-10-17
3153,Ananya Mishra,Male,18,Ahmedabad,Gujarat,West,2023-01-11
3154,Kavya Kumar,Other,26,Jaipur,Rajasthan,North,2025-03-17
3155,Amit Mishra,Female,29,Jaipur,Rajasthan,North,2023-04-16
3156,Arjun Hegde,Female,31,Hyderabad,Telangana,South,2023-01-31
3157,Diya Hegde,Other,46,Jaipur,Rajasthan,North,2024-02-29
3158,Aditya Sharma,Male,29,Kolkata,West Bengal,East,2024-05-14
3159,Rohan Shetty,Male,36,Kolkata,West Bengal,East,2022-01-24
3160,Meera Bhat,Male,46,Mumbai,Maharashtra,West,2023-10-26
3161,Priya Verma,Other,46,Mysuru,Karnataka,South,2023-03-14
3162,Rohan Reddy,Female,59,Chennai,Tamil Nadu,South,2022-11-17
3163,Rahul Menon,Female,29,Mangaluru,Karnataka,South,2023-08-10
3164,Nisha Verma,Female,41,Hyderabad,Telangana,South,2025-04-03
3165,Kavya Mishra,Other,40,Lucknow,Uttar Pradesh,North,2024-04-28
3166,Rohan Joshi,Female,18,Hyderabad,Telangana,South,2025-03-07
3167,Sneha Bhat,Other,18,Mumbai,Maharashtra,West,2024-06-28
3168,Nisha Kulkarni,Other,27,Ahmedabad,Gujarat,West,2024-03-10
3169,Vikram Menon,Male,42,Bhubaneswar,Odisha,East,2023-03-02
3170,Kavya Naik,Other,46,Delhi,Delhi,North,2022-02-25
3171,Vikram Reddy,Male,18,Kolkata,West Bengal,East,2023-09-26
3172,Aarav Gupta,Male,24,Hyderabad,Telangana,South,2023-01-11
3173,Sneha Bhat,Male,44,Hyderabad,Telangana,South,2024-01-13
3174,Arjun Patel,Female,31,Kochi,Kerala,South,2023-08-08
3175,Rohan Nair,Female,54,Hyderabad,Telangana,South,2022-12-06
3176,Sneha Verma,Male,39,Mangaluru,Karnataka,South,2022-06-17
3177,Vikram Patel,Other,31,Hubballi,Karnataka,South,2023-07-11
3178,Arjun Kumar,Female,30,Mangaluru,Karnataka,South,2022-05-30
3179,Aarav Verma,Female,36,Lucknow,Uttar Pradesh,North,2022-05-26
3180,Arjun Pillai,Male,36,Bengaluru,Karnataka,South,2023-10-08
3181,Riya Singh,Male,23,Pune,Maharashtra,West,2023-12-24
3182,Diya Kumar,Male,42,Mangaluru,Karnataka,South,2023-04-09
3183,Aditya Sharma,Other,43,Hubballi,Karnataka,South,2023-03-29
3184,Kavya Kumar,Male,36,Bhubaneswar,Odisha,East,2023-05-02
3185,Rohan Naik,Other,34,Pune,Maharashtra,West,2022-06-14
3186,Nisha Verma,Other,29,Chennai,Tamil Nadu,South,2022-08-02
3187,Meera Sharma,Female,34,Hyderabad,Telangana,South,2023-07-28
3188,Rohan Patel,Other,30,Mysuru,Karnataka,South,2024-03-08
3189,Riya Singh,Other,18,Bengaluru,Karnataka,South,2022-08-27
3190,Aarav Menon,Female,31,Mangaluru,Karnataka,South,2023-05-20
3191,Meera Kulkarni,Other,24,Jaipur,Rajasthan,North,2022-07-21
3192,Sanjay Pillai,Other,29,Bhubaneswar,Odisha,East,2023-10-06
3193,Vikram Verma,Male,44,Chennai,Tamil Nadu,South,2024-02-04
3194,Aditya Naik,Female,36,Chennai,Tamil Nadu,South,2023-01-29
3195,Karan Menon,Other,32,Mangaluru,Karnataka,South,2024-04-12
3196,Vikram Menon,Male,43,Bengaluru,Karnataka,South,2023-03-17
3197,Sneha Mishra,Male,59,Bhubaneswar,Odisha,East,2024-07-06
3198,Meera Bhat,Female,39,Bhubaneswar,Odisha,East,2023-07-22
3199,Ishita Menon,Male,26,Jaipur,Rajasthan,North,2024-07-07
3200,Diya Verma,Male,33,Bengaluru,Karnataka,South,2022-08-13
3201,Arjun Rao,Male,28,Chennai,Tamil Nadu,South,2023-12-01
3202,Riya Shetty,Male,25,Hyderabad,Telangana,South,2022-06-18
3203,Amit Singh,Other,38,Hubballi,Karnataka,South,2024-12-21
3204,Aditya Gupta,Other,30,Mysuru,Karnataka,South,2024-11-17
3205,Amit Gupta,Other,35,Bengaluru,Karnataka,South,2023-03-22
3206,Vivaan Joshi,Female,28,Hubballi,Karnataka,South,2024-03-29
3207,Priya Pillai,Male,41,Mysuru,Karnataka,South,2022-04-14
3208,Nisha Patel,Male,18,Delhi,Delhi,North,2024-02-08
3209,Aditya Nair,Male,18,Hyderabad,Telangana,South,2022-10-04
3210,Amit Menon,Other,34,Hyderabad,Telangana,South,2025-03-07
3211,Ananya Menon,Other,18,Hubballi,Karnataka,South,2022-04-15
3212,Rohan Rao,Female,48,Hyderabad,Telangana,South,2024-12-24
3213,Pooja Rao,Other,30,Mumbai,Maharashtra,West,2022-11-29
3214,Rohan Sharma,Other,18,Kolkata,West Bengal,East,2023-06-24
3215,Ishita Bhat,Other,52,Kolkata,West Bengal,East,2024-01-05
3216,Vivaan Nair,Male,45,Bhubaneswar,Odisha,East,2024-09-18
3217,Meera Reddy,Other,48,Mangaluru,Karnataka,South,2022-04-09
3218,Vikram Gupta,Other,35,Mysuru,Karnataka,South,2023-04-02
3219,Rohan Singh,Other,36,Jaipur,Rajasthan,North,2023-06-06
3220,Riya Naik,Female,46,Ahmedabad,Gujarat,West,2023-12-10
3221,Rohan Shetty,Female,32,Pune,Maharashtra,West,2023-12-11
3222,Riya Verma,Male,48,Hyderabad,Telangana,South,2025-03-01
3223,Ishita Joshi,Male,32,Kochi,Kerala,South,2022-12-22
3224,Riya Reddy,Male,52,Delhi,Delhi,North,2024-03-12
3225,Nisha Rao,Male,41,Delhi,Delhi,North,2022-02-12
3226,Amit Kulkarni,Male,42,Mangaluru,Karnataka,South,2025-02-27
3227,Arjun Das,Female,28,Pune,Maharashtra,West,2022-12-16
3228,Amit Singh,Male,27,Mangaluru,Karnataka,South,2022-01-01
3229,Priya Iyer,Female,42,Chennai,Tamil Nadu,South,2023-08-07
3230,Aditya Singh,Other,34,Mysuru,Karnataka,South,2025-02-11
3231,Meera Hegde,Female,47,Kolkata,West Bengal,East,2022-05-27
3232,Meera Kumar,Male,18,Chennai,Tamil Nadu,South,2023-09-21
3233,Nisha Patel,Female,30,Delhi,Delhi,North,2022-10-26
3234,Amit Menon,Female,21,Bhubaneswar,Odisha,East,2024-12-27
3235,Riya Kumar,Female,44,Bhubaneswar,Odisha,East,2023-03-21
3236,Pooja Mishra,Female,31,Hyderabad,Telangana,South,2022-05-25
3237,Aditya Verma,Other,44,Hyderabad,Telangana,South,2022-10-02
3238,Sanjay Patel,Other,19,Pune,Maharashtra,West,2025-03-22
3239,Vivaan Joshi,Other,19,Jaipur,Rajasthan,North,2025-02-01
3240,Sneha Sharma,Male,48,Bhubaneswar,Odisha,East,2023-07-22
3241,Arjun Nair,Female,28,Bhubaneswar,Odisha,East,2023-06-15
3242,Priya Menon,Male,40,Mangaluru,Karnataka,South,2022-01-23
3243,Ishita Das,Other,22,Hubballi,Karnataka,South,2024-12-06
3244,Diya Das,Female,30,Mysuru,Karnataka,South,2022-05-24
3245,Sneha Das,Male,29,Jaipur,Rajasthan,North,2023-10-30
3246,Rahul Rao,Female,18,Mysuru,Karnataka,South,2024-03-09
3247,Kavya Gupta,Female,21,Kolkata,West Bengal,East,2022-03-26
3248,Aditya Shetty,Female,22,Hyderabad,Telangana,South,2024-04-06
3249,Nisha Gupta,Other,20,Delhi,Delhi,North,2022-10-24
3250,Nisha Rao,Female,33,Lucknow,Uttar Pradesh,North,2024-08-07
3251,Vivaan Kulkarni,Male,45,Pune,Maharashtra,West,2023-11-11
3252,Rohan Gupta,Female,35,Pune,Maharashtra,West,2024-07-31
3253,Vivaan Mishra,Female,33,Delhi,Delhi,North,2024-04-22
3254,Diya Verma,Female,46,Bengaluru,Karnataka,South,2022-01-20
3255,Vivaan Gupta,Male,32,Hubballi,Karnataka,South,2022-08-27
3256,Kavya Hegde,Female,50,Kolkata,West Bengal,East,2024-11-20
3257,Rahul Reddy,Male,19,Jaipur,Rajasthan,North,2025-02-01
3258,Sanjay Menon,Male,29,Mysuru,Karnataka,South,2022-01-19
3259,Meera Verma,Other,35,Chennai,Tamil Nadu,South,2023-12-13
3260,Sanjay Singh,Male,30,Hubballi,Karnataka,South,2024-05-03
3261,Kavya Shetty,Female,38,Mysuru,Karnataka,South,2022-08-16
3262,Karan Iyer,Female,37,Mangaluru,Karnataka,South,2023-12-03
3263,Nisha Kulkarni,Other,36,Pune,Maharashtra,West,2024-07-05
3264,Rahul Verma,Female,39,Kolkata,West Bengal,East,2025-02-07
3265,Priya Menon,Male,41,Kochi,Kerala,South,2023-12-16
3266,Riya Gupta,Male,45,Ahmedabad,Gujarat,West,2023-11-15
3267,Priya Mishra,Male,40,Lucknow,Uttar Pradesh,North,2024-05-19
3268,Ananya Sharma,Male,32,Hyderabad,Telangana,South,2022-08-01
3269,Meera Kumar,Female,53,Kochi,Kerala,South,2023-03-12
3270,Ananya Rao,Other,45,Bhubaneswar,Odisha,East,2022-07-24
3271,Sanjay Naik,Other,51,Mumbai,Maharashtra,West,2023-01-16
3272,Meera Kumar,Other,22,Bengaluru,Karnataka,South,2022-03-18
3273,Priya Rao,Male,19,Pune,Maharashtra,West,2024-03-26
3274,Karan Verma,Other,44,Hubballi,Karnataka,South,2023-07-05
3275,Rahul Mishra,Female,18,Ahmedabad,Gujarat,West,2024-04-05
3276,Diya Gupta,Male,31,Hubballi,Karnataka,South,2022-09-02
3277,Priya Sharma,Female,18,Jaipur,Rajasthan,North,2023-08-01
3278,Diya Sharma,Female,33,Bhubaneswar,Odisha,East,2022-05-22
3279,Amit Naik,Male,40,Kochi,Kerala,South,2024-06-11
3280,Nisha Das,Female,30,Lucknow,Uttar Pradesh,North,2023-10-15
3281,Diya Iyer,Other,32,Mumbai,Maharashtra,West,2024-08-15
3282,Pooja Shetty,Male,50,Mumbai,Maharashtra,West,2022-09-21
3283,Rahul Das,Female,43,Kochi,Kerala,South,2024-10-23
3284,Rahul Kulkarni,Other,33,Hyderabad,Telangana,South,2024-12-18
3285,Sneha Verma,Female,25,Mangaluru,Karnataka,South,2024-10-09
3286,Kavya Nair,Other,19,Chennai,Tamil Nadu,South,2023-07-15
3287,Arjun Reddy,Male,51,Delhi,Delhi,North,2024-08-12
3288,Aarav Mishra,Female,26,Mysuru,Karnataka,South,2023-08-29
3289,Nisha Mishra,Other,24,Mysuru,Karnataka,South,2024-04-09
3290,Meera Naik,Other,31,Mysuru,Karnataka,South,2024-01-16
3291,Vivaan Nair,Female,52,Kolkata,West Bengal,East,2023-07-12
3292,Vikram Das,Other,44,Hubballi,Karnataka,South,2022-09-06
3293,Arjun Gupta,Female,49,Mumbai,Maharashtra,West,2024-07-28
3294,Diya Das,Female,29,Mysuru,Karnataka,South,2024-09-11
3295,Ishita Sharma,Female,41,Kochi,Kerala,South,2025-01-16
3296,Vikram Naik,Female,34,Kolkata,West Bengal,East,2023-07-12
3297,Sanjay Nair,Female,29,Chennai,Tamil Nadu,South,2022-03-14
3298,Vikram Sharma,Female,42,Jaipur,Rajasthan,North,2024-12-14
3299,Aarav Sharma,Male,21,Bengaluru,Karnataka,South,2022-03-02
3300,Diya Naik,Other,32,Kolkata,West Bengal,East,2025-04-14
3301,Ananya Shetty,Male,28,Delhi,Delhi,North,2023-09-20
3302,Kavya Joshi,Other,45,Delhi,Delhi,North,2025-02-28
3303,Karan Mishra,Other,23,Mumbai,Maharashtra,West,2025-01-30
3304,Vivaan Pillai,Female,18,Mumbai,Maharashtra,West,2022-01-10
3305,Ishita Singh,Female,28,Mangaluru,Karnataka,South,2022-02-18
3306,Ananya Naik,Male,40,Kochi,Kerala,South,2024-03-05
3307,Vikram Rao,Other,39,Mumbai,Maharashtra,West,2024-08-28
3308,Rohan Naik,Male,40,Kolkata,West Bengal,East,2022-02-26
3309,Priya Menon,Other,40,Jaipur,Rajasthan,North,2023-01-11
3310,Sanjay Kulkarni,Male,18,Kochi,Kerala,South,2024-05-18
3311,Karan Reddy,Male,26,Hyderabad,Telangana,South,2024-06-05
3312,Kavya Sharma,Other,27,Bengaluru,Karnataka,South,2022-11-25
3313,Priya Kumar,Male,37,Kolkata,West Bengal,East,2022-05-02
3314,Sneha Reddy,Other,22,Delhi,Delhi,North,2024-11-12
3315,Aarav Kumar,Female,31,Mumbai,Maharashtra,West,2022-10-06
3316,Diya Singh,Male,37,Jaipur,Rajasthan,North,2024-12-10
3317,Vikram Nair,Male,32,Jaipur,Rajasthan,North,2023-10-15
3318,Vikram Menon,Female,59,Ahmedabad,Gujarat,West,2022-07-15
3319,Vivaan Hegde,Male,27,Jaipur,Rajasthan,North,2023-02-21
3320,Rohan Sharma,Other,41,Kochi,Kerala,South,2024-09-27
3321,Arjun Rao,Female,29,Delhi,Delhi,North,2022-12-30
3322,Riya Rao,Male,40,Kochi,Kerala,South,2024-10-31
3323,Amit Hegde,Male,44,Mangaluru,Karnataka,South,2022-05-06
3324,Aditya Bhat,Female,40,Mysuru,Karnataka,South,2024-11-03
3325,Karan Menon,Male,46,Kochi,Kerala,South,2022-10-08
3326,Aarav Verma,Male,32,Pune,Maharashtra,West,2023-09-09
3327,Aditya Gupta,Other,18,Pune,Maharashtra,West,2022-05-27
3328,Ishita Shetty,Other,18,Mumbai,Maharashtra,West,2023-03-10
3329,Meera Singh,Male,27,Kochi,Kerala,South,2022-05-24
3330,Aarav Singh,Other,41,Chennai,Tamil Nadu,South,2022-09-14
3331,Riya Patel,Male,28,Delhi,Delhi,North,2024-05-07
3332,Diya Bhat,Other,18,Hyderabad,Telangana,South,2025-03-21
3333,Sneha Sharma,Male,29,Delhi,Delhi,North,2023-09-15
3334,Sanjay Rao,Male,34,Ahmedabad,Gujarat,West,2022-03-15
3335,Aarav Kulkarni,Male,30,Delhi,Delhi,North,2022-12-21
3336,Pooja Kumar,Male,34,Ahmedabad,Gujarat,West,2023-08-03
3337,Diya Rao,Male,34,Bhubaneswar,Odisha,East,2024-06-28
3338,Ananya Kumar,Male,25,Bengaluru,Karnataka,South,2022-11-20
3339,Rohan Hegde,Female,32,Mysuru,Karnataka,South,2023-01-19
3340,Karan Reddy,Female,34,Pune,Maharashtra,West,2023-12-20
3341,Sneha Nair,Female,55,Lucknow,Uttar Pradesh,North,2024-02-20
3342,Nisha Verma,Other,31,Lucknow,Uttar Pradesh,North,2023-10-26
3343,Karan Hegde,Male,18,Mumbai,Maharashtra,West,2023-08-23
3344,Sanjay Menon,Male,36,Hubballi,Karnataka,South,2024-02-17
3345,Priya Nair,Male,26,Delhi,Delhi,North,2023-02-15
3346,Karan Bhat,Female,37,Kolkata,West Bengal,East,2024-09-15
3347,Meera Verma,Other,19,Kochi,Kerala,South,2024-01-13
3348,Sanjay Shetty,Other,40,Lucknow,Uttar Pradesh,North,2024-11-20
3349,Riya Menon,Female,31,Mysuru,Karnataka,South,2025-03-04
3350,Priya Iyer,Female,43,Hubballi,Karnataka,South,2025-03-27
3351,Aditya Das,Male,32,Kochi,Kerala,South,2023-07-03
3352,Vivaan Naik,Female,41,Kochi,Kerala,South,2022-04-11
3353,Kavya Nair,Other,22,Delhi,Delhi,North,2024-12-15
3354,Pooja Iyer,Female,21,Bhubaneswar,Odisha,East,2024-05-23
3355,Arjun Singh,Female,42,Bengaluru,Karnataka,South,2023-01-16
3356,Rahul Iyer,Male,35,Mumbai,Maharashtra,West,2022-11-13
3357,Karan Iyer,Female,44,Mysuru,Karnataka,South,2025-04-06
3358,Ananya Rao,Male,34,Mangaluru,Karnataka,South,2023-03-18
3359,Aarav Shetty,Male,26,Hyderabad,Telangana,South,2022-08-06
3360,Priya Shetty,Male,33,Pune,Maharashtra,West,2024-10-05
3361,Aditya Menon,Female,37,Ahmedabad,Gujarat,West,2023-07-23
3362,Karan Naik,Male,32,Delhi,Delhi,North,2024-04-18
3363,Sneha Hegde,Other,53,Mysuru,Karnataka,South,2024-01-24
3364,Aditya Pillai,Other,29,Delhi,Delhi,North,2022-12-25
3365,Kavya Shetty,Female,40,Mumbai,Maharashtra,West,2022-03-27
3366,Karan Patel,Female,37,Hubballi,Karnataka,South,2024-06-23
3367,Vivaan Hegde,Female,26,Pune,Maharashtra,West,2023-11-29
3368,Arjun Das,Male,42,Mysuru,Karnataka,South,2025-04-01
3369,Ananya Pillai,Female,31,Delhi,Delhi,North,2025-01-24
3370,Priya Sharma,Female,19,Hubballi,Karnataka,South,2022-12-19
3371,Priya Sharma,Female,30,Bengaluru,Karnataka,South,2024-03-10
3372,Rohan Menon,Male,36,Chennai,Tamil Nadu,South,2024-01-05
3373,Sneha Naik,Male,30,Kochi,Kerala,South,2024-09-07
3374,Aarav Reddy,Female,39,Hyderabad,Telangana,South,2023-08-13
3375,Kavya Nair,Female,18,Mysuru,Karnataka,South,2023-10-21
3376,Diya Menon,Male,47,Hyderabad,Telangana,South,2022-09-01
3377,Ananya Bhat,Other,49,Ahmedabad,Gujarat,West,2023-08-08
3378,Ishita Nair,Other,39,Bengaluru,Karnataka,South,2023-08-27
3379,Nisha Rao,Female,54,Pune,Maharashtra,West,2024-10-11
3380,Arjun Sharma,Male,22,Delhi,Delhi,North,2024-05-09
3381,Aarav Kumar,Male,28,Bengaluru,Karnataka,South,2022-01-13
3382,Kavya Joshi,Male,44,Hyderabad,Telangana,South,2022-05-29
3383,Karan Iyer,Other,33,Mysuru,Karnataka,South,2022-05-02
3384,Vivaan Hegde,Male,24,Bengaluru,Karnataka,South,2025-03-25
3385,Vivaan Nair,Male,18,Mysuru,Karnataka,South,2023-01-11
3386,Ananya Mishra,Female,24,Chennai,Tamil Nadu,South,2024-07-13
3387,Rahul Kumar,Other,29,Chennai,Tamil Nadu,South,2024-12-03
3388,Arjun Kumar,Female,26,Pune,Maharashtra,West,2023-12-09
3389,Rohan Pillai,Female,18,Bhubaneswar,Odisha,East,2022-11-26
3390,Meera Rao,Other,18,Jaipur,Rajasthan,North,2024-02-09
3391,Vikram Pillai,Female,58,Ahmedabad,Gujarat,West,2025-01-17
3392,Nisha Hegde,Female,34,Jaipur,Rajasthan,North,2025-01-27
3393,Nisha Joshi,Male,46,Kolkata,West Bengal,East,2023-06-23
3394,Amit Reddy,Female,18,Chennai,Tamil Nadu,South,2024-05-20
3395,Vikram Gupta,Other,23,Ahmedabad,Gujarat,West,2024-06-17
3396,Aditya Bhat,Male,35,Mysuru,Karnataka,South,2022-09-28
3397,Aarav Gupta,Female,32,Hubballi,Karnataka,South,2023-07-04
3398,Ishita Gupta,Female,39,Bhubaneswar,Odisha,East,2024-09-12
3399,Ananya Gupta,Other,23,Mysuru,Karnataka,South,2022-12-25
3400,Pooja Naik,Female,34,Kolkata,West Bengal,East,2025-04-07
3401,Amit Das,Other,18,Kolkata,West Bengal,East,2024-03-08
3402,Pooja Rao,Male,29,Mangaluru,Karnataka,South,2022-07-30
3403,Diya Menon,Female,40,Hubballi,Karnataka,South,2022-10-14
3404,Riya Naik,Male,32,Bhubaneswar,Odisha,East,2024-11-12
3405,Ishita Gupta,Male,22,Kolkata,West Bengal,East,2025-02-06
3406,Kavya Singh,Other,34,Chennai,Tamil Nadu,South,2024-03-05
3407,Priya Rao,Male,34,Chennai,Tamil Nadu,South,2022-07-22
3408,Arjun Rao,Male,31,Pune,Maharashtra,West,2024-11-02
3409,Meera Singh,Female,38,Bengaluru,Karnataka,South,2024-06-25
3410,Nisha Naik,Female,34,Bengaluru,Karnataka,South,2022-03-14
3411,Sanjay Rao,Other,41,Hyderabad,Telangana,South,2024-12-05
3412,Diya Verma,Male,18,Mysuru,Karnataka,South,2022-05-04
3413,Ishita Naik,Female,18,Mangaluru,Karnataka,South,2024-10-30
3414,Ananya Patel,Female,39,Ahmedabad,Gujarat,West,2022-03-01
3415,Diya Rao,Male,25,Chennai,Tamil Nadu,South,2024-06-17
3416,Ishita Verma,Male,39,Jaipur,Rajasthan,North,2024-06-29
3417,Karan Menon,Male,34,Chennai,Tamil Nadu,South,2024-10-22
3418,Sanjay Naik,Other,23,Delhi,Delhi,North,2025-04-03
3419,Pooja Verma,Male,33,Pune,Maharashtra,West,2024-09-24
3420,Vivaan Joshi,Male,27,Jaipur,Rajasthan,North,2022-07-26
3421,Arjun Patel,Male,37,Hubballi,Karnataka,South,2024-12-24
3422,Sanjay Joshi,Male,37,Delhi,Delhi,North,2024-01-17
3423,Arjun Hegde,Male,35,Ahmedabad,Gujarat,West,2022-11-02
3424,Riya Menon,Female,40,Kochi,Kerala,South,2022-07-06
3425,Arjun Joshi,Other,27,Mumbai,Maharashtra,West,2023-09-15
3426,Sanjay Bhat,Male,44,Bhubaneswar,Odisha,East,2023-01-20
3427,Karan Iyer,Other,18,Mangaluru,Karnataka,South,2023-09-22
3428,Riya Nair,Other,24,Chennai,Tamil Nadu,South,2024-09-08
3429,Arjun Singh,Other,29,Bengaluru,Karnataka,South,2024-03-15
3430,Riya Bhat,Other,21,Kochi,Kerala,South,2024-08-31
3431,Vikram Singh,Female,20,Chennai,Tamil Nadu,South,2023-10-02
3432,Aditya Singh,Male,22,Jaipur,Rajasthan,North,2024-03-14
3433,Meera Kumar,Male,32,Hyderabad,Telangana,South,2022-10-15
3434,Nisha Verma,Female,34,Jaipur,Rajasthan,North,2023-07-14
3435,Rahul Hegde,Male,30,Bengaluru,Karnataka,South,2023-12-15
3436,Aarav Mishra,Female,41,Mangaluru,Karnataka,South,2022-03-01
3437,Priya Sharma,Female,34,Pune,Maharashtra,West,2022-09-14
3438,Vikram Bhat,Male,44,Bhubaneswar,Odisha,East,2025-03-27
3439,Aarav Pillai,Other,18,Bengaluru,Karnataka,South,2023-07-23
3440,Vikram Naik,Other,37,Chennai,Tamil Nadu,South,2022-02-25
3441,Rohan Rao,Male,36,Mangaluru,Karnataka,South,2023-07-31
3442,Ananya Das,Female,33,Chennai,Tamil Nadu,South,2024-06-20
3443,Diya Kulkarni,Female,44,Lucknow,Uttar Pradesh,North,2024-03-03
3444,Nisha Hegde,Female,51,Jaipur,Rajasthan,North,2022-02-18
3445,Aarav Iyer,Female,36,Pune,Maharashtra,West,2022-11-12
3446,Ananya Naik,Other,33,Lucknow,Uttar Pradesh,North,2025-03-14
3447,Riya Bhat,Male,48,Bhubaneswar,Odisha,East,2023-02-24
3448,Pooja Sharma,Male,22,Chennai,Tamil Nadu,South,2024-07-04
3449,Vikram Kumar,Female,28,Mumbai,Maharashtra,West,2023-03-10
3450,Aarav Joshi,Other,42,Pune,Maharashtra,West,2024-08-21
3451,Kavya Iyer,Male,18,Lucknow,Uttar Pradesh,North,2024-09-03
3452,Aditya Gupta,Female,36,Lucknow,Uttar Pradesh,North,2022-09-04
3453,Arjun Hegde,Other,35,Jaipur,Rajasthan,North,2025-03-17
3454,Sneha Das,Other,30,Jaipur,Rajasthan,North,2024-12-24
3455,Sanjay Iyer,Female,18,Mangaluru,Karnataka,South,2022-03-29
3456,Priya Verma,Female,62,Mumbai,Maharashtra,West,2023-06-23
3457,Karan Patel,Other,40,Chennai,Tamil Nadu,South,2022-08-02
3458,Ananya Mishra,Male,25,Ahmedabad,Gujarat,West,2022-01-12
3459,Meera Pillai,Female,48,Mumbai,Maharashtra,West,2024-03-24
3460,Arjun Sharma,Female,55,Chennai,Tamil Nadu,South,2022-08-25
3461,Rohan Das,Other,46,Kochi,Kerala,South,2023-07-12
3462,Pooja Nair,Other,34,Mangaluru,Karnataka,South,2023-01-18
3463,Rahul Nair,Female,18,Ahmedabad,Gujarat,West,2022-01-17
3464,Aditya Nair,Male,34,Chennai,Tamil Nadu,South,2022-04-27
3465,Vivaan Gupta,Female,32,Pune,Maharashtra,West,2024-05-29
3466,Priya Rao,Male,38,Bhubaneswar,Odisha,East,2023-10-06
3467,Amit Sharma,Female,24,Pune,Maharashtra,West,2022-12-02
3468,Aarav Patel,Female,39,Hyderabad,Telangana,South,2023-10-24
3469,Diya Nair,Other,37,Mangaluru,Karnataka,South,2023-01-10
3470,Sneha Kumar,Male,40,Jaipur,Rajasthan,North,2023-03-25
3471,Sanjay Kumar,Other,21,Lucknow,Uttar Pradesh,North,2024-05-17
3472,Kavya Pillai,Male,29,Hubballi,Karnataka,South,2023-11-11
3473,Vikram Patel,Female,35,Chennai,Tamil Nadu,South,2025-04-04
3474,Diya Joshi,Other,32,Kochi,Kerala,South,2023-04-04
3475,Ishita Verma,Female,36,Jaipur,Rajasthan,North,2023-04-09
3476,Arjun Hegde,Female,40,Kochi,Kerala,South,2022-12-30
3477,Amit Singh,Other,36,Delhi,Delhi,North,2022-03-13
3478,Ananya Pillai,Male,25,Mumbai,Maharashtra,West,2022-12-03
3479,Karan Hegde,Male,20,Jaipur,Rajasthan,North,2022-07-14
3480,Sneha Gupta,Female,26,Mumbai,Maharashtra,West,2022-01-07
3481,Aditya Nair,Other,34,Chennai,Tamil Nadu,South,2024-06-23
3482,Meera Kulkarni,Male,54,Kochi,Kerala,South,2023-07-27
3483,Kavya Rao,Male,52,Mumbai,Maharashtra,West,2023-08-22
3484,Meera Shetty,Other,46,Ahmedabad,Gujarat,West,2025-01-08
3485,Diya Das,Female,52,Kochi,Kerala,South,2024-02-05
3486,Meera Verma,Female,24,Mumbai,Maharashtra,West,2023-11-19
3487,Aarav Kulkarni,Male,47,Pune,Maharashtra,West,2025-02-23
3488,Kavya Reddy,Male,54,Kolkata,West Bengal,East,2023-09-11
3489,Amit Joshi,Other,22,Delhi,Delhi,North,2023-04-09
3490,Diya Kumar,Other,42,Ahmedabad,Gujarat,West,2024-04-28
3491,Priya Nair,Male,32,Ahmedabad,Gujarat,West,2023-08-30
3492,Ishita Kumar,Female,22,Kolkata,West Bengal,East,2024-02-05
3493,Aarav Das,Other,38,Jaipur,Rajasthan,North,2024-08-22
3494,Vivaan Reddy,Male,60,Pune,Maharashtra,West,2024-04-05
3495,Arjun Shetty,Other,37,Chennai,Tamil Nadu,South,2022-08-04
3496,Amit Pillai,Female,22,Mysuru,Karnataka,South,2025-01-18
3497,Ananya Patel,Male,36,Lucknow,Uttar Pradesh,North,2022-11-07
3498,Priya Naik,Other,18,Lucknow,Uttar Pradesh,North,2022-02-21
3499,Vivaan Gupta,Other,24,Lucknow,Uttar Pradesh,North,2025-04-09
3500,Sneha Bhat,Male,28,Mangaluru,Karnataka,South,2022-10-27
3501,Rohan Nair,Other,25,Hubballi,Karnataka,South,2023-11-03
3502,Aarav Bhat,Other,40,Chennai,Tamil Nadu,South,2024-12-27
3503,Karan Rao,Male,24,Lucknow,Uttar Pradesh,North,2022-01-28
3504,Rohan Mishra,Male,18,Bengaluru,Karnataka,South,2023-08-14
3505,Arjun Joshi,Male,37,Ahmedabad,Gujarat,West,2024-02-24
3506,Nisha Sharma,Other,40,Mysuru,Karnataka,South,2022-05-09
3507,Ishita Patel,Male,31,Pune,Maharashtra,West,2022-10-18
3508,Ishita Bhat,Male,21,Chennai,Tamil Nadu,South,2023-05-07
3509,Vikram Kulkarni,Female,32,Bhubaneswar,Odisha,East,2023-05-28
3510,Riya Das,Other,36,Bhubaneswar,Odisha,East,2022-10-12
3511,Arjun Verma,Male,27,Delhi,Delhi,North,2023-08-24
3512,Aarav Singh,Male,30,Jaipur,Rajasthan,North,2024-06-08
3513,Vikram Singh,Other,49,Bhubaneswar,Odisha,East,2023-01-23
3514,Sneha Gupta,Female,30,Lucknow,Uttar Pradesh,North,2023-02-21
3515,Amit Nair,Other,38,Pune,Maharashtra,West,2022-06-25
3516,Priya Bhat,Female,51,Mysuru,Karnataka,South,2023-10-25
3517,Sanjay Menon,Female,25,Jaipur,Rajasthan,North,2023-03-28
3518,Arjun Das,Female,37,Lucknow,Uttar Pradesh,North,2022-08-01
3519,Kavya Kumar,Male,53,Bhubaneswar,Odisha,East,2022-02-10
3520,Meera Rao,Other,29,Chennai,Tamil Nadu,South,2023-06-25
3521,Aarav Pillai,Female,20,Mumbai,Maharashtra,West,2023-03-27
3522,Riya Das,Male,29,Bengaluru,Karnataka,South,2025-03-16
3523,Diya Kumar,Female,41,Kochi,Kerala,South,2024-02-29
3524,Meera Hegde,Male,31,Kochi,Kerala,South,2025-03-11
3525,Diya Naik,Other,20,Mangaluru,Karnataka,South,2022-02-13
3526,Diya Naik,Female,18,Hubballi,Karnataka,South,2022-02-24
3527,Aditya Singh,Other,23,Ahmedabad,Gujarat,West,2024-05-19
3528,Diya Pillai,Female,44,Mangaluru,Karnataka,South,2022-11-21
3529,Rohan Hegde,Other,34,Pune,Maharashtra,West,2022-03-21
3530,Ishita Reddy,Other,30,Chennai,Tamil Nadu,South,2024-05-14
3531,Ishita Bhat,Other,31,Pune,Maharashtra,West,2023-12-18
3532,Rahul Pillai,Other,34,Jaipur,Rajasthan,North,2023-07-18
3533,Pooja Naik,Female,18,Kochi,Kerala,South,2023-04-12
3534,Ananya Pillai,Other,33,Mangaluru,Karnataka,South,2024-01-07
3535,Priya Mishra,Female,39,Hyderabad,Telangana,South,2024-09-20
3536,Vivaan Sharma,Other,33,Mysuru,Karnataka,South,2022-03-08
3537,Vikram Rao,Other,32,Mangaluru,Karnataka,South,2023-07-27
3538,Nisha Bhat,Female,34,Mysuru,Karnataka,South,2023-04-15
3539,Vikram Joshi,Male,41,Kolkata,West Bengal,East,2023-05-08
3540,Rahul Menon,Female,18,Kochi,Kerala,South,2022-11-08
3541,Aditya Patel,Other,40,Kochi,Kerala,South,2022-11-05
3542,Arjun Patel,Other,23,Chennai,Tamil Nadu,South,2022-05-12
3543,Meera Iyer,Other,27,Mysuru,Karnataka,South,2024-07-18
3544,Aarav Singh,Female,40,Jaipur,Rajasthan,North,2024-06-15
3545,Meera Menon,Male,39,Mysuru,Karnataka,South,2024-02-11
3546,Priya Kulkarni,Male,30,Jaipur,Rajasthan,North,2025-03-30
3547,Sanjay Bhat,Female,28,Hubballi,Karnataka,South,2022-10-16
3548,Amit Joshi,Male,27,Jaipur,Rajasthan,North,2025-01-15
3549,Rahul Verma,Other,28,Lucknow,Uttar Pradesh,North,2025-01-10
3550,Karan Reddy,Other,42,Kolkata,West Bengal,East,2022-01-12
3551,Arjun Gupta,Male,35,Bengaluru,Karnataka,South,2024-04-12
3552,Rohan Sharma,Female,18,Kolkata,West Bengal,East,2023-11-22
3553,Kavya Pillai,Other,25,Kolkata,West Bengal,East,2023-06-12
3554,Aditya Shetty,Male,47,Bhubaneswar,Odisha,East,2023-01-22
3555,Pooja Bhat,Male,41,Jaipur,Rajasthan,North,2023-04-26
3556,Karan Pillai,Female,29,Bhubaneswar,Odisha,East,2024-06-16
3557,Diya Iyer,Other,26,Ahmedabad,Gujarat,West,2023-12-12
3558,Sneha Kumar,Male,19,Kochi,Kerala,South,2024-03-25
3559,Kavya Menon,Male,46,Pune,Maharashtra,West,2024-07-06
3560,Aditya Kumar,Other,34,Delhi,Delhi,North,2022-03-26
3561,Arjun Rao,Female,38,Chennai,Tamil Nadu,South,2022-06-16
3562,Vivaan Mishra,Other,29,Hubballi,Karnataka,South,2024-09-23
3563,Aarav Joshi,Female,37,Hyderabad,Telangana,South,2023-04-18
3564,Sanjay Menon,Other,38,Kochi,Kerala,South,2024-11-09
3565,Aditya Singh,Female,33,Hyderabad,Telangana,South,2023-05-05
3566,Sneha Pillai,Male,39,Mysuru,Karnataka,South,2022-03-30
3567,Pooja Mishra,Other,35,Bhubaneswar,Odisha,East,2023-05-01
3568,Ishita Mishra,Male,40,Chennai,Tamil Nadu,South,2022-03-28
3569,Arjun Pillai,Female,34,Ahmedabad,Gujarat,West,2022-11-03
3570,Sanjay Sharma,Male,61,Kochi,Kerala,South,2022-09-21
3571,Kavya Hegde,Male,25,Hyderabad,Telangana,South,2024-09-03
3572,Vivaan Kumar,Male,55,Hyderabad,Telangana,South,2024-09-19
3573,Ananya Patel,Male,66,Ahmedabad,Gujarat,West,2023-02-15
3574,Aditya Pillai,Other,42,Pune,Maharashtra,West,2024-09-12
3575,Vivaan Iyer,Male,26,Lucknow,Uttar Pradesh,North,2025-02-07
3576,Riya Mishra,Male,37,Mumbai,Maharashtra,West,2024-11-20
3577,Sneha Bhat,Male,32,Kochi,Kerala,South,2023-01-16
3578,Vivaan Rao,Male,30,Chennai,Tamil Nadu,South,2024-09-06
3579,Pooja Joshi,Other,36,Pune,Maharashtra,West,2023-06-29
3580,Kavya Bhat,Female,21,Hyderabad,Telangana,South,2023-09-29
3581,Vikram Sharma,Male,36,Kolkata,West Bengal,East,2023-03-03
3582,Karan Kulkarni,Other,38,Bengaluru,Karnataka,South,2023-05-11
3583,Ishita Sharma,Other,43,Bhubaneswar,Odisha,East,2023-10-23
3584,Vivaan Menon,Female,45,Pune,Maharashtra,West,2022-09-30
3585,Rohan Verma,Other,25,Lucknow,Uttar Pradesh,North,2024-07-28
3586,Sneha Kumar,Male,51,Mumbai,Maharashtra,West,2025-02-20
3587,Arjun Mishra,Female,38,Pune,Maharashtra,West,2024-11-22
3588,Karan Shetty,Female,41,Hyderabad,Telangana,South,2023-11-20
3589,Vivaan Joshi,Male,35,Kochi,Kerala,South,2024-04-29
3590,Priya Sharma,Male,35,Mysuru,Karnataka,South,2025-03-05
3591,Sneha Pillai,Male,41,Mumbai,Maharashtra,West,2023-01-22
3592,Aarav Joshi,Male,25,Kolkata,West Bengal,East,2023-11-11
3593,Vivaan Kumar,Female,42,Mysuru,Karnataka,South,2023-11-21
3594,Amit Patel,Female,35,Mangaluru,Karnataka,South,2025-03-15
3595,Riya Joshi,Female,23,Hyderabad,Telangana,South,2024-06-11
3596,Riya Menon,Female,39,Mangaluru,Karnataka,South,2023-05-10
3597,Arjun Reddy,Male,38,Jaipur,Rajasthan,North,2024-11-27
3598,Sneha Gupta,Female,46,Chennai,Tamil Nadu,South,2023-03-13
3599,Diya Joshi,Female,33,Lucknow,Uttar Pradesh,North,2022-12-11
3600,Amit Iyer,Other,46,Lucknow,Uttar Pradesh,North,2024-03-30
3601,Vikram Naik,Female,45,Chennai,Tamil Nadu,South,2023-06-25
3602,Sneha Naik,Male,25,Hyderabad,Telangana,South,2022-12-11
3603,Diya Verma,Other,22,Bengaluru,Karnataka,South,2023-11-27
3604,Nisha Hegde,Male,36,Delhi,Delhi,North,2022-02-02
3605,Rohan Naik,Male,23,Hubballi,Karnataka,South,2023-01-12
3606,Sneha Gupta,Male,48,Chennai,Tamil Nadu,South,2023-01-28
3607,Rohan Patel,Male,24,Hyderabad,Telangana,South,2023-05-04
3608,Meera Das,Male,31,Lucknow,Uttar Pradesh,North,2025-04-11
3609,Nisha Patel,Female,44,Bengaluru,Karnataka,South,2024-11-06
3610,Priya Menon,Female,34,Chennai,Tamil Nadu,South,2024-04-14
3611,Aditya Patel,Female,35,Bhubaneswar,Odisha,East,2024-11-12
3612,Riya Menon,Female,23,Bhubaneswar,Odisha,East,2025-03-07
3613,Ishita Menon,Female,22,Bengaluru,Karnataka,South,2023-04-18
3614,Vikram Gupta,Female,28,Bengaluru,Karnataka,South,2023-08-21
3615,Kavya Kulkarni,Male,25,Mangaluru,Karnataka,South,2024-02-07
3616,Amit Patel,Other,37,Jaipur,Rajasthan,North,2023-07-15
3617,Diya Sharma,Other,35,Kolkata,West Bengal,East,2022-09-15
3618,Ananya Hegde,Other,43,Kolkata,West Bengal,East,2024-12-18
3619,Aarav Shetty,Other,37,Hubballi,Karnataka,South,2022-09-17
3620,Riya Verma,Female,28,Bhubaneswar,Odisha,East,2022-02-10
3621,Vivaan Rao,Other,35,Kolkata,West Bengal,East,2022-09-11
3622,Amit Kulkarni,Female,29,Mumbai,Maharashtra,West,2022-03-10
3623,Priya Pillai,Other,45,Mumbai,Maharashtra,West,2025-01-09
3624,Rahul Menon,Female,21,Chennai,Tamil Nadu,South,2022-08-01
3625,Vikram Kumar,Male,31,Lucknow,Uttar Pradesh,North,2024-04-13
3626,Sanjay Reddy,Male,45,Chennai,Tamil Nadu,South,2022-11-29
3627,Sneha Nair,Female,28,Kolkata,West Bengal,East,2025-01-05
3628,Ishita Patel,Other,24,Delhi,Delhi,North,2023-03-03
3629,Diya Hegde,Other,60,Chennai,Tamil Nadu,South,2022-07-29
3630,Riya Sharma,Male,39,Chennai,Tamil Nadu,South,2023-02-19
3631,Priya Shetty,Female,23,Chennai,Tamil Nadu,South,2025-03-26
3632,Rahul Das,Female,24,Bhubaneswar,Odisha,East,2025-02-28
3633,Meera Sharma,Female,57,Bengaluru,Karnataka,South,2023-08-02
3634,Diya Bhat,Other,40,Bengaluru,Karnataka,South,2022-07-14
3635,Sneha Gupta,Female,41,Bhubaneswar,Odisha,East,2023-06-26
3636,Priya Reddy,Female,42,Bengaluru,Karnataka,South,2023-05-12
3637,Riya Kulkarni,Female,42,Kochi,Kerala,South,2024-04-07
3638,Meera Singh,Female,29,Mysuru,Karnataka,South,2022-11-26
3639,Sanjay Hegde,Female,23,Kolkata,West Bengal,East,2024-06-07
3640,Vikram Singh,Male,36,Mangaluru,Karnataka,South,2024-01-17
3641,Riya Patel,Male,43,Bhubaneswar,Odisha,East,2023-09-19
3642,Vivaan Singh,Other,23,Mysuru,Karnataka,South,2023-06-01
3643,Meera Pillai,Female,34,Ahmedabad,Gujarat,West,2023-04-30
3644,Sneha Joshi,Male,29,Bengaluru,Karnataka,South,2022-04-14
3645,Sanjay Hegde,Male,49,Lucknow,Uttar Pradesh,North,2022-12-05
3646,Diya Kulkarni,Other,37,Jaipur,Rajasthan,North,2023-08-30
3647,Riya Joshi,Female,31,Bengaluru,Karnataka,South,2022-08-11
3648,Aditya Naik,Female,27,Mysuru,Karnataka,South,2023-05-18
3649,Pooja Reddy,Male,27,Mysuru,Karnataka,South,2024-04-01
3650,Ananya Pillai,Female,35,Hubballi,Karnataka,South,2024-11-16
3651,Kavya Reddy,Other,32,Bhubaneswar,Odisha,East,2024-12-29
3652,Amit Kumar,Male,41,Mumbai,Maharashtra,West,2025-02-21
3653,Riya Iyer,Female,41,Hyderabad,Telangana,South,2022-01-19
3654,Diya Bhat,Female,35,Mumbai,Maharashtra,West,2024-12-07
3655,Aarav Singh,Female,41,Delhi,Delhi,North,2023-11-26
3656,Amit Kumar,Other,32,Bengaluru,Karnataka,South,2022-04-17
3657,Arjun Mishra,Male,18,Bengaluru,Karnataka,South,2024-02-15
3658,Ananya Naik,Other,22,Kolkata,West Bengal,East,2023-08-30
3659,Pooja Pillai,Other,41,Kolkata,West Bengal,East,2024-04-17
3660,Karan Menon,Other,61,Hyderabad,Telangana,South,2023-02-07
3661,Rohan Menon,Other,22,Bengaluru,Karnataka,South,2023-06-24
3662,Aditya Joshi,Other,36,Mysuru,Karnataka,South,2024-12-15
3663,Priya Kulkarni,Other,24,Ahmedabad,Gujarat,West,2024-09-12
3664,Sneha Rao,Other,18,Mumbai,Maharashtra,West,2024-06-02
3665,Vivaan Mishra,Female,32,Kolkata,West Bengal,East,2023-05-07
3666,Pooja Naik,Female,23,Jaipur,Rajasthan,North,2025-04-02
3667,Sanjay Gupta,Other,61,Hyderabad,Telangana,South,2023-04-21
3668,Vikram Shetty,Male,42,Chennai,Tamil Nadu,South,2022-06-23
3669,Diya Joshi,Female,35,Kolkata,West Bengal,East,2023-04-15
3670,Arjun Joshi,Female,38,Hyderabad,Telangana,South,2023-09-20
3671,Kavya Iyer,Male,26,Lucknow,Uttar Pradesh,North,2023-08-15
3672,Sneha Naik,Male,36,Hyderabad,Telangana,South,2024-03-21
3673,Diya Bhat,Other,48,Kochi,Kerala,South,2022-07-07
3674,Meera Verma,Male,35,Hubballi,Karnataka,South,2023-05-14
3675,Rohan Kulkarni,Male,30,Delhi,Delhi,North,2022-10-30
3676,Kavya Pillai,Other,18,Kolkata,West Bengal,East,2024-11-11
3677,Riya Hegde,Female,38,Mangaluru,Karnataka,South,2024-04-12
3678,Ananya Rao,Male,31,Hyderabad,Telangana,South,2023-04-12
3679,Kavya Naik,Male,34,Mumbai,Maharashtra,West,2025-01-29
3680,Nisha Gupta,Male,34,Delhi,Delhi,North,2025-03-10
3681,Meera Sharma,Male,29,Kochi,Kerala,South,2022-05-18
3682,Kavya Hegde,Other,33,Mysuru,Karnataka,South,2022-10-08
3683,Nisha Rao,Male,18,Lucknow,Uttar Pradesh,North,2023-11-15
3684,Vivaan Verma,Male,32,Bhubaneswar,Odisha,East,2025-01-14
3685,Rahul Reddy,Male,47,Lucknow,Uttar Pradesh,North,2023-06-17
3686,Pooja Menon,Female,56,Ahmedabad,Gujarat,West,2023-03-20
3687,Rohan Menon,Other,52,Hyderabad,Telangana,South,2024-11-22
3688,Vikram Nair,Male,25,Ahmedabad,Gujarat,West,2024-01-09
3689,Ananya Pillai,Other,26,Hyderabad,Telangana,South,2024-03-06
3690,Arjun Patel,Male,25,Delhi,Delhi,North,2025-03-13
3691,Diya Das,Female,53,Lucknow,Uttar Pradesh,North,2022-01-24
3692,Meera Verma,Female,28,Jaipur,Rajasthan,North,2025-04-13
3693,Nisha Kumar,Other,37,Kolkata,West Bengal,East,2022-11-21
3694,Priya Naik,Male,28,Mangaluru,Karnataka,South,2024-03-08
3695,Aarav Pillai,Other,32,Mangaluru,Karnataka,South,2022-01-18
3696,Meera Menon,Female,24,Hyderabad,Telangana,South,2022-01-31
3697,Rahul Naik,Other,35,Pune,Maharashtra,West,2024-12-18
3698,Sanjay Rao,Male,42,Delhi,Delhi,North,2023-06-14
3699,Nisha Shetty,Male,49,Chennai,Tamil Nadu,South,2024-01-08
3700,Pooja Naik,Other,27,Delhi,Delhi,North,2022-03-17
3701,Kavya Nair,Female,31,Ahmedabad,Gujarat,West,2023-07-01
3702,Ananya Singh,Male,20,Mumbai,Maharashtra,West,2022-01-25
3703,Karan Verma,Other,35,Bengaluru,Karnataka,South,2022-06-09
3704,Priya Mishra,Female,31,Chennai,Tamil Nadu,South,2023-05-17
3705,Diya Nair,Male,54,Mysuru,Karnataka,South,2025-04-04
3706,Amit Hegde,Female,37,Mysuru,Karnataka,South,2024-01-11
3707,Vikram Singh,Female,24,Pune,Maharashtra,West,2025-01-14
3708,Sanjay Mishra,Male,49,Kochi,Kerala,South,2024-06-16
3709,Vikram Hegde,Male,45,Kochi,Kerala,South,2023-12-18
3710,Karan Kulkarni,Other,37,Mysuru,Karnataka,South,2025-03-13
3711,Rahul Sharma,Other,21,Kolkata,West Bengal,East,2023-01-26
3712,Vivaan Kulkarni,Other,41,Kochi,Kerala,South,2024-12-19
3713,Karan Sharma,Female,18,Kolkata,West Bengal,East,2023-11-08
3714,Aarav Iyer,Male,18,Bhubaneswar,Odisha,East,2024-04-24
3715,Priya Verma,Other,19,Chennai,Tamil Nadu,South,2023-05-06
3716,Pooja Kumar,Female,44,Pune,Maharashtra,West,2024-03-10
3717,Arjun Rao,Female,28,Chennai,Tamil Nadu,South,2022-12-30
3718,Kavya Bhat,Female,23,Kochi,Kerala,South,2023-10-01
3719,Rohan Hegde,Other,47,Mysuru,Karnataka,South,2022-05-15
3720,Arjun Iyer,Male,38,Jaipur,Rajasthan,North,2022-02-10
3721,Vikram Reddy,Female,43,Lucknow,Uttar Pradesh,North,2024-10-23
3722,Pooja Shetty,Female,36,Mangaluru,Karnataka,South,2023-01-03
3723,Pooja Reddy,Other,30,Pune,Maharashtra,West,2024-07-06
3724,Ananya Patel,Female,35,Lucknow,Uttar Pradesh,North,2022-06-15
3725,Pooja Shetty,Male,55,Mysuru,Karnataka,South,2024-11-15
3726,Sneha Patel,Other,18,Bhubaneswar,Odisha,East,2025-01-20
3727,Aarav Joshi,Male,29,Jaipur,Rajasthan,North,2023-04-28
3728,Ishita Joshi,Other,20,Delhi,Delhi,North,2024-05-28
3729,Sanjay Bhat,Male,23,Hubballi,Karnataka,South,2022-04-11
3730,Rahul Bhat,Female,30,Pune,Maharashtra,West,2024-01-29
3731,Karan Reddy,Other,29,Mangaluru,Karnataka,South,2022-06-12
3732,Karan Sharma,Female,18,Bhubaneswar,Odisha,East,2023-01-16
3733,Nisha Kulkarni,Other,18,Mysuru,Karnataka,South,2024-05-19
3734,Rahul Patel,Female,33,Hubballi,Karnataka,South,2025-04-01
3735,Sanjay Mishra,Female,44,Lucknow,Uttar Pradesh,North,2024-09-28
3736,Priya Joshi,Other,27,Jaipur,Rajasthan,North,2024-09-09
3737,Nisha Naik,Other,27,Hyderabad,Telangana,South,2022-11-29
3738,Amit Joshi,Female,33,Mangaluru,Karnataka,South,2023-08-23
3739,Nisha Bhat,Other,32,Jaipur,Rajasthan,North,2023-05-18
3740,Riya Iyer,Other,18,Mumbai,Maharashtra,West,2022-08-23
3741,Amit Rao,Male,29,Pune,Maharashtra,West,2024-11-27
3742,Amit Verma,Female,50,Mysuru,Karnataka,South,2023-10-09
3743,Vikram Verma,Male,47,Hyderabad,Telangana,South,2022-01-01
3744,Meera Shetty,Other,39,Mangaluru,Karnataka,South,2023-06-22
3745,Diya Menon,Other,31,Mysuru,Karnataka,South,2023-03-05
3746,Nisha Bhat,Other,24,Mangaluru,Karnataka,South,2023-01-31
3747,Vikram Sharma,Female,33,Mumbai,Maharashtra,West,2023-02-20
3748,Pooja Gupta,Female,32,Chennai,Tamil Nadu,South,2022-03-22
3749,Sneha Shetty,Female,25,Bengaluru,Karnataka,South,2022-02-05
3750,Ananya Verma,Female,36,Jaipur,Rajasthan,North,2024-01-27
3751,Meera Verma,Female,24,Kolkata,West Bengal,East,2023-09-15
3752,Vivaan Hegde,Female,45,Chennai,Tamil Nadu,South,2024-10-16
3753,Vikram Shetty,Other,24,Lucknow,Uttar Pradesh,North,2024-06-20
3754,Vivaan Nair,Female,32,Bhubaneswar,Odisha,East,2022-07-24
3755,Vikram Pillai,Male,34,Mumbai,Maharashtra,West,2022-01-29
3756,Karan Rao,Other,27,Ahmedabad,Gujarat,West,2025-02-02
3757,Ananya Kumar,Other,23,Delhi,Delhi,North,2024-07-01
3758,Aarav Sharma,Female,30,Ahmedabad,Gujarat,West,2022-06-07
3759,Ananya Iyer,Other,36,Mysuru,Karnataka,South,2022-06-21
3760,Vivaan Naik,Male,35,Mysuru,Karnataka,South,2023-11-07
3761,Sneha Gupta,Male,35,Hyderabad,Telangana,South,2023-10-21
3762,Sneha Menon,Other,27,Bhubaneswar,Odisha,East,2023-07-04
3763,Amit Singh,Female,41,Hubballi,Karnataka,South,2023-10-05
3764,Kavya Gupta,Other,26,Hyderabad,Telangana,South,2024-01-26
3765,Vikram Sharma,Male,40,Lucknow,Uttar Pradesh,North,2024-04-15
3766,Aarav Naik,Male,35,Bhubaneswar,Odisha,East,2024-09-13
3767,Ishita Bhat,Male,23,Ahmedabad,Gujarat,West,2024-01-04
3768,Amit Nair,Male,38,Mangaluru,Karnataka,South,2025-02-19
3769,Vikram Patel,Female,31,Hubballi,Karnataka,South,2022-10-26
3770,Arjun Menon,Other,40,Lucknow,Uttar Pradesh,North,2022-10-24
3771,Rohan Hegde,Male,42,Mumbai,Maharashtra,West,2022-12-28
3772,Aditya Naik,Other,27,Mysuru,Karnataka,South,2022-07-16
3773,Kavya Sharma,Male,30,Lucknow,Uttar Pradesh,North,2022-08-09
3774,Sneha Mishra,Male,49,Lucknow,Uttar Pradesh,North,2023-06-28
3775,Priya Menon,Male,18,Mysuru,Karnataka,South,2023-04-13
3776,Riya Nair,Female,32,Bhubaneswar,Odisha,East,2022-03-02
3777,Pooja Sharma,Female,38,Mumbai,Maharashtra,West,2024-03-07
3778,Meera Gupta,Male,25,Chennai,Tamil Nadu,South,2023-10-23
3779,Priya Bhat,Female,45,Chennai,Tamil Nadu,South,2023-12-17
3780,Kavya Reddy,Male,54,Chennai,Tamil Nadu,South,2022-07-13
3781,Sneha Hegde,Female,20,Mumbai,Maharashtra,West,2023-04-27
3782,Sneha Naik,Male,41,Chennai,Tamil Nadu,South,2024-05-04
3783,Aarav Bhat,Other,37,Mumbai,Maharashtra,West,2023-05-13
3784,Diya Kulkarni,Other,28,Mumbai,Maharashtra,West,2022-08-09
3785,Meera Joshi,Other,35,Mysuru,Karnataka,South,2022-09-30
3786,Ishita Joshi,Female,41,Bengaluru,Karnataka,South,2024-03-26
3787,Nisha Pillai,Male,42,Hyderabad,Telangana,South,2022-10-03
3788,Amit Shetty,Male,23,Jaipur,Rajasthan,North,2024-07-11
3789,Aditya Rao,Other,32,Kolkata,West Bengal,East,2023-10-04
3790,Karan Bhat,Other,46,Mangaluru,Karnataka,South,2024-01-10
3791,Aditya Kumar,Female,18,Hubballi,Karnataka,South,2023-11-06
3792,Nisha Naik,Other,39,Delhi,Delhi,North,2024-06-20
3793,Priya Joshi,Male,43,Bhubaneswar,Odisha,East,2023-06-27
3794,Nisha Hegde,Female,24,Kolkata,West Bengal,East,2023-12-15
3795,Ananya Kumar,Male,38,Chennai,Tamil Nadu,South,2024-03-01
3796,Priya Mishra,Female,38,Hyderabad,Telangana,South,2022-01-29
3797,Aarav Hegde,Other,25,Bhubaneswar,Odisha,East,2022-11-04
3798,Sneha Bhat,Other,40,Hubballi,Karnataka,South,2024-05-01
3799,Ananya Joshi,Female,40,Pune,Maharashtra,West,2022-03-02
3800,Nisha Naik,Other,39,Pune,Maharashtra,West,2023-04-11
3801,Aditya Rao,Female,29,Bhubaneswar,Odisha,East,2022-08-31
3802,Aditya Menon,Male,31,Lucknow,Uttar Pradesh,North,2024-08-16
3803,Aarav Singh,Other,31,Kolkata,West Bengal,East,2023-06-17
3804,Arjun Singh,Male,29,Lucknow,Uttar Pradesh,North,2024-05-28
3805,Arjun Patel,Female,29,Pune,Maharashtra,West,2024-07-11
3806,Rahul Naik,Female,52,Pune,Maharashtra,West,2022-03-03
3807,Sneha Verma,Female,32,Mangaluru,Karnataka,South,2022-08-17
3808,Amit Rao,Female,32,Bengaluru,Karnataka,South,2024-11-21
3809,Sanjay Naik,Female,45,Chennai,Tamil Nadu,South,2024-11-01
3810,Diya Pillai,Other,40,Delhi,Delhi,North,2025-03-05
3811,Rohan Nair,Other,61,Mangaluru,Karnataka,South,2022-05-13
3812,Karan Mishra,Other,23,Jaipur,Rajasthan,North,2023-05-31
3813,Pooja Mishra,Female,33,Hyderabad,Telangana,South,2022-06-24
3814,Meera Gupta,Female,30,Pune,Maharashtra,West,2022-02-18
3815,Rohan Singh,Other,55,Kochi,Kerala,South,2023-06-12
3816,Nisha Sharma,Female,18,Lucknow,Uttar Pradesh,North,2025-01-03
3817,Rahul Kumar,Female,42,Mumbai,Maharashtra,West,2024-07-17
3818,Aarav Nair,Other,45,Mysuru,Karnataka,South,2025-01-15
3819,Karan Rao,Other,47,Hubballi,Karnataka,South,2023-11-29
3820,Ananya Rao,Male,51,Pune,Maharashtra,West,2024-02-22
3821,Meera Mishra,Male,18,Delhi,Delhi,North,2022-02-11
3822,Diya Kulkarni,Male,32,Mysuru,Karnataka,South,2023-06-13
3823,Aarav Gupta,Female,32,Hyderabad,Telangana,South,2022-10-19
3824,Kavya Pillai,Other,43,Chennai,Tamil Nadu,South,2022-04-07
3825,Diya Mishra,Female,29,Chennai,Tamil Nadu,South,2025-01-23
3826,Sanjay Kulkarni,Other,39,Kochi,Kerala,South,2024-01-28
3827,Karan Reddy,Other,54,Jaipur,Rajasthan,North,2025-01-05
3828,Arjun Gupta,Female,20,Mangaluru,Karnataka,South,2023-02-14
3829,Sanjay Pillai,Male,39,Mangaluru,Karnataka,South,2022-11-27
3830,Pooja Pillai,Other,31,Mangaluru,Karnataka,South,2022-03-15
3831,Ishita Shetty,Other,30,Kolkata,West Bengal,East,2022-09-11
3832,Priya Mishra,Female,29,Kolkata,West Bengal,East,2024-09-12
3833,Riya Bhat,Male,28,Kolkata,West Bengal,East,2022-11-28
3834,Aarav Joshi,Male,32,Mangaluru,Karnataka,South,2024-04-15
3835,Riya Kumar,Male,33,Mysuru,Karnataka,South,2023-03-31
3836,Nisha Sharma,Female,39,Mangaluru,Karnataka,South,2022-08-16
3837,Vivaan Kumar,Other,48,Mysuru,Karnataka,South,2024-04-13
3838,Meera Verma,Other,44,Kolkata,West Bengal,East,2024-10-14
3839,Ananya Nair,Other,18,Pune,Maharashtra,West,2023-06-12
3840,Arjun Joshi,Other,31,Kolkata,West Bengal,East,2022-03-07
3841,Ishita Menon,Other,43,Mumbai,Maharashtra,West,2022-06-16
3842,Diya Nair,Other,28,Pune,Maharashtra,West,2023-02-13
3843,Pooja Reddy,Other,42,Hyderabad,Telangana,South,2022-04-22
3844,Karan Singh,Other,19,Bhubaneswar,Odisha,East,2023-10-13
3845,Sanjay Kumar,Female,21,Bhubaneswar,Odisha,East,2024-11-28
3846,Meera Bhat,Other,43,Ahmedabad,Gujarat,West,2024-09-18
3847,Sanjay Rao,Other,41,Kolkata,West Bengal,East,2023-03-05
3848,Kavya Iyer,Male,29,Kochi,Kerala,South,2023-01-28
3849,Diya Das,Other,37,Bengaluru,Karnataka,South,2022-07-23
3850,Kavya Gupta,Other,34,Hyderabad,Telangana,South,2024-10-20
3851,Karan Menon,Female,32,Ahmedabad,Gujarat,West,2022-12-08
3852,Aarav Gupta,Female,27,Mangaluru,Karnataka,South,2022-09-22
3853,Pooja Gupta,Male,18,Hyderabad,Telangana,South,2022-04-03
3854,Amit Shetty,Male,37,Delhi,Delhi,North,2024-09-28
3855,Diya Hegde,Other,34,Kochi,Kerala,South,2022-11-03
3856,Aarav Mishra,Female,28,Kochi,Kerala,South,2024-06-19
3857,Sanjay Bhat,Female,38,Bengaluru,Karnataka,South,2023-03-30
3858,Sanjay Hegde,Other,31,Bengaluru,Karnataka,South,2024-04-10
3859,Priya Sharma,Other,41,Bengaluru,Karnataka,South,2025-01-17
3860,Nisha Mishra,Other,22,Kochi,Kerala,South,2022-05-12
3861,Nisha Singh,Female,33,Pune,Maharashtra,West,2024-05-21
3862,Sneha Rao,Male,52,Lucknow,Uttar Pradesh,North,2024-11-23
3863,Aarav Mishra,Other,47,Hyderabad,Telangana,South,2023-08-05
3864,Rahul Kumar,Male,29,Mangaluru,Karnataka,South,2022-06-30
3865,Arjun Patel,Female,31,Mumbai,Maharashtra,West,2022-01-19
3866,Vivaan Shetty,Male,23,Jaipur,Rajasthan,North,2022-06-24
3867,Sneha Hegde,Male,35,Bhubaneswar,Odisha,East,2022-02-23
3868,Riya Sharma,Female,30,Jaipur,Rajasthan,North,2022-12-15
3869,Ananya Singh,Other,49,Bhubaneswar,Odisha,East,2023-03-19
3870,Diya Naik,Male,46,Lucknow,Uttar Pradesh,North,2022-10-09
3871,Ishita Verma,Other,41,Jaipur,Rajasthan,North,2022-12-26
3872,Vivaan Reddy,Male,22,Jaipur,Rajasthan,North,2024-08-10
3873,Pooja Kumar,Other,41,Bhubaneswar,Odisha,East,2023-10-03
3874,Aditya Singh,Female,25,Chennai,Tamil Nadu,South,2022-12-07
3875,Sanjay Mishra,Male,29,Bengaluru,Karnataka,South,2023-04-17
3876,Pooja Verma,Male,28,Lucknow,Uttar Pradesh,North,2022-05-02
3877,Aarav Nair,Female,43,Jaipur,Rajasthan,North,2024-06-10
3878,Diya Rao,Female,30,Ahmedabad,Gujarat,West,2024-01-23
3879,Priya Reddy,Other,45,Pune,Maharashtra,West,2024-06-04
3880,Meera Reddy,Male,22,Kochi,Kerala,South,2022-03-21
3881,Aditya Singh,Other,30,Kochi,Kerala,South,2023-04-25
3882,Rahul Shetty,Other,21,Mysuru,Karnataka,South,2022-01-18
3883,Aarav Singh,Male,49,Jaipur,Rajasthan,North,2025-04-03
3884,Diya Das,Male,22,Hubballi,Karnataka,South,2022-11-15
3885,Vikram Nair,Other,25,Kochi,Kerala,South,2022-08-05
3886,Karan Kumar,Female,29,Jaipur,Rajasthan,North,2023-12-25
3887,Ishita Nair,Male,18,Bengaluru,Karnataka,South,2024-02-14
3888,Rohan Pillai,Female,43,Chennai,Tamil Nadu,South,2023-12-25
3889,Vikram Gupta,Female,18,Mumbai,Maharashtra,West,2022-10-09
3890,Karan Singh,Female,40,Kochi,Kerala,South,2022-09-25
3891,Meera Hegde,Male,29,Chennai,Tamil Nadu,South,2022-10-25
3892,Diya Pillai,Female,27,Pune,Maharashtra,West,2022-09-28
3893,Pooja Das,Other,37,Hyderabad,Telangana,South,2024-01-09
3894,Rahul Patel,Other,34,Jaipur,Rajasthan,North,2022-03-27
3895,Rohan Kulkarni,Other,19,Mumbai,Maharashtra,West,2024-02-02
3896,Kavya Iyer,Other,35,Hubballi,Karnataka,South,2022-05-29
3897,Amit Gupta,Female,38,Kolkata,West Bengal,East,2023-08-06
3898,Pooja Kulkarni,Other,47,Lucknow,Uttar Pradesh,North,2024-02-05
3899,Sanjay Reddy,Other,52,Kolkata,West Bengal,East,2024-05-13
3900,Karan Hegde,Male,38,Kolkata,West Bengal,East,2024-12-28
3901,Sanjay Patel,Male,45,Pune,Maharashtra,West,2023-01-23
3902,Rahul Bhat,Male,21,Ahmedabad,Gujarat,West,2024-06-27
3903,Priya Shetty,Female,23,Pune,Maharashtra,West,2023-07-20
3904,Ishita Pillai,Male,47,Delhi,Delhi,North,2022-10-20
3905,Arjun Iyer,Male,32,Hyderabad,Telangana,South,2023-04-30
3906,Kavya Bhat,Female,29,Mangaluru,Karnataka,South,2024-06-08
3907,Arjun Singh,Female,30,Hyderabad,Telangana,South,2022-09-01
3908,Rahul Das,Other,25,Chennai,Tamil Nadu,South,2023-07-22
3909,Aarav Das,Other,39,Mangaluru,Karnataka,South,2023-09-30
3910,Priya Pillai,Other,27,Pune,Maharashtra,West,2022-06-25
3911,Ishita Bhat,Male,42,Mumbai,Maharashtra,West,2023-09-12
3912,Diya Mishra,Female,18,Chennai,Tamil Nadu,South,2023-04-05
3913,Ishita Nair,Male,47,Pune,Maharashtra,West,2024-07-04
3914,Vikram Naik,Male,33,Kochi,Kerala,South,2024-11-18
3915,Kavya Hegde,Other,37,Mumbai,Maharashtra,West,2023-12-15
3916,Priya Sharma,Male,42,Mumbai,Maharashtra,West,2022-11-26
3917,Rahul Nair,Other,37,Ahmedabad,Gujarat,West,2022-04-05
3918,Pooja Gupta,Other,23,Lucknow,Uttar Pradesh,North,2024-07-18
3919,Rohan Kumar,Other,42,Kolkata,West Bengal,East,2024-07-29
3920,Vivaan Reddy,Female,40,Hyderabad,Telangana,South,2022-05-19
3921,Rohan Iyer,Female,36,Kolkata,West Bengal,East,2023-12-17
3922,Rahul Das,Male,40,Mumbai,Maharashtra,West,2022-09-12
3923,Rohan Gupta,Male,39,Jaipur,Rajasthan,North,2025-01-13
3924,Amit Reddy,Male,38,Chennai,Tamil Nadu,South,2024-05-16
3925,Karan Verma,Male,24,Hubballi,Karnataka,South,2023-11-11
3926,Vikram Kumar,Other,40,Lucknow,Uttar Pradesh,North,2022-05-17
3927,Diya Sharma,Female,24,Ahmedabad,Gujarat,West,2022-07-09
3928,Diya Rao,Female,40,Mangaluru,Karnataka,South,2024-08-29
3929,Ishita Gupta,Female,28,Ahmedabad,Gujarat,West,2023-10-24
3930,Ishita Das,Other,23,Jaipur,Rajasthan,North,2023-02-19
3931,Arjun Menon,Male,34,Hubballi,Karnataka,South,2023-12-08
3932,Rohan Menon,Female,34,Hyderabad,Telangana,South,2023-10-15
3933,Amit Verma,Other,26,Kochi,Kerala,South,2022-05-26
3934,Sneha Reddy,Female,32,Mumbai,Maharashtra,West,2023-07-24
3935,Priya Sharma,Male,22,Pune,Maharashtra,West,2023-07-29
3936,Riya Singh,Male,33,Kochi,Kerala,South,2023-01-17
3937,Diya Shetty,Other,51,Hyderabad,Telangana,South,2022-03-13
3938,Aarav Mishra,Other,37,Bhubaneswar,Odisha,East,2022-12-05
3939,Ishita Reddy,Other,50,Kolkata,West Bengal,East,2023-10-26
3940,Rohan Bhat,Male,31,Hubballi,Karnataka,South,2024-08-23
3941,Karan Nair,Female,30,Bengaluru,Karnataka,South,2023-08-04
3942,Ananya Menon,Other,47,Mysuru,Karnataka,South,2023-12-02
3943,Kavya Kumar,Female,25,Mangaluru,Karnataka,South,2023-05-26
3944,Ishita Bhat,Male,28,Chennai,Tamil Nadu,South,2023-06-13
3945,Kavya Singh,Male,39,Chennai,Tamil Nadu,South,2022-12-07
3946,Pooja Rao,Female,39,Mumbai,Maharashtra,West,2024-01-01
3947,Aditya Iyer,Other,39,Kolkata,West Bengal,East,2023-04-09
3948,Arjun Menon,Male,33,Lucknow,Uttar Pradesh,North,2024-11-20
3949,Ananya Kumar,Other,55,Mangaluru,Karnataka,South,2023-01-03
3950,Ishita Das,Male,29,Ahmedabad,Gujarat,West,2023-11-14
3951,Ishita Verma,Male,35,Pune,Maharashtra,West,2025-02-13
3952,Kavya Hegde,Other,45,Chennai,Tamil Nadu,South,2024-02-19
3953,Arjun Mishra,Female,22,Jaipur,Rajasthan,North,2025-02-25
3954,Diya Bhat,Other,24,Ahmedabad,Gujarat,West,2022-06-30
3955,Sneha Iyer,Male,31,Hyderabad,Telangana,South,2022-06-06
3956,Rahul Verma,Other,36,Kolkata,West Bengal,East,2024-08-05
3957,Ishita Reddy,Male,44,Kolkata,West Bengal,East,2023-08-15
3958,Ananya Pillai,Female,18,Bengaluru,Karnataka,South,2023-04-27
3959,Pooja Mishra,Other,48,Hubballi,Karnataka,South,2022-12-14
3960,Meera Verma,Male,31,Bhubaneswar,Odisha,East,2023-02-02
3961,Amit Patel,Male,18,Pune,Maharashtra,West,2023-08-06
3962,Nisha Das,Female,21,Bhubaneswar,Odisha,East,2023-12-20
3963,Riya Iyer,Female,18,Bengaluru,Karnataka,South,2023-04-11
3964,Ananya Nair,Male,47,Mumbai,Maharashtra,West,2023-07-08
3965,Sanjay Singh,Female,38,Ahmedabad,Gujarat,West,2023-10-13
3966,Kavya Sharma,Female,19,Hyderabad,Telangana,South,2024-12-31
3967,Amit Patel,Other,21,Hyderabad,Telangana,South,2022-08-31
3968,Diya Patel,Other,34,Mysuru,Karnataka,South,2023-01-06
3969,Ishita Joshi,Male,36,Lucknow,Uttar Pradesh,North,2023-10-14
3970,Sneha Rao,Male,46,Mysuru,Karnataka,South,2024-11-11
3971,Rohan Bhat,Female,23,Lucknow,Uttar Pradesh,North,2022-06-21
3972,Sanjay Iyer,Female,44,Kochi,Kerala,South,2022-06-28
3973,Riya Joshi,Other,26,Lucknow,Uttar Pradesh,North,2022-08-26
3974,Pooja Pillai,Female,36,Bhubaneswar,Odisha,East,2024-11-08
3975,Aditya Shetty,Female,18,Bengaluru,Karnataka,South,2024-01-10
3976,Rohan Mishra,Other,44,Bengaluru,Karnataka,South,2022-08-09
3977,Arjun Menon,Other,28,Jaipur,Rajasthan,North,2024-07-08
3978,Aditya Shetty,Other,45,Lucknow,Uttar Pradesh,North,2023-03-14
3979,Amit Verma,Female,35,Lucknow,Uttar Pradesh,North,2025-04-08
3980,Rahul Hegde,Other,35,Bengaluru,Karnataka,South,2022-01-14
3981,Aditya Verma,Male,36,Jaipur,Rajasthan,North,2024-01-13
3982,Karan Pillai,Female,36,Kolkata,West Bengal,East,2023-07-19
3983,Riya Naik,Other,18,Chennai,Tamil Nadu,South,2023-06-14
3984,Vikram Patel,Female,35,Bhubaneswar,Odisha,East,2024-01-25
3985,Nisha Gupta,Female,27,Delhi,Delhi,North,2022-10-27
3986,Rahul Hegde,Other,18,Chennai,Tamil Nadu,South,2024-04-07
3987,Vivaan Mishra,Female,49,Jaipur,Rajasthan,North,2023-08-25
3988,Rahul Nair,Female,38,Kochi,Kerala,South,2022-05-11
3989,Kavya Gupta,Male,32,Bengaluru,Karnataka,South,2023-08-31
3990,Kavya Kumar,Female,42,Kolkata,West Bengal,East,2023-04-29
3991,Meera Mishra,Other,26,Chennai,Tamil Nadu,South,2023-11-11
3992,Arjun Joshi,Male,30,Hyderabad,Telangana,South,2022-01-11
3993,Ananya Joshi,Male,30,Bengaluru,Karnataka,South,2024-08-06
3994,Amit Mishra,Female,33,Delhi,Delhi,North,2022-07-26
3995,Kavya Mishra,Female,24,Delhi,Delhi,North,2023-07-11
3996,Ishita Bhat,Other,51,Ahmedabad,Gujarat,West,2024-12-03
3997,Ananya Shetty,Female,23,Bengaluru,Karnataka,South,2024-10-02
3998,Meera Kumar,Female,26,Hyderabad,Telangana,South,2022-03-23
3999,Nisha Gupta,Other,36,Bhubaneswar,Odisha,East,2022-05-15
4000,Rahul Menon,Female,41,Lucknow,Uttar Pradesh,North,2025-03-10
4001,Vivaan Pillai,Male,37,Mumbai,Maharashtra,West,2023-03-16
4002,Nisha Kulkarni,Female,24,Jaipur,Rajasthan,North,2023-02-23
4003,Karan Naik,Female,32,Mysuru,Karnataka,South,2022-03-29
4004,Amit Shetty,Female,36,Chennai,Tamil Nadu,South,2022-08-03
4005,Meera Sharma,Male,42,Jaipur,Rajasthan,North,2023-07-06
4006,Priya Singh,Other,27,Delhi,Delhi,North,2023-11-30
4007,Priya Verma,Female,29,Hyderabad,Telangana,South,2022-09-02
4008,Aarav Nair,Other,18,Kolkata,West Bengal,East,2022-06-04
4009,Nisha Joshi,Female,26,Lucknow,Uttar Pradesh,North,2025-04-13
4010,Sneha Kumar,Female,24,Kochi,Kerala,South,2022-01-12
4011,Arjun Rao,Female,43,Delhi,Delhi,North,2022-08-20
4012,Karan Rao,Other,45,Hubballi,Karnataka,South,2024-10-14
4013,Rahul Singh,Other,35,Chennai,Tamil Nadu,South,2024-09-25
4014,Sneha Verma,Female,33,Mumbai,Maharashtra,West,2024-11-04
4015,Karan Verma,Other,43,Kolkata,West Bengal,East,2023-11-07
4016,Ananya Iyer,Other,41,Chennai,Tamil Nadu,South,2023-12-13
4017,Ananya Naik,Other,27,Mysuru,Karnataka,South,2023-05-04
4018,Ishita Joshi,Female,28,Ahmedabad,Gujarat,West,2023-01-07
4019,Meera Nair,Female,29,Pune,Maharashtra,West,2024-09-26
4020,Rahul Menon,Female,41,Mangaluru,Karnataka,South,2023-11-05
4021,Sneha Shetty,Female,23,Bengaluru,Karnataka,South,2022-03-09
4022,Rahul Rao,Female,31,Jaipur,Rajasthan,North,2022-09-16
4023,Kavya Verma,Female,22,Delhi,Delhi,North,2022-11-03
4024,Aarav Mishra,Male,24,Hubballi,Karnataka,South,2024-08-27
4025,Riya Mishra,Other,38,Mangaluru,Karnataka,South,2022-09-03
4026,Riya Pillai,Other,26,Mysuru,Karnataka,South,2024-07-13
4027,Aarav Shetty,Other,41,Mumbai,Maharashtra,West,2024-02-24
4028,Rahul Pillai,Other,35,Hubballi,Karnataka,South,2025-02-22
4029,Aditya Iyer,Male,32,Pune,Maharashtra,West,2022-12-07
4030,Riya Menon,Other,44,Lucknow,Uttar Pradesh,North,2025-04-08
4031,Karan Singh,Female,22,Ahmedabad,Gujarat,West,2024-11-28
4032,Vikram Singh,Female,25,Hyderabad,Telangana,South,2022-02-26
4033,Karan Shetty,Male,26,Kochi,Kerala,South,2024-04-29
4034,Aditya Sharma,Male,20,Chennai,Tamil Nadu,South,2023-04-06
4035,Meera Das,Male,48,Delhi,Delhi,North,2022-06-28
4036,Riya Das,Male,33,Jaipur,Rajasthan,North,2023-07-03
4037,Rahul Das,Other,33,Kolkata,West Bengal,East,2023-10-08
4038,Arjun Mishra,Female,24,Jaipur,Rajasthan,North,2024-10-28
4039,Rahul Joshi,Female,18,Bhubaneswar,Odisha,East,2024-08-26
4040,Aditya Sharma,Other,40,Lucknow,Uttar Pradesh,North,2022-05-29
4041,Kavya Naik,Female,48,Bengaluru,Karnataka,South,2024-11-14
4042,Ishita Reddy,Female,36,Bhubaneswar,Odisha,East,2023-07-08
4043,Sneha Rao,Other,28,Chennai,Tamil Nadu,South,2023-03-07
4044,Riya Kulkarni,Other,25,Kolkata,West Bengal,East,2023-08-19
4045,Meera Bhat,Other,36,Bengaluru,Karnataka,South,2023-06-30
4046,Amit Menon,Other,43,Bengaluru,Karnataka,South,2023-12-10
4047,Vivaan Iyer,Female,39,Kolkata,West Bengal,East,2023-05-01
4048,Pooja Das,Female,44,Lucknow,Uttar Pradesh,North,2024-10-27
4049,Arjun Rao,Male,39,Kolkata,West Bengal,East,2023-07-04
4050,Sanjay Pillai,Male,39,Bhubaneswar,Odisha,East,2024-07-07
4051,Rahul Iyer,Female,32,Lucknow,Uttar Pradesh,North,2025-03-12
4052,Ananya Kumar,Male,37,Jaipur,Rajasthan,North,2022-09-28
4053,Nisha Gupta,Female,34,Kolkata,West Bengal,East,2024-11-03
4054,Ananya Reddy,Female,35,Mysuru,Karnataka,South,2022-08-22
4055,Nisha Joshi,Female,24,Kochi,Kerala,South,2023-07-29
4056,Amit Das,Female,25,Hyderabad,Telangana,South,2023-09-09
4057,Meera Hegde,Other,38,Kolkata,West Bengal,East,2022-11-05
4058,Riya Patel,Male,33,Chennai,Tamil Nadu,South,2025-02-17
4059,Pooja Nair,Male,29,Mangaluru,Karnataka,South,2024-05-24
4060,Diya Pillai,Female,31,Hubballi,Karnataka,South,2022-07-16
4061,Amit Nair,Other,18,Lucknow,Uttar Pradesh,North,2023-10-07
4062,Priya Nair,Female,30,Mangaluru,Karnataka,South,2022-12-02
4063,Meera Nair,Male,23,Lucknow,Uttar Pradesh,North,2024-09-16
4064,Rohan Kumar,Other,24,Lucknow,Uttar Pradesh,North,2022-08-30
4065,Ishita Hegde,Other,25,Chennai,Tamil Nadu,South,2022-05-29
4066,Aarav Gupta,Other,22,Hubballi,Karnataka,South,2023-09-12
4067,Rohan Pillai,Male,24,Chennai,Tamil Nadu,South,2023-03-29
4068,Diya Naik,Other,27,Chennai,Tamil Nadu,South,2023-08-17
4069,Pooja Menon,Female,31,Bhubaneswar,Odisha,East,2022-05-11
4070,Rahul Iyer,Other,37,Delhi,Delhi,North,2023-07-15
4071,Priya Naik,Female,37,Mangaluru,Karnataka,South,2022-03-04
4072,Diya Menon,Female,29,Ahmedabad,Gujarat,West,2022-01-15
4073,Rahul Naik,Female,42,Jaipur,Rajasthan,North,2022-09-16
4074,Nisha Menon,Male,32,Mangaluru,Karnataka,South,2024-03-23
4075,Aditya Shetty,Male,18,Jaipur,Rajasthan,North,2022-11-27
4076,Karan Joshi,Male,38,Chennai,Tamil Nadu,South,2024-12-24
4077,Riya Rao,Other,33,Chennai,Tamil Nadu,South,2023-01-22
4078,Diya Bhat,Female,32,Hubballi,Karnataka,South,2024-11-19
4079,Aarav Naik,Male,18,Delhi,Delhi,North,2022-11-24
4080,Karan Iyer,Other,22,Lucknow,Uttar Pradesh,North,2023-02-03
4081,Ishita Rao,Female,21,Bengaluru,Karnataka,South,2022-04-15
4082,Aditya Hegde,Other,33,Ahmedabad,Gujarat,West,2024-12-06
4083,Sneha Reddy,Male,31,Ahmedabad,Gujarat,West,2023-08-22
4084,Priya Naik,Male,30,Pune,Maharashtra,West,2023-05-01
4085,Sanjay Singh,Other,34,Hubballi,Karnataka,South,2023-02-14
4086,Vikram Joshi,Other,20,Kochi,Kerala,South,2023-07-18
4087,Meera Singh,Male,28,Lucknow,Uttar Pradesh,North,2023-06-30
4088,Sanjay Kulkarni,Female,45,Delhi,Delhi,North,2022-08-19
4089,Karan Reddy,Male,45,Mysuru,Karnataka,South,2024-08-25
4090,Amit Patel,Male,45,Ahmedabad,Gujarat,West,2023-02-21
4091,Vikram Pillai,Other,18,Hubballi,Karnataka,South,2023-11-09
4092,Meera Rao,Other,27,Pune,Maharashtra,West,2023-09-11
4093,Vivaan Shetty,Other,31,Kochi,Kerala,South,2025-02-25
4094,Karan Bhat,Male,47,Mysuru,Karnataka,South,2023-10-17
4095,Aditya Bhat,Male,45,Pune,Maharashtra,West,2023-01-30
4096,Sneha Pillai,Male,37,Mysuru,Karnataka,South,2025-01-29
4097,Nisha Nair,Other,36,Delhi,Delhi,North,2022-05-12
4098,Priya Verma,Male,18,Bengaluru,Karnataka,South,2022-04-08
4099,Meera Gupta,Other,25,Lucknow,Uttar Pradesh,North,2025-02-17
4100,Riya Das,Male,32,Kolkata,West Bengal,East,2023-07-26
4101,Kavya Mishra,Female,27,Chennai,Tamil Nadu,South,2022-09-07
4102,Rahul Shetty,Other,28,Pune,Maharashtra,West,2024-12-03
4103,Pooja Nair,Other,32,Pune,Maharashtra,West,2025-01-06
4104,Sanjay Kulkarni,Male,24,Chennai,Tamil Nadu,South,2022-05-12
4105,Sanjay Kulkarni,Other,18,Hyderabad,Telangana,South,2023-04-19
4106,Meera Rao,Male,19,Chennai,Tamil Nadu,South,2022-07-06
4107,Aarav Shetty,Other,63,Pune,Maharashtra,West,2024-08-06
4108,Nisha Singh,Male,32,Pune,Maharashtra,West,2023-06-06
4109,Kavya Nair,Male,25,Mysuru,Karnataka,South,2024-08-20
4110,Meera Shetty,Other,39,Kochi,Kerala,South,2023-06-19
4111,Sneha Singh,Male,33,Jaipur,Rajasthan,North,2022-07-29
4112,Arjun Joshi,Male,22,Kolkata,West Bengal,East,2022-11-18
4113,Pooja Nair,Female,33,Chennai,Tamil Nadu,South,2025-03-04
4114,Pooja Bhat,Male,21,Kolkata,West Bengal,East,2025-03-25
4115,Amit Mishra,Male,42,Jaipur,Rajasthan,North,2023-10-30
4116,Rohan Shetty,Male,31,Delhi,Delhi,North,2022-11-29
4117,Ishita Singh,Male,31,Hubballi,Karnataka,South,2024-06-25
4118,Rahul Shetty,Other,43,Delhi,Delhi,North,2022-01-28
4119,Riya Verma,Other,28,Pune,Maharashtra,West,2023-04-12
4120,Vikram Hegde,Female,31,Chennai,Tamil Nadu,South,2022-04-11
4121,Amit Iyer,Male,30,Kochi,Kerala,South,2023-07-05
4122,Ananya Iyer,Other,20,Chennai,Tamil Nadu,South,2022-10-23
4123,Meera Nair,Female,58,Hyderabad,Telangana,South,2022-12-19
4124,Ishita Verma,Male,38,Delhi,Delhi,North,2023-03-31
4125,Ishita Patel,Female,59,Kolkata,West Bengal,East,2023-12-13
4126,Rohan Das,Female,24,Hyderabad,Telangana,South,2022-08-21
4127,Karan Gupta,Other,40,Bengaluru,Karnataka,South,2024-10-20
4128,Sanjay Nair,Female,45,Lucknow,Uttar Pradesh,North,2022-04-18
4129,Ananya Verma,Female,23,Bengaluru,Karnataka,South,2025-04-03
4130,Sneha Kulkarni,Other,40,Hyderabad,Telangana,South,2022-12-30
4131,Karan Mishra,Other,42,Hubballi,Karnataka,South,2022-03-01
4132,Sanjay Rao,Male,39,Pune,Maharashtra,West,2024-05-23
4133,Rahul Shetty,Other,34,Hubballi,Karnataka,South,2024-07-03
4134,Priya Bhat,Male,46,Pune,Maharashtra,West,2023-05-24
4135,Ishita Bhat,Male,45,Kolkata,West Bengal,East,2025-04-03
4136,Riya Pillai,Female,44,Chennai,Tamil Nadu,South,2024-05-25
4137,Arjun Patel,Other,38,Bengaluru,Karnataka,South,2022-10-13
4138,Sanjay Kulkarni,Female,40,Hyderabad,Telangana,South,2022-05-01
4139,Amit Rao,Female,27,Pune,Maharashtra,West,2024-08-02
4140,Aditya Shetty,Other,22,Mangaluru,Karnataka,South,2024-06-25
4141,Rohan Kumar,Other,37,Mumbai,Maharashtra,West,2022-01-13
4142,Priya Gupta,Other,29,Chennai,Tamil Nadu,South,2023-03-24
4143,Meera Joshi,Female,33,Mysuru,Karnataka,South,2024-04-20
4144,Sneha Hegde,Other,36,Delhi,Delhi,North,2024-06-07
4145,Amit Sharma,Male,35,Ahmedabad,Gujarat,West,2022-02-12
4146,Aditya Shetty,Female,25,Kolkata,West Bengal,East,2024-09-14
4147,Meera Gupta,Male,18,Kochi,Kerala,South,2024-03-13
4148,Meera Joshi,Female,18,Hyderabad,Telangana,South,2025-02-12
4149,Ananya Gupta,Other,22,Hyderabad,Telangana,South,2023-04-05
4150,Sanjay Hegde,Other,34,Lucknow,Uttar Pradesh,North,2022-11-21
4151,Aarav Kumar,Male,35,Lucknow,Uttar Pradesh,North,2023-08-02
4152,Kavya Verma,Female,37,Jaipur,Rajasthan,North,2025-04-10
4153,Nisha Patel,Other,26,Kolkata,West Bengal,East,2024-08-17
4154,Pooja Iyer,Male,28,Bengaluru,Karnataka,South,2023-04-20
4155,Kavya Patel,Other,29,Delhi,Delhi,North,2024-12-13
4156,Ananya Kulkarni,Female,39,Bhubaneswar,Odisha,East,2023-09-24
4157,Priya Shetty,Other,33,Chennai,Tamil Nadu,South,2023-12-04
4158,Aditya Pillai,Male,19,Mysuru,Karnataka,South,2023-07-13
4159,Arjun Kulkarni,Male,36,Ahmedabad,Gujarat,West,2022-08-10
4160,Pooja Reddy,Other,54,Kolkata,West Bengal,East,2024-06-07
4161,Meera Mishra,Other,26,Kochi,Kerala,South,2024-07-10
4162,Aditya Verma,Female,35,Hubballi,Karnataka,South,2023-11-08
4163,Meera Kumar,Other,36,Pune,Maharashtra,West,2023-08-12
4164,Aditya Singh,Other,18,Hyderabad,Telangana,South,2024-12-06
4165,Ananya Das,Other,37,Delhi,Delhi,North,2023-04-24
4166,Kavya Sharma,Female,18,Kolkata,West Bengal,East,2023-06-08
4167,Amit Sharma,Other,27,Delhi,Delhi,North,2023-12-05
4168,Ishita Sharma,Male,45,Bhubaneswar,Odisha,East,2024-05-23
4169,Ananya Verma,Male,24,Hubballi,Karnataka,South,2022-02-21
4170,Vikram Pillai,Other,29,Chennai,Tamil Nadu,South,2023-06-25
4171,Ananya Kulkarni,Female,30,Kolkata,West Bengal,East,2024-11-08
4172,Karan Pillai,Female,33,Jaipur,Rajasthan,North,2023-09-10
4173,Priya Kumar,Male,33,Kochi,Kerala,South,2023-02-23
4174,Rohan Gupta,Female,33,Kolkata,West Bengal,East,2022-07-05
4175,Arjun Sharma,Other,34,Mangaluru,Karnataka,South,2022-09-18
4176,Vivaan Kumar,Other,39,Delhi,Delhi,North,2024-02-01
4177,Aditya Shetty,Female,20,Hyderabad,Telangana,South,2022-08-12
4178,Vikram Gupta,Male,22,Kochi,Kerala,South,2023-09-24
4179,Rahul Verma,Female,49,Chennai,Tamil Nadu,South,2022-02-27
4180,Karan Iyer,Male,32,Hubballi,Karnataka,South,2023-09-07
4181,Meera Rao,Female,49,Mangaluru,Karnataka,South,2023-07-16
4182,Meera Gupta,Female,37,Bengaluru,Karnataka,South,2024-11-09
4183,Meera Das,Female,35,Bengaluru,Karnataka,South,2024-10-10
4184,Karan Menon,Other,18,Hubballi,Karnataka,South,2024-11-23
4185,Arjun Reddy,Male,44,Bhubaneswar,Odisha,East,2024-06-10
4186,Priya Naik,Male,50,Ahmedabad,Gujarat,West,2023-08-06
4187,Karan Rao,Female,35,Mangaluru,Karnataka,South,2025-03-24
4188,Riya Iyer,Other,29,Lucknow,Uttar Pradesh,North,2024-10-09
4189,Kavya Gupta,Male,44,Hyderabad,Telangana,South,2024-05-28
4190,Pooja Iyer,Female,18,Mysuru,Karnataka,South,2023-06-20
4191,Pooja Rao,Female,30,Chennai,Tamil Nadu,South,2022-03-11
4192,Aarav Menon,Female,41,Bengaluru,Karnataka,South,2022-02-14
4193,Arjun Iyer,Female,19,Mumbai,Maharashtra,West,2024-04-08
4194,Aditya Verma,Other,27,Chennai,Tamil Nadu,South,2024-06-14
4195,Vikram Reddy,Other,40,Chennai,Tamil Nadu,South,2022-11-28
4196,Ishita Bhat,Male,45,Jaipur,Rajasthan,North,2024-08-17
4197,Ananya Patel,Male,40,Chennai,Tamil Nadu,South,2023-01-08
4198,Vikram Singh,Other,40,Bhubaneswar,Odisha,East,2025-04-07
4199,Rohan Naik,Male,32,Bengaluru,Karnataka,South,2023-04-23
4200,Nisha Patel,Male,31,Mangaluru,Karnataka,South,2024-02-25
4201,Karan Nair,Female,28,Delhi,Delhi,North,2022-09-11
4202,Kavya Singh,Female,33,Delhi,Delhi,North,2024-11-26
4203,Rahul Naik,Male,23,Mangaluru,Karnataka,South,2024-11-02
4204,Rahul Iyer,Male,33,Lucknow,Uttar Pradesh,North,2025-02-16
4205,Rahul Sharma,Female,35,Kolkata,West Bengal,East,2024-07-21
4206,Amit Menon,Other,27,Hubballi,Karnataka,South,2024-01-15
4207,Sanjay Mishra,Female,40,Hyderabad,Telangana,South,2024-08-24
4208,Aarav Shetty,Male,29,Bengaluru,Karnataka,South,2024-12-05
4209,Nisha Patel,Other,41,Kochi,Kerala,South,2023-07-12
4210,Rohan Verma,Male,39,Bhubaneswar,Odisha,East,2024-04-19
4211,Ishita Mishra,Other,52,Ahmedabad,Gujarat,West,2022-01-03
4212,Rahul Singh,Male,29,Ahmedabad,Gujarat,West,2023-05-26
4213,Diya Joshi,Male,22,Bengaluru,Karnataka,South,2023-11-18
4214,Aditya Rao,Female,36,Mumbai,Maharashtra,West,2022-08-27
4215,Kavya Kulkarni,Female,21,Pune,Maharashtra,West,2022-10-30
4216,Riya Sharma,Female,28,Mangaluru,Karnataka,South,2022-04-23
4217,Nisha Hegde,Male,18,Pune,Maharashtra,West,2022-12-28
4218,Sneha Iyer,Other,40,Hyderabad,Telangana,South,2023-01-11
4219,Arjun Bhat,Female,32,Jaipur,Rajasthan,North,2024-01-12
4220,Priya Gupta,Male,27,Lucknow,Uttar Pradesh,North,2024-04-03
4221,Pooja Kumar,Male,41,Hubballi,Karnataka,South,2022-11-16
4222,Aditya Rao,Other,28,Hubballi,Karnataka,South,2023-08-30
4223,Amit Mishra,Male,31,Mumbai,Maharashtra,West,2023-07-22
4224,Vikram Hegde,Male,33,Hubballi,Karnataka,South,2023-06-05
4225,Amit Shetty,Other,41,Lucknow,Uttar Pradesh,North,2023-12-04
4226,Priya Naik,Other,18,Pune,Maharashtra,West,2022-01-21
4227,Sanjay Kumar,Female,41,Delhi,Delhi,North,2023-08-11
4228,Diya Kumar,Other,31,Mumbai,Maharashtra,West,2023-01-06
4229,Vivaan Menon,Other,47,Lucknow,Uttar Pradesh,North,2022-03-19
4230,Karan Singh,Male,48,Bengaluru,Karnataka,South,2023-07-07
4231,Vivaan Joshi,Male,38,Mangaluru,Karnataka,South,2024-09-24
4232,Ananya Sharma,Other,37,Mumbai,Maharashtra,West,2024-01-16
4233,Nisha Iyer,Male,31,Pune,Maharashtra,West,2022-04-14
4234,Priya Menon,Female,36,Jaipur,Rajasthan,North,2023-04-25
4235,Meera Mishra,Female,54,Hubballi,Karnataka,South,2024-02-19
4236,Meera Rao,Other,18,Ahmedabad,Gujarat,West,2023-08-24
4237,Pooja Shetty,Female,38,Chennai,Tamil Nadu,South,2022-04-05
4238,Rahul Hegde,Female,43,Kochi,Kerala,South,2025-04-04
4239,Nisha Kulkarni,Female,50,Kolkata,West Bengal,East,2024-07-27
4240,Arjun Shetty,Other,50,Jaipur,Rajasthan,North,2024-09-11
4241,Aditya Iyer,Female,33,Chennai,Tamil Nadu,South,2023-09-30
4242,Aarav Kulkarni,Male,36,Jaipur,Rajasthan,North,2025-01-31
4243,Vikram Das,Male,29,Mysuru,Karnataka,South,2023-07-29
4244,Sneha Nair,Male,30,Mysuru,Karnataka,South,2022-02-09
4245,Diya Nair,Female,31,Bhubaneswar,Odisha,East,2024-02-15
4246,Sneha Reddy,Other,42,Mumbai,Maharashtra,West,2023-06-30
4247,Ishita Naik,Male,18,Mangaluru,Karnataka,South,2022-08-24
4248,Vikram Sharma,Male,26,Mangaluru,Karnataka,South,2023-04-28
4249,Diya Naik,Other,32,Lucknow,Uttar Pradesh,North,2023-03-06
4250,Rohan Pillai,Other,38,Kolkata,West Bengal,East,2022-05-13
4251,Vivaan Kulkarni,Female,34,Ahmedabad,Gujarat,West,2022-12-17
4252,Vikram Naik,Male,36,Ahmedabad,Gujarat,West,2024-09-19
4253,Rahul Rao,Other,18,Hyderabad,Telangana,South,2024-04-09
4254,Riya Joshi,Other,41,Mangaluru,Karnataka,South,2025-04-08
4255,Sneha Mishra,Female,37,Mangaluru,Karnataka,South,2023-08-21
4256,Karan Hegde,Male,44,Bhubaneswar,Odisha,East,2024-05-04
4257,Amit Menon,Other,35,Mumbai,Maharashtra,West,2023-05-17
4258,Nisha Das,Female,18,Mumbai,Maharashtra,West,2022-09-07
4259,Amit Sharma,Male,43,Mangaluru,Karnataka,South,2023-08-24
4260,Sneha Nair,Male,51,Chennai,Tamil Nadu,South,2022-05-30
4261,Riya Mishra,Male,53,Kochi,Kerala,South,2024-05-24
4262,Kavya Kumar,Male,39,Bengaluru,Karnataka,South,2024-02-22
4263,Rahul Joshi,Female,19,Pune,Maharashtra,West,2022-11-17
4264,Rahul Verma,Female,27,Kolkata,West Bengal,East,2023-05-07
4265,Karan Joshi,Female,47,Delhi,Delhi,North,2023-09-04
4266,Vikram Hegde,Male,44,Mysuru,Karnataka,South,2022-06-22
4267,Ishita Rao,Other,41,Kochi,Kerala,South,2024-05-24
4268,Priya Kumar,Male,41,Lucknow,Uttar Pradesh,North,2022-01-11
4269,Rohan Hegde,Female,24,Pune,Maharashtra,West,2024-11-01
4270,Arjun Naik,Female,48,Bengaluru,Karnataka,South,2024-03-28
4271,Arjun Mishra,Female,26,Ahmedabad,Gujarat,West,2024-07-19
4272,Meera Nair,Male,27,Hubballi,Karnataka,South,2025-03-01
4273,Riya Das,Male,26,Ahmedabad,Gujarat,West,2024-05-04
4274,Ananya Hegde,Male,36,Mysuru,Karnataka,South,2023-09-13
4275,Sanjay Rao,Other,44,Mumbai,Maharashtra,West,2024-02-24
4276,Kavya Pillai,Male,18,Pune,Maharashtra,West,2023-04-05
4277,Nisha Nair,Male,42,Kochi,Kerala,South,2022-03-02
4278,Arjun Reddy,Other,38,Ahmedabad,Gujarat,West,2024-11-06
4279,Riya Iyer,Male,40,Delhi,Delhi,North,2023-05-11
4280,Nisha Verma,Female,18,Bhubaneswar,Odisha,East,2024-12-28
4281,Arjun Hegde,Other,25,Bengaluru,Karnataka,South,2022-06-10
4282,Sanjay Hegde,Other,19,Lucknow,Uttar Pradesh,North,2024-09-19
4283,Ananya Verma,Other,35,Ahmedabad,Gujarat,West,2022-09-26
4284,Sanjay Iyer,Male,31,Bhubaneswar,Odisha,East,2024-05-14
4285,Arjun Bhat,Male,35,Bengaluru,Karnataka,South,2022-12-16
4286,Nisha Joshi,Other,31,Delhi,Delhi,North,2022-02-20
4287,Sanjay Rao,Other,24,Mumbai,Maharashtra,West,2025-01-15
4288,Sneha Mishra,Other,34,Pune,Maharashtra,West,2024-01-01
4289,Riya Naik,Other,47,Mumbai,Maharashtra,West,2022-02-26
4290,Vivaan Mishra,Male,34,Mumbai,Maharashtra,West,2024-12-21
4291,Arjun Pillai,Male,18,Delhi,Delhi,North,2022-04-22
4292,Vikram Iyer,Other,24,Mysuru,Karnataka,South,2022-01-26
4293,Riya Verma,Female,44,Jaipur,Rajasthan,North,2023-02-14
4294,Vivaan Iyer,Other,29,Lucknow,Uttar Pradesh,North,2025-02-03
4295,Meera Das,Other,47,Kolkata,West Bengal,East,2024-01-19
4296,Pooja Patel,Female,18,Bhubaneswar,Odisha,East,2023-10-24
4297,Kavya Sharma,Male,31,Bhubaneswar,Odisha,East,2024-06-27
4298,Rahul Sharma,Other,23,Delhi,Delhi,North,2022-06-21
4299,Arjun Nair,Female,33,Hyderabad,Telangana,South,2022-09-22
4300,Aarav Das,Female,30,Kolkata,West Bengal,East,2023-04-21
4301,Diya Iyer,Male,27,Hyderabad,Telangana,South,2022-12-22
4302,Meera Patel,Female,30,Chennai,Tamil Nadu,South,2023-07-20
4303,Sanjay Singh,Male,39,Pune,Maharashtra,West,2023-04-07
4304,Sneha Shetty,Other,32,Ahmedabad,Gujarat,West,2024-12-05
4305,Diya Singh,Female,40,Mumbai,Maharashtra,West,2023-08-22
4306,Aditya Shetty,Female,35,Bhubaneswar,Odisha,East,2024-09-10
4307,Sneha Joshi,Female,42,Delhi,Delhi,North,2023-12-05
4308,Amit Rao,Other,42,Bhubaneswar,Odisha,East,2023-05-02
4309,Ishita Shetty,Other,37,Mysuru,Karnataka,South,2023-12-07
4310,Rahul Menon,Male,32,Pune,Maharashtra,West,2024-10-15
4311,Nisha Iyer,Female,29,Chennai,Tamil Nadu,South,2024-02-16
4312,Meera Iyer,Male,40,Kolkata,West Bengal,East,2023-02-17
4313,Ananya Sharma,Male,37,Mangaluru,Karnataka,South,2023-11-08
4314,Priya Nair,Other,26,Hubballi,Karnataka,South,2023-10-26
4315,Sneha Nair,Other,40,Lucknow,Uttar Pradesh,North,2022-10-17
4316,Rahul Menon,Other,41,Ahmedabad,Gujarat,West,2024-05-04
4317,Aditya Gupta,Male,40,Lucknow,Uttar Pradesh,North,2023-08-31
4318,Riya Menon,Female,41,Mysuru,Karnataka,South,2024-04-05
4319,Ananya Kulkarni,Female,31,Mangaluru,Karnataka,South,2024-10-01
4320,Rohan Menon,Male,23,Mumbai,Maharashtra,West,2024-10-25
4321,Amit Mishra,Other,39,Bhubaneswar,Odisha,East,2023-03-20
4322,Ananya Joshi,Female,20,Mysuru,Karnataka,South,2023-10-02
4323,Vivaan Joshi,Other,33,Bhubaneswar,Odisha,East,2022-05-04
4324,Sanjay Sharma,Female,26,Mangaluru,Karnataka,South,2023-10-26
4325,Vikram Joshi,Male,44,Hubballi,Karnataka,South,2022-12-26
4326,Karan Kumar,Male,34,Pune,Maharashtra,West,2024-12-16
4327,Vikram Sharma,Other,49,Chennai,Tamil Nadu,South,2024-07-07
4328,Meera Verma,Other,35,Pune,Maharashtra,West,2023-08-05
4329,Priya Gupta,Female,31,Ahmedabad,Gujarat,West,2022-04-09
4330,Pooja Pillai,Female,31,Mangaluru,Karnataka,South,2023-05-29
4331,Priya Menon,Other,37,Jaipur,Rajasthan,North,2023-10-26
4332,Diya Hegde,Female,30,Chennai,Tamil Nadu,South,2023-08-04
4333,Diya Joshi,Female,43,Hyderabad,Telangana,South,2023-09-13
4334,Diya Reddy,Other,23,Ahmedabad,Gujarat,West,2023-09-07
4335,Ananya Joshi,Other,18,Mangaluru,Karnataka,South,2024-07-31
4336,Rohan Rao,Other,29,Delhi,Delhi,North,2024-05-05
4337,Nisha Kulkarni,Female,50,Lucknow,Uttar Pradesh,North,2022-03-03
4338,Riya Joshi,Other,22,Mysuru,Karnataka,South,2022-09-10
4339,Sneha Joshi,Female,41,Hyderabad,Telangana,South,2023-04-23
4340,Priya Patel,Female,36,Chennai,Tamil Nadu,South,2024-08-18
4341,Meera Bhat,Other,33,Delhi,Delhi,North,2025-04-04
4342,Aditya Singh,Male,38,Mumbai,Maharashtra,West,2024-05-07
4343,Meera Kulkarni,Other,53,Ahmedabad,Gujarat,West,2024-01-30
4344,Diya Bhat,Other,37,Bengaluru,Karnataka,South,2023-03-06
4345,Aditya Iyer,Male,39,Mangaluru,Karnataka,South,2022-11-04
4346,Sanjay Pillai,Female,18,Lucknow,Uttar Pradesh,North,2025-03-23
4347,Aarav Mishra,Female,20,Kochi,Kerala,South,2024-11-16
4348,Rohan Menon,Male,51,Mumbai,Maharashtra,West,2024-02-01
4349,Meera Nair,Other,34,Jaipur,Rajasthan,North,2024-05-23
4350,Amit Shetty,Male,39,Lucknow,Uttar Pradesh,North,2025-03-21
4351,Pooja Verma,Male,18,Delhi,Delhi,North,2025-01-30
4352,Sneha Pillai,Female,23,Kolkata,West Bengal,East,2024-05-22
4353,Aarav Mishra,Male,38,Bhubaneswar,Odisha,East,2025-02-22
4354,Diya Pillai,Male,39,Lucknow,Uttar Pradesh,North,2024-07-26
4355,Aditya Mishra,Male,45,Kolkata,West Bengal,East,2022-08-24
4356,Kavya Singh,Other,38,Ahmedabad,Gujarat,West,2024-12-27
4357,Vikram Mishra,Male,44,Hubballi,Karnataka,South,2025-04-11
4358,Rahul Sharma,Other,20,Bhubaneswar,Odisha,East,2023-07-13
4359,Nisha Rao,Female,22,Kochi,Kerala,South,2022-09-18
4360,Arjun Menon,Other,26,Mysuru,Karnataka,South,2025-03-31
4361,Ishita Verma,Female,22,Lucknow,Uttar Pradesh,North,2022-07-20
4362,Nisha Kumar,Female,27,Lucknow,Uttar Pradesh,North,2024-05-16
4363,Arjun Nair,Female,36,Mangaluru,Karnataka,South,2022-04-03
4364,Kavya Hegde,Female,18,Mangaluru,Karnataka,South,2022-03-06
4365,Rahul Hegde,Female,24,Mysuru,Karnataka,South,2022-12-31
4366,Vikram Iyer,Other,24,Hubballi,Karnataka,South,2024-11-13
4367,Aditya Shetty,Female,39,Jaipur,Rajasthan,North,2023-06-24
4368,Arjun Naik,Female,47,Kolkata,West Bengal,East,2024-11-09
4369,Riya Patel,Other,56,Bengaluru,Karnataka,South,2022-01-03
4370,Diya Rao,Male,45,Bengaluru,Karnataka,South,2023-03-08
4371,Pooja Sharma,Male,29,Bengaluru,Karnataka,South,2022-05-16
4372,Ishita Nair,Male,29,Hyderabad,Telangana,South,2023-10-28
4373,Priya Pillai,Female,29,Kolkata,West Bengal,East,2022-07-28
4374,Aditya Singh,Male,53,Bhubaneswar,Odisha,East,2022-04-30
4375,Riya Bhat,Male,26,Jaipur,Rajasthan,North,2023-09-19
4376,Karan Iyer,Male,23,Ahmedabad,Gujarat,West,2024-02-08
4377,Rohan Mishra,Female,32,Bhubaneswar,Odisha,East,2025-01-17
4378,Rahul Das,Other,46,Delhi,Delhi,North,2023-06-06
4379,Rahul Naik,Male,36,Bhubaneswar,Odisha,East,2022-05-14
4380,Meera Sharma,Other,29,Bhubaneswar,Odisha,East,2023-03-12
4381,Sneha Rao,Female,41,Bengaluru,Karnataka,South,2025-04-14
4382,Amit Rao,Female,52,Kochi,Kerala,South,2022-12-17
4383,Rahul Pillai,Other,55,Jaipur,Rajasthan,North,2022-05-23
4384,Arjun Bhat,Male,21,Mangaluru,Karnataka,South,2023-12-19
4385,Rohan Mishra,Female,22,Delhi,Delhi,North,2023-10-05
4386,Sneha Menon,Female,30,Pune,Maharashtra,West,2025-01-14
4387,Sneha Reddy,Female,20,Mysuru,Karnataka,South,2024-02-26
4388,Diya Kumar,Male,27,Hubballi,Karnataka,South,2023-06-06
4389,Nisha Gupta,Female,46,Bhubaneswar,Odisha,East,2023-05-04
4390,Diya Patel,Female,51,Bengaluru,Karnataka,South,2024-09-24
4391,Priya Rao,Other,18,Kolkata,West Bengal,East,2023-06-20
4392,Ananya Naik,Other,30,Mysuru,Karnataka,South,2024-08-07
4393,Sneha Naik,Female,39,Delhi,Delhi,North,2023-09-13
4394,Sneha Gupta,Female,56,Kolkata,West Bengal,East,2022-07-15
4395,Rohan Das,Male,42,Hyderabad,Telangana,South,2023-06-29
4396,Kavya Menon,Female,28,Chennai,Tamil Nadu,South,2024-09-29
4397,Aditya Bhat,Male,69,Mumbai,Maharashtra,West,2023-10-21
4398,Arjun Shetty,Other,36,Pune,Maharashtra,West,2023-01-31
4399,Riya Menon,Female,32,Pune,Maharashtra,West,2024-01-01
4400,Amit Patel,Other,51,Pune,Maharashtra,West,2024-10-23
4401,Vivaan Gupta,Male,33,Bhubaneswar,Odisha,East,2022-03-25
4402,Priya Pillai,Other,41,Chennai,Tamil Nadu,South,2023-04-17
4403,Ananya Patel,Other,37,Mangaluru,Karnataka,South,2023-09-11
4404,Vivaan Nair,Female,23,Bengaluru,Karnataka,South,2024-05-13
4405,Diya Kulkarni,Male,23,Hubballi,Karnataka,South,2023-10-29
4406,Kavya Naik,Other,46,Bhubaneswar,Odisha,East,2022-01-13
4407,Rahul Naik,Female,44,Bhubaneswar,Odisha,East,2022-12-08
4408,Vivaan Gupta,Male,44,Jaipur,Rajasthan,North,2023-02-09
4409,Rahul Joshi,Other,20,Pune,Maharashtra,West,2023-10-20
4410,Aditya Gupta,Female,31,Hyderabad,Telangana,South,2023-07-03
4411,Priya Mishra,Male,30,Hubballi,Karnataka,South,2024-09-11
4412,Ishita Gupta,Other,45,Bengaluru,Karnataka,South,2022-10-06
4413,Amit Sharma,Male,31,Mysuru,Karnataka,South,2023-04-24
4414,Ananya Singh,Female,37,Jaipur,Rajasthan,North,2023-06-26
4415,Vikram Iyer,Female,26,Bhubaneswar,Odisha,East,2025-02-12
4416,Rohan Kumar,Other,46,Bengaluru,Karnataka,South,2022-12-26
4417,Riya Hegde,Female,38,Hubballi,Karnataka,South,2023-01-07
4418,Priya Nair,Male,18,Jaipur,Rajasthan,North,2022-09-16
4419,Sanjay Verma,Other,45,Kochi,Kerala,South,2024-02-17
4420,Kavya Verma,Female,38,Bengaluru,Karnataka,South,2025-02-25
4421,Karan Bhat,Female,23,Chennai,Tamil Nadu,South,2023-12-24
4422,Aarav Menon,Male,24,Delhi,Delhi,North,2024-12-09
4423,Meera Kumar,Other,26,Lucknow,Uttar Pradesh,North,2022-03-10
4424,Vikram Reddy,Other,41,Lucknow,Uttar Pradesh,North,2024-04-25
4425,Arjun Singh,Female,20,Mysuru,Karnataka,South,2024-05-18
4426,Rahul Kulkarni,Female,42,Mysuru,Karnataka,South,2023-04-29
4427,Sanjay Menon,Female,38,Mangaluru,Karnataka,South,2023-07-04
4428,Amit Nair,Other,38,Ahmedabad,Gujarat,West,2024-12-07
4429,Arjun Rao,Female,38,Chennai,Tamil Nadu,South,2024-10-30
4430,Karan Reddy,Other,44,Bhubaneswar,Odisha,East,2024-10-24
4431,Nisha Gupta,Male,56,Bhubaneswar,Odisha,East,2022-02-13
4432,Vivaan Bhat,Female,28,Ahmedabad,Gujarat,West,2022-04-24
4433,Arjun Joshi,Male,51,Mysuru,Karnataka,South,2023-02-01
4434,Ishita Singh,Male,56,Bhubaneswar,Odisha,East,2024-04-26
4435,Aditya Joshi,Female,31,Kolkata,West Bengal,East,2023-05-17
4436,Diya Das,Other,29,Delhi,Delhi,North,2025-03-28
4437,Meera Mishra,Male,34,Mangaluru,Karnataka,South,2022-05-29
4438,Pooja Gupta,Male,46,Jaipur,Rajasthan,North,2025-01-29
4439,Ananya Patel,Other,29,Lucknow,Uttar Pradesh,North,2023-12-03
4440,Rohan Shetty,Female,27,Bengaluru,Karnataka,South,2023-06-13
4441,Rahul Iyer,Female,21,Kochi,Kerala,South,2022-09-20
4442,Vivaan Menon,Female,25,Hubballi,Karnataka,South,2022-10-21
4443,Amit Naik,Male,42,Mangaluru,Karnataka,South,2023-01-30
4444,Rahul Gupta,Female,35,Hubballi,Karnataka,South,2024-07-08
4445,Meera Sharma,Female,48,Jaipur,Rajasthan,North,2023-11-24
4446,Vikram Mishra,Other,33,Mysuru,Karnataka,South,2024-10-28
4447,Sneha Singh,Male,40,Chennai,Tamil Nadu,South,2023-06-23
4448,Ananya Patel,Male,20,Ahmedabad,Gujarat,West,2022-09-29
4449,Aditya Verma,Other,21,Jaipur,Rajasthan,North,2024-10-25
4450,Aarav Mishra,Other,31,Ahmedabad,Gujarat,West,2023-08-16
4451,Ananya Iyer,Male,26,Mangaluru,Karnataka,South,2024-09-02
4452,Arjun Joshi,Male,40,Mangaluru,Karnataka,South,2022-07-26
4453,Aarav Pillai,Male,30,Mumbai,Maharashtra,West,2022-10-30
4454,Ishita Pillai,Male,49,Bhubaneswar,Odisha,East,2022-07-04
4455,Vikram Patel,Other,25,Bhubaneswar,Odisha,East,2024-06-19
4456,Aditya Sharma,Other,39,Ahmedabad,Gujarat,West,2024-12-29
4457,Nisha Pillai,Other,23,Bhubaneswar,Odisha,East,2024-06-16
4458,Amit Mishra,Female,47,Mumbai,Maharashtra,West,2023-07-22
4459,Vikram Bhat,Other,38,Pune,Maharashtra,West,2023-03-19
4460,Diya Das,Female,40,Chennai,Tamil Nadu,South,2022-08-06
4461,Rohan Das,Other,37,Kochi,Kerala,South,2023-11-19
4462,Diya Joshi,Male,43,Kochi,Kerala,South,2022-05-24
4463,Rahul Menon,Female,30,Chennai,Tamil Nadu,South,2024-12-10
4464,Rahul Iyer,Other,26,Kochi,Kerala,South,2025-03-25
4465,Kavya Nair,Male,60,Bengaluru,Karnataka,South,2023-03-18
4466,Meera Verma,Other,38,Bengaluru,Karnataka,South,2024-02-15
4467,Sneha Joshi,Female,36,Kochi,Kerala,South,2024-02-01
4468,Diya Gupta,Female,53,Mangaluru,Karnataka,South,2022-01-25
4469,Kavya Das,Other,32,Mumbai,Maharashtra,West,2024-03-16
4470,Meera Menon,Female,34,Pune,Maharashtra,West,2024-12-19
4471,Ananya Shetty,Other,47,Hyderabad,Telangana,South,2023-03-10
4472,Rohan Naik,Male,35,Mumbai,Maharashtra,West,2022-04-16
4473,Karan Gupta,Other,54,Hubballi,Karnataka,South,2022-04-06
4474,Riya Iyer,Female,25,Hubballi,Karnataka,South,2022-02-11
4475,Kavya Iyer,Other,42,Ahmedabad,Gujarat,West,2022-04-14
4476,Karan Menon,Male,23,Chennai,Tamil Nadu,South,2025-02-07
4477,Arjun Kulkarni,Other,40,Pune,Maharashtra,West,2024-01-19
4478,Amit Mishra,Female,18,Pune,Maharashtra,West,2024-09-12
4479,Karan Gupta,Female,31,Bengaluru,Karnataka,South,2022-03-12
4480,Rahul Menon,Other,18,Ahmedabad,Gujarat,West,2024-08-24
4481,Rahul Das,Male,50,Mumbai,Maharashtra,West,2022-06-30
4482,Karan Menon,Other,39,Lucknow,Uttar Pradesh,North,2023-11-28
4483,Rahul Hegde,Other,19,Jaipur,Rajasthan,North,2023-08-26
4484,Priya Kumar,Other,42,Jaipur,Rajasthan,North,2023-09-30
4485,Priya Gupta,Male,25,Mumbai,Maharashtra,West,2024-08-07
4486,Ananya Das,Male,18,Mumbai,Maharashtra,West,2022-06-25
4487,Rohan Bhat,Female,22,Bhubaneswar,Odisha,East,2023-12-24
4488,Riya Naik,Other,44,Delhi,Delhi,North,2023-12-04
4489,Vivaan Rao,Male,31,Jaipur,Rajasthan,North,2022-03-22
4490,Aarav Sharma,Male,28,Mysuru,Karnataka,South,2022-11-06
4491,Aditya Shetty,Female,29,Hyderabad,Telangana,South,2024-11-09
4492,Rohan Gupta,Female,36,Hubballi,Karnataka,South,2022-09-26
4493,Aditya Iyer,Other,28,Bhubaneswar,Odisha,East,2024-10-23
4494,Ananya Pillai,Female,37,Kochi,Kerala,South,2024-03-23
4495,Ananya Singh,Female,39,Pune,Maharashtra,West,2025-03-02
4496,Arjun Kulkarni,Male,21,Chennai,Tamil Nadu,South,2022-09-26
4497,Rohan Singh,Female,43,Kochi,Kerala,South,2023-02-18
4498,Sneha Mishra,Female,54,Mysuru,Karnataka,South,2023-01-24
4499,Sneha Kulkarni,Other,31,Mangaluru,Karnataka,South,2023-12-23
4500,Sanjay Joshi,Male,40,Pune,Maharashtra,West,2023-11-28
4501,Rohan Das,Male,51,Jaipur,Rajasthan,North,2024-08-28
4502,Vivaan Kumar,Female,40,Kolkata,West Bengal,East,2024-02-03
4503,Ishita Bhat,Male,18,Pune,Maharashtra,West,2024-03-26
4504,Aarav Pillai,Other,25,Kolkata,West Bengal,East,2023-12-04
4505,Diya Das,Other,34,Bhubaneswar,Odisha,East,2024-04-25
4506,Rahul Das,Male,32,Delhi,Delhi,North,2022-06-09
4507,Priya Iyer,Female,36,Pune,Maharashtra,West,2022-06-03
4508,Diya Reddy,Male,36,Mysuru,Karnataka,South,2025-03-19
4509,Riya Nair,Other,37,Mangaluru,Karnataka,South,2022-01-16
4510,Rohan Rao,Other,31,Mumbai,Maharashtra,West,2024-12-19
4511,Ananya Nair,Other,37,Hubballi,Karnataka,South,2022-01-31
4512,Aditya Iyer,Other,42,Kolkata,West Bengal,East,2023-05-13
4513,Nisha Sharma,Other,33,Kolkata,West Bengal,East,2023-07-02
4514,Priya Verma,Male,51,Kochi,Kerala,South,2025-03-01
4515,Sanjay Gupta,Other,43,Hyderabad,Telangana,South,2023-06-05
4516,Pooja Sharma,Female,43,Chennai,Tamil Nadu,South,2023-05-24
4517,Rahul Patel,Other,53,Hyderabad,Telangana,South,2022-01-16
4518,Amit Hegde,Female,30,Hubballi,Karnataka,South,2024-08-13
4519,Ananya Patel,Female,30,Mumbai,Maharashtra,West,2025-02-04
4520,Meera Reddy,Female,40,Lucknow,Uttar Pradesh,North,2023-01-13
4521,Vivaan Kumar,Other,24,Ahmedabad,Gujarat,West,2025-04-13
4522,Priya Sharma,Female,38,Bengaluru,Karnataka,South,2022-11-25
4523,Karan Bhat,Female,56,Mumbai,Maharashtra,West,2025-04-01
4524,Vivaan Hegde,Other,34,Mumbai,Maharashtra,West,2024-09-10
4525,Ananya Iyer,Other,37,Mumbai,Maharashtra,West,2023-08-04
4526,Kavya Verma,Other,30,Bhubaneswar,Odisha,East,2024-03-17
4527,Rohan Iyer,Other,51,Hyderabad,Telangana,South,2023-09-11
4528,Sneha Gupta,Female,35,Chennai,Tamil Nadu,South,2024-01-22
4529,Sanjay Reddy,Female,40,Chennai,Tamil Nadu,South,2022-01-12
4530,Aditya Shetty,Other,34,Kochi,Kerala,South,2022-03-19
4531,Arjun Sharma,Male,27,Kochi,Kerala,South,2023-09-06
4532,Arjun Joshi,Male,35,Kolkata,West Bengal,East,2025-01-05
4533,Diya Reddy,Male,36,Mangaluru,Karnataka,South,2024-12-07
4534,Vikram Reddy,Male,29,Delhi,Delhi,North,2022-07-28
4535,Aarav Shetty,Other,20,Bengaluru,Karnataka,South,2023-06-06
4536,Rohan Pillai,Other,42,Mysuru,Karnataka,South,2023-09-20
4537,Meera Shetty,Other,40,Bhubaneswar,Odisha,East,2024-02-20
4538,Riya Rao,Male,35,Mysuru,Karnataka,South,2022-04-01
4539,Rohan Gupta,Other,28,Lucknow,Uttar Pradesh,North,2024-12-12
4540,Aditya Singh,Male,18,Kochi,Kerala,South,2023-07-10
4541,Aditya Sharma,Female,29,Lucknow,Uttar Pradesh,North,2022-06-05
4542,Vikram Gupta,Male,23,Kolkata,West Bengal,East,2024-03-12
4543,Aditya Menon,Female,26,Lucknow,Uttar Pradesh,North,2024-09-09
4544,Pooja Gupta,Female,26,Jaipur,Rajasthan,North,2023-01-06
4545,Karan Bhat,Other,46,Bhubaneswar,Odisha,East,2023-08-10
4546,Rahul Bhat,Female,40,Lucknow,Uttar Pradesh,North,2022-10-31
4547,Priya Patel,Female,43,Lucknow,Uttar Pradesh,North,2023-08-02
4548,Pooja Sharma,Male,27,Mangaluru,Karnataka,South,2022-07-07
4549,Karan Hegde,Male,46,Mangaluru,Karnataka,South,2025-01-14
4550,Sneha Pillai,Male,32,Kochi,Kerala,South,2023-06-15
4551,Arjun Reddy,Male,23,Lucknow,Uttar Pradesh,North,2024-12-06
4552,Ananya Joshi,Male,46,Mangaluru,Karnataka,South,2024-08-03
4553,Priya Nair,Other,41,Mumbai,Maharashtra,West,2024-12-25
4554,Pooja Nair,Male,21,Mumbai,Maharashtra,West,2025-01-22
4555,Sanjay Iyer,Other,37,Mumbai,Maharashtra,West,2022-05-13
4556,Pooja Sharma,Other,36,Hubballi,Karnataka,South,2024-10-05
4557,Sanjay Nair,Male,41,Kochi,Kerala,South,2022-06-08
4558,Vivaan Reddy,Female,21,Mysuru,Karnataka,South,2024-01-18
4559,Vivaan Mishra,Female,45,Hyderabad,Telangana,South,2024-03-11
4560,Meera Sharma,Other,31,Mysuru,Karnataka,South,2022-04-24
4561,Aditya Shetty,Other,32,Jaipur,Rajasthan,North,2024-06-15
4562,Diya Mishra,Other,28,Kolkata,West Bengal,East,2022-05-26
4563,Priya Hegde,Other,26,Mysuru,Karnataka,South,2024-07-31
4564,Ananya Das,Female,25,Bhubaneswar,Odisha,East,2025-03-03
4565,Nisha Iyer,Female,30,Lucknow,Uttar Pradesh,North,2024-04-14
4566,Nisha Shetty,Other,21,Chennai,Tamil Nadu,South,2024-02-29
4567,Karan Joshi,Other,34,Lucknow,Uttar Pradesh,North,2023-02-12
4568,Vivaan Iyer,Female,48,Mangaluru,Karnataka,South,2023-11-11
4569,Meera Shetty,Female,19,Pune,Maharashtra,West,2024-02-25
4570,Meera Das,Male,27,Pune,Maharashtra,West,2023-01-13
4571,Ishita Verma,Male,21,Mangaluru,Karnataka,South,2023-10-23
4572,Rohan Shetty,Female,26,Bhubaneswar,Odisha,East,2023-10-15
4573,Rohan Menon,Female,45,Bhubaneswar,Odisha,East,2025-01-04
4574,Kavya Singh,Male,40,Bengaluru,Karnataka,South,2024-03-28
4575,Rahul Gupta,Male,40,Delhi,Delhi,North,2023-07-18
4576,Ishita Bhat,Male,25,Bengaluru,Karnataka,South,2024-12-04
4577,Ananya Gupta,Male,22,Chennai,Tamil Nadu,South,2022-12-10
4578,Ishita Singh,Female,18,Pune,Maharashtra,West,2024-11-16
4579,Sneha Hegde,Male,23,Bhubaneswar,Odisha,East,2024-04-28
4580,Nisha Mishra,Other,44,Hubballi,Karnataka,South,2023-09-25
4581,Kavya Verma,Male,31,Pune,Maharashtra,West,2024-03-02
4582,Vivaan Iyer,Male,20,Pune,Maharashtra,West,2025-02-12
4583,Ananya Bhat,Other,27,Mysuru,Karnataka,South,2025-02-18
4584,Rohan Joshi,Other,48,Chennai,Tamil Nadu,South,2022-06-12
4585,Karan Verma,Female,43,Pune,Maharashtra,West,2024-02-26
4586,Amit Singh,Female,36,Bengaluru,Karnataka,South,2023-01-14
4587,Amit Mishra,Female,22,Jaipur,Rajasthan,North,2022-06-22
4588,Arjun Mishra,Male,44,Delhi,Delhi,North,2023-04-03
4589,Amit Shetty,Other,30,Ahmedabad,Gujarat,West,2023-03-29
4590,Rohan Iyer,Other,33,Hyderabad,Telangana,South,2022-10-07
4591,Aditya Sharma,Female,18,Pune,Maharashtra,West,2022-12-10
4592,Kavya Joshi,Male,34,Hyderabad,Telangana,South,2023-11-15
4593,Vikram Shetty,Other,45,Hyderabad,Telangana,South,2025-03-18
4594,Nisha Hegde,Other,31,Kochi,Kerala,South,2022-01-29
4595,Priya Shetty,Other,37,Hyderabad,Telangana,South,2024-02-14
4596,Rohan Shetty,Other,18,Hubballi,Karnataka,South,2022-03-17
4597,Vikram Pillai,Other,53,Delhi,Delhi,North,2023-05-09
4598,Vikram Bhat,Other,31,Hubballi,Karnataka,South,2022-10-07
4599,Aarav Shetty,Other,45,Pune,Maharashtra,West,2025-04-13
4600,Arjun Menon,Male,38,Kochi,Kerala,South,2024-11-10
4601,Ananya Reddy,Other,25,Delhi,Delhi,North,2025-01-01
4602,Meera Mishra,Other,25,Pune,Maharashtra,West,2023-05-12
4603,Aditya Das,Female,32,Chennai,Tamil Nadu,South,2022-07-25
4604,Karan Hegde,Other,27,Kolkata,West Bengal,East,2023-08-28
4605,Diya Patel,Female,25,Mangaluru,Karnataka,South,2023-03-30
4606,Vikram Sharma,Female,49,Hubballi,Karnataka,South,2024-03-04
4607,Riya Bhat,Other,23,Hyderabad,Telangana,South,2022-01-21
4608,Sanjay Shetty,Female,31,Mangaluru,Karnataka,South,2023-09-12
4609,Riya Kulkarni,Male,27,Hyderabad,Telangana,South,2023-02-18
4610,Karan Mishra,Other,59,Bhubaneswar,Odisha,East,2022-12-03
4611,Amit Patel,Other,36,Mysuru,Karnataka,South,2024-06-28
4612,Karan Naik,Other,46,Kochi,Kerala,South,2024-09-04
4613,Vikram Menon,Female,28,Chennai,Tamil Nadu,South,2024-08-31
4614,Aarav Nair,Female,30,Lucknow,Uttar Pradesh,North,2023-12-26
4615,Rohan Nair,Male,34,Hubballi,Karnataka,South,2022-01-03
4616,Kavya Reddy,Female,43,Bengaluru,Karnataka,South,2024-01-17
4617,Rohan Das,Other,39,Pune,Maharashtra,West,2024-02-08
4618,Sneha Singh,Other,40,Mumbai,Maharashtra,West,2023-09-20
4619,Ananya Rao,Female,40,Pune,Maharashtra,West,2024-12-11
4620,Sanjay Gupta,Other,36,Pune,Maharashtra,West,2022-05-22
4621,Meera Nair,Male,33,Delhi,Delhi,North,2025-01-14
4622,Rohan Shetty,Male,45,Delhi,Delhi,North,2023-10-11
4623,Vivaan Shetty,Other,25,Mysuru,Karnataka,South,2024-07-01
4624,Diya Kumar,Female,26,Pune,Maharashtra,West,2024-06-27
4625,Ishita Kulkarni,Male,19,Bhubaneswar,Odisha,East,2022-06-27
4626,Kavya Shetty,Female,33,Jaipur,Rajasthan,North,2023-07-02
4627,Ananya Mishra,Male,39,Mangaluru,Karnataka,South,2022-11-23
4628,Amit Shetty,Other,25,Jaipur,Rajasthan,North,2024-01-19
4629,Priya Patel,Other,49,Kolkata,West Bengal,East,2022-10-12
4630,Rohan Bhat,Male,35,Bengaluru,Karnataka,South,2023-01-13
4631,Aditya Kumar,Male,28,Kochi,Kerala,South,2024-09-26
4632,Pooja Singh,Other,28,Mysuru,Karnataka,South,2024-12-19
4633,Aditya Iyer,Female,38,Hubballi,Karnataka,South,2024-05-17
4634,Aditya Verma,Female,28,Hyderabad,Telangana,South,2024-01-18
4635,Aditya Bhat,Female,50,Kolkata,West Bengal,East,2022-10-02
4636,Vivaan Naik,Female,43,Ahmedabad,Gujarat,West,2022-11-25
4637,Ishita Kumar,Other,47,Jaipur,Rajasthan,North,2022-09-12
4638,Aditya Gupta,Female,28,Bhubaneswar,Odisha,East,2025-04-10
4639,Arjun Hegde,Male,38,Mangaluru,Karnataka,South,2022-08-05
4640,Vivaan Kulkarni,Male,43,Hubballi,Karnataka,South,2024-04-11
4641,Vikram Bhat,Male,45,Bengaluru,Karnataka,South,2022-07-01
4642,Vikram Joshi,Male,47,Bengaluru,Karnataka,South,2022-11-28
4643,Rohan Naik,Female,20,Bhubaneswar,Odisha,East,2025-04-03
4644,Ishita Menon,Male,46,Hyderabad,Telangana,South,2023-09-26
4645,Amit Bhat,Male,26,Ahmedabad,Gujarat,West,2023-03-27
4646,Kavya Kulkarni,Male,25,Jaipur,Rajasthan,North,2023-04-03
4647,Karan Pillai,Male,41,Bengaluru,Karnataka,South,2024-04-09
4648,Vikram Pillai,Female,35,Hubballi,Karnataka,South,2024-06-05
4649,Diya Reddy,Other,31,Bengaluru,Karnataka,South,2023-01-28
4650,Diya Naik,Male,37,Kochi,Kerala,South,2023-04-25
4651,Karan Kumar,Other,25,Mumbai,Maharashtra,West,2022-05-14
4652,Riya Nair,Female,42,Bengaluru,Karnataka,South,2023-08-07
4653,Diya Naik,Female,23,Ahmedabad,Gujarat,West,2023-09-17
4654,Karan Mishra,Female,28,Mangaluru,Karnataka,South,2024-10-15
4655,Karan Shetty,Female,32,Hyderabad,Telangana,South,2023-09-24
4656,Arjun Nair,Female,48,Mumbai,Maharashtra,West,2025-01-31
4657,Meera Mishra,Other,50,Bengaluru,Karnataka,South,2023-09-28
4658,Pooja Menon,Male,19,Jaipur,Rajasthan,North,2023-03-04
4659,Arjun Patel,Female,37,Mangaluru,Karnataka,South,2023-01-28
4660,Arjun Gupta,Male,35,Kolkata,West Bengal,East,2022-12-14
4661,Priya Nair,Other,31,Kolkata,West Bengal,East,2022-02-19
4662,Karan Pillai,Female,35,Jaipur,Rajasthan,North,2024-11-16
4663,Meera Patel,Other,29,Hyderabad,Telangana,South,2024-08-25
4664,Vikram Pillai,Female,34,Jaipur,Rajasthan,North,2023-10-11
4665,Pooja Sharma,Female,29,Hubballi,Karnataka,South,2022-10-28
4666,Karan Singh,Female,34,Bengaluru,Karnataka,South,2022-06-15
4667,Nisha Menon,Other,36,Hubballi,Karnataka,South,2022-11-12
4668,Meera Menon,Other,40,Hyderabad,Telangana,South,2022-03-04
4669,Rahul Bhat,Female,30,Kolkata,West Bengal,East,2023-04-28
4670,Riya Nair,Other,31,Ahmedabad,Gujarat,West,2022-08-05
4671,Vikram Reddy,Other,18,Bhubaneswar,Odisha,East,2022-07-15
4672,Aarav Sharma,Other,27,Mysuru,Karnataka,South,2023-10-09
4673,Aarav Hegde,Male,34,Bengaluru,Karnataka,South,2025-03-10
4674,Meera Menon,Other,37,Chennai,Tamil Nadu,South,2025-03-11
4675,Rahul Rao,Male,42,Delhi,Delhi,North,2023-12-23
4676,Karan Gupta,Female,26,Hyderabad,Telangana,South,2022-04-16
4677,Diya Reddy,Female,41,Lucknow,Uttar Pradesh,North,2022-06-14
4678,Aarav Nair,Male,50,Mumbai,Maharashtra,West,2022-03-31
4679,Arjun Nair,Male,47,Kochi,Kerala,South,2024-05-23
4680,Meera Gupta,Male,19,Chennai,Tamil Nadu,South,2024-06-12
4681,Aarav Bhat,Male,33,Kochi,Kerala,South,2022-09-03
4682,Arjun Reddy,Other,19,Bengaluru,Karnataka,South,2025-02-13
4683,Meera Pillai,Other,18,Hubballi,Karnataka,South,2025-04-10
4684,Sanjay Hegde,Male,21,Ahmedabad,Gujarat,West,2024-06-16
4685,Priya Bhat,Male,42,Lucknow,Uttar Pradesh,North,2024-12-15
4686,Rohan Gupta,Male,24,Lucknow,Uttar Pradesh,North,2023-06-01
4687,Ishita Sharma,Male,38,Mumbai,Maharashtra,West,2023-09-10
4688,Kavya Das,Female,29,Pune,Maharashtra,West,2022-03-27
4689,Aarav Pillai,Male,37,Mangaluru,Karnataka,South,2022-11-16
4690,Aditya Hegde,Other,36,Jaipur,Rajasthan,North,2022-06-23
4691,Nisha Gupta,Female,44,Chennai,Tamil Nadu,South,2023-05-16
4692,Sanjay Gupta,Male,40,Bengaluru,Karnataka,South,2025-01-09
4693,Meera Sharma,Other,56,Lucknow,Uttar Pradesh,North,2023-11-28
4694,Priya Verma,Other,34,Bengaluru,Karnataka,South,2024-05-03
4695,Nisha Joshi,Other,35,Lucknow,Uttar Pradesh,North,2023-10-28
4696,Vivaan Nair,Female,27,Bhubaneswar,Odisha,East,2024-12-06
4697,Riya Iyer,Female,35,Mysuru,Karnataka,South,2022-05-29
4698,Nisha Kulkarni,Male,26,Bhubaneswar,Odisha,East,2024-05-26
4699,Diya Kulkarni,Other,18,Hyderabad,Telangana,South,2024-08-23
4700,Ananya Iyer,Female,21,Mangaluru,Karnataka,South,2024-10-20
4701,Priya Menon,Female,42,Mangaluru,Karnataka,South,2024-09-27
4702,Diya Nair,Male,47,Pune,Maharashtra,West,2023-02-01
4703,Nisha Kulkarni,Female,26,Bhubaneswar,Odisha,East,2022-10-23
4704,Kavya Reddy,Other,40,Hyderabad,Telangana,South,2025-01-11
4705,Rohan Shetty,Female,38,Chennai,Tamil Nadu,South,2024-07-22
4706,Meera Das,Other,20,Jaipur,Rajasthan,North,2022-08-03
4707,Rahul Patel,Female,48,Bhubaneswar,Odisha,East,2024-01-02
4708,Rohan Mishra,Female,25,Ahmedabad,Gujarat,West,2022-07-13
4709,Rahul Pillai,Male,50,Ahmedabad,Gujarat,West,2022-06-07
4710,Karan Menon,Male,18,Bhubaneswar,Odisha,East,2023-10-01
4711,Kavya Rao,Other,41,Bhubaneswar,Odisha,East,2022-11-21
4712,Vivaan Naik,Male,24,Ahmedabad,Gujarat,West,2022-05-21
4713,Aarav Hegde,Other,25,Delhi,Delhi,North,2023-04-19
4714,Rahul Joshi,Other,28,Jaipur,Rajasthan,North,2025-01-15
4715,Ananya Bhat,Male,29,Lucknow,Uttar Pradesh,North,2022-10-31
4716,Diya Kulkarni,Female,36,Hyderabad,Telangana,South,2024-02-25
4717,Ishita Joshi,Other,43,Ahmedabad,Gujarat,West,2023-02-15
4718,Kavya Rao,Male,43,Hyderabad,Telangana,South,2024-02-23
4719,Meera Kumar,Other,43,Jaipur,Rajasthan,North,2025-01-05
4720,Karan Sharma,Other,45,Kochi,Kerala,South,2022-03-18
4721,Arjun Bhat,Male,33,Kolkata,West Bengal,East,2023-05-24
4722,Aditya Nair,Male,31,Kochi,Kerala,South,2022-09-02
4723,Ishita Nair,Male,32,Kolkata,West Bengal,East,2022-05-02
4724,Arjun Gupta,Male,41,Ahmedabad,Gujarat,West,2024-02-01
4725,Aarav Nair,Male,24,Bengaluru,Karnataka,South,2023-07-23
4726,Rahul Reddy,Male,55,Hubballi,Karnataka,South,2024-09-20
4727,Meera Rao,Female,31,Chennai,Tamil Nadu,South,2022-03-19
4728,Ishita Sharma,Other,30,Hyderabad,Telangana,South,2022-01-15
4729,Amit Shetty,Female,38,Delhi,Delhi,North,2023-01-05
4730,Karan Nair,Female,18,Hyderabad,Telangana,South,2025-02-10
4731,Priya Bhat,Other,40,Delhi,Delhi,North,2024-05-14
4732,Priya Patel,Other,57,Delhi,Delhi,North,2022-08-15
4733,Vivaan Bhat,Female,27,Pune,Maharashtra,West,2023-06-12
4734,Aarav Hegde,Other,30,Hyderabad,Telangana,South,2024-11-19
4735,Ishita Kulkarni,Male,41,Pune,Maharashtra,West,2023-04-18
4736,Priya Mishra,Female,37,Mumbai,Maharashtra,West,2023-07-11
4737,Nisha Sharma,Female,23,Jaipur,Rajasthan,North,2023-08-13
4738,Nisha Reddy,Female,25,Bengaluru,Karnataka,South,2024-12-12
4739,Sneha Reddy,Male,34,Chennai,Tamil Nadu,South,2024-12-27
4740,Arjun Das,Female,18,Hubballi,Karnataka,South,2023-01-21
4741,Ananya Joshi,Other,54,Lucknow,Uttar Pradesh,North,2022-09-06
4742,Vivaan Shetty,Female,35,Pune,Maharashtra,West,2024-12-06
4743,Meera Gupta,Other,27,Ahmedabad,Gujarat,West,2024-03-04
4744,Arjun Sharma,Other,28,Mumbai,Maharashtra,West,2023-12-25
4745,Priya Sharma,Other,41,Mangaluru,Karnataka,South,2022-07-21
4746,Aditya Naik,Male,45,Pune,Maharashtra,West,2023-05-08
4747,Sanjay Pillai,Female,27,Pune,Maharashtra,West,2022-12-04
4748,Sneha Patel,Female,61,Kolkata,West Bengal,East,2024-12-25
4749,Arjun Naik,Female,62,Delhi,Delhi,North,2024-03-02
4750,Meera Nair,Male,30,Mangaluru,Karnataka,South,2024-08-19
4751,Amit Mishra,Female,23,Bengaluru,Karnataka,South,2022-11-13
4752,Arjun Kumar,Male,21,Mumbai,Maharashtra,West,2024-07-27
4753,Nisha Bhat,Male,20,Hubballi,Karnataka,South,2022-02-28
4754,Ishita Singh,Female,31,Bengaluru,Karnataka,South,2022-02-04
4755,Amit Singh,Male,19,Bengaluru,Karnataka,South,2022-06-11
4756,Priya Bhat,Male,47,Hyderabad,Telangana,South,2024-05-01
4757,Meera Rao,Male,39,Lucknow,Uttar Pradesh,North,2022-12-14
4758,Rohan Kumar,Other,33,Mangaluru,Karnataka,South,2023-11-06
4759,Priya Sharma,Female,31,Delhi,Delhi,North,2023-11-18
4760,Diya Verma,Male,47,Pune,Maharashtra,West,2022-12-16
4761,Pooja Iyer,Other,43,Lucknow,Uttar Pradesh,North,2022-02-11
4762,Arjun Verma,Female,33,Ahmedabad,Gujarat,West,2024-02-24
4763,Sanjay Verma,Other,20,Bengaluru,Karnataka,South,2022-01-14
4764,Kavya Reddy,Male,29,Lucknow,Uttar Pradesh,North,2024-05-13
4765,Sanjay Iyer,Female,38,Mysuru,Karnataka,South,2023-07-02
4766,Pooja Joshi,Male,32,Mumbai,Maharashtra,West,2025-01-11
4767,Aarav Singh,Male,37,Mysuru,Karnataka,South,2024-11-11
4768,Rahul Gupta,Female,35,Delhi,Delhi,North,2024-08-12
4769,Sneha Iyer,Other,30,Jaipur,Rajasthan,North,2024-07-18
4770,Nisha Reddy,Other,34,Chennai,Tamil Nadu,South,2022-09-03
4771,Priya Verma,Male,30,Mangaluru,Karnataka,South,2023-07-22
4772,Vivaan Joshi,Male,31,Ahmedabad,Gujarat,West,2023-01-29
4773,Amit Kumar,Other,37,Mangaluru,Karnataka,South,2024-09-13
4774,Ishita Sharma,Female,41,Lucknow,Uttar Pradesh,North,2023-02-10
4775,Pooja Sharma,Male,34,Bengaluru,Karnataka,South,2024-01-23
4776,Sanjay Pillai,Other,36,Ahmedabad,Gujarat,West,2024-03-04
4777,Amit Kumar,Female,30,Bengaluru,Karnataka,South,2023-08-18
4778,Vikram Bhat,Male,40,Kochi,Kerala,South,2022-01-08
4779,Nisha Bhat,Female,37,Hubballi,Karnataka,South,2024-03-16
4780,Arjun Singh,Female,19,Hubballi,Karnataka,South,2022-11-24
4781,Sneha Reddy,Male,20,Ahmedabad,Gujarat,West,2023-07-09
4782,Rohan Naik,Male,39,Jaipur,Rajasthan,North,2024-11-28
4783,Aditya Bhat,Other,43,Bhubaneswar,Odisha,East,2022-11-03
4784,Priya Singh,Male,33,Mysuru,Karnataka,South,2022-10-03
4785,Kavya Iyer,Male,30,Jaipur,Rajasthan,North,2025-03-21
4786,Sanjay Verma,Male,25,Bhubaneswar,Odisha,East,2023-09-30
4787,Kavya Patel,Female,34,Kolkata,West Bengal,East,2024-07-18
4788,Ishita Sharma,Male,42,Kolkata,West Bengal,East,2022-07-02
4789,Diya Menon,Female,29,Jaipur,Rajasthan,North,2022-03-13
4790,Vikram Kumar,Female,52,Delhi,Delhi,North,2023-12-27
4791,Pooja Verma,Other,38,Delhi,Delhi,North,2022-09-26
4792,Rahul Joshi,Other,36,Bhubaneswar,Odisha,East,2022-05-27
4793,Amit Bhat,Male,25,Ahmedabad,Gujarat,West,2025-04-03
4794,Riya Sharma,Female,30,Mumbai,Maharashtra,West,2024-01-13
4795,Sneha Reddy,Other,44,Mysuru,Karnataka,South,2024-01-10
4796,Rohan Patel,Female,52,Kochi,Kerala,South,2022-09-15
4797,Ishita Hegde,Female,47,Chennai,Tamil Nadu,South,2023-02-13
4798,Ananya Nair,Other,24,Jaipur,Rajasthan,North,2025-01-23
4799,Ananya Nair,Female,31,Delhi,Delhi,North,2022-05-22
4800,Nisha Menon,Other,33,Ahmedabad,Gujarat,West,2025-01-09
4801,Sneha Mishra,Other,20,Delhi,Delhi,North,2022-10-01
4802,Priya Kumar,Female,44,Jaipur,Rajasthan,North,2022-10-15
4803,Aditya Bhat,Female,38,Hyderabad,Telangana,South,2025-02-21
4804,Pooja Mishra,Other,33,Ahmedabad,Gujarat,West,2022-06-29
4805,Sanjay Hegde,Female,18,Mysuru,Karnataka,South,2025-01-25
4806,Amit Mishra,Other,28,Bhubaneswar,Odisha,East,2023-07-15
4807,Ananya Shetty,Male,35,Hubballi,Karnataka,South,2023-04-29
4808,Karan Iyer,Female,34,Delhi,Delhi,North,2023-11-25
4809,Ananya Naik,Other,26,Hubballi,Karnataka,South,2025-03-17
4810,Sanjay Hegde,Other,25,Mumbai,Maharashtra,West,2025-02-02
4811,Karan Mishra,Male,33,Mumbai,Maharashtra,West,2023-07-12
4812,Amit Gupta,Other,52,Kolkata,West Bengal,East,2022-03-19
4813,Diya Kulkarni,Other,45,Jaipur,Rajasthan,North,2024-03-17
4814,Karan Das,Other,42,Hyderabad,Telangana,South,2024-07-16
4815,Rahul Rao,Other,38,Ahmedabad,Gujarat,West,2022-10-04
4816,Amit Joshi,Male,31,Lucknow,Uttar Pradesh,North,2024-04-03
4817,Ananya Singh,Other,46,Delhi,Delhi,North,2022-12-29
4818,Nisha Iyer,Male,33,Kolkata,West Bengal,East,2023-05-04
4819,Nisha Hegde,Other,20,Mumbai,Maharashtra,West,2024-11-17
4820,Sneha Shetty,Male,31,Pune,Maharashtra,West,2022-02-10
4821,Riya Reddy,Female,42,Chennai,Tamil Nadu,South,2024-09-30
4822,Ishita Kulkarni,Female,53,Mysuru,Karnataka,South,2024-09-12
4823,Aditya Gupta,Female,32,Bengaluru,Karnataka,South,2022-05-16
4824,Nisha Das,Other,41,Kochi,Kerala,South,2024-05-10
4825,Sanjay Naik,Other,40,Delhi,Delhi,North,2024-02-27
4826,Karan Hegde,Male,40,Mumbai,Maharashtra,West,2023-06-23
4827,Nisha Mishra,Male,30,Mumbai,Maharashtra,West,2025-02-17
4828,Kavya Menon,Female,44,Pune,Maharashtra,West,2022-10-22
4829,Rohan Singh,Male,32,Mysuru,Karnataka,South,2022-02-22
4830,Vivaan Patel,Male,33,Hyderabad,Telangana,South,2022-03-13
4831,Arjun Kulkarni,Other,19,Chennai,Tamil Nadu,South,2022-01-28
4832,Rohan Rao,Other,29,Chennai,Tamil Nadu,South,2024-06-30
4833,Kavya Gupta,Male,55,Jaipur,Rajasthan,North,2023-07-01
4834,Priya Patel,Male,43,Kochi,Kerala,South,2023-07-14
4835,Ananya Mishra,Other,34,Mysuru,Karnataka,South,2023-01-14
4836,Amit Verma,Male,32,Chennai,Tamil Nadu,South,2022-03-20
4837,Vikram Mishra,Other,18,Hubballi,Karnataka,South,2024-04-13
4838,Sanjay Kulkarni,Female,32,Delhi,Delhi,North,2023-03-26
4839,Vikram Kumar,Male,34,Bhubaneswar,Odisha,East,2024-02-07
4840,Priya Shetty,Male,22,Ahmedabad,Gujarat,West,2022-07-17
4841,Ishita Gupta,Other,29,Mangaluru,Karnataka,South,2025-01-22
4842,Aarav Singh,Male,49,Delhi,Delhi,North,2022-04-14
4843,Riya Hegde,Female,44,Delhi,Delhi,North,2023-09-19
4844,Arjun Joshi,Female,18,Mysuru,Karnataka,South,2022-05-15
4845,Vikram Das,Other,33,Hubballi,Karnataka,South,2023-01-09
4846,Rahul Joshi,Female,56,Mangaluru,Karnataka,South,2024-03-29
4847,Aarav Joshi,Other,33,Mysuru,Karnataka,South,2022-02-16
4848,Kavya Pillai,Other,34,Chennai,Tamil Nadu,South,2025-03-15
4849,Ishita Das,Male,54,Bhubaneswar,Odisha,East,2023-01-03
4850,Arjun Reddy,Female,36,Hubballi,Karnataka,South,2024-03-26
4851,Meera Das,Male,43,Lucknow,Uttar Pradesh,North,2024-01-26
4852,Ishita Mishra,Female,41,Lucknow,Uttar Pradesh,North,2024-02-26
4853,Sneha Hegde,Male,41,Bengaluru,Karnataka,South,2023-09-19
4854,Nisha Verma,Other,49,Kochi,Kerala,South,2023-09-08
4855,Ananya Sharma,Female,29,Hyderabad,Telangana,South,2022-04-22
4856,Riya Menon,Female,29,Ahmedabad,Gujarat,West,2022-05-19
4857,Karan Iyer,Male,32,Delhi,Delhi,North,2022-08-19
4858,Aditya Mishra,Other,51,Lucknow,Uttar Pradesh,North,2023-07-15
4859,Ishita Singh,Female,21,Jaipur,Rajasthan,North,2022-03-13
4860,Karan Shetty,Female,34,Hubballi,Karnataka,South,2023-06-25
4861,Sanjay Joshi,Other,23,Mumbai,Maharashtra,West,2023-09-18
4862,Vikram Menon,Other,24,Chennai,Tamil Nadu,South,2024-02-15
4863,Nisha Sharma,Other,43,Kochi,Kerala,South,2022-01-02
4864,Priya Joshi,Other,40,Kochi,Kerala,South,2025-02-05
4865,Aditya Das,Other,47,Lucknow,Uttar Pradesh,North,2022-06-29
4866,Aarav Menon,Other,18,Kolkata,West Bengal,East,2022-06-24
4867,Diya Menon,Male,38,Hyderabad,Telangana,South,2022-05-03
4868,Kavya Das,Female,33,Pune,Maharashtra,West,2023-03-04
4869,Kavya Hegde,Female,24,Mysuru,Karnataka,South,2025-01-11
4870,Sanjay Iyer,Female,18,Hubballi,Karnataka,South,2023-03-04
4871,Rahul Singh,Male,32,Pune,Maharashtra,West,2023-09-10
4872,Priya Naik,Other,19,Bhubaneswar,Odisha,East,2023-10-21
4873,Karan Patel,Female,37,Ahmedabad,Gujarat,West,2025-03-28
4874,Vivaan Joshi,Male,28,Hyderabad,Telangana,South,2022-06-04
4875,Rahul Reddy,Other,39,Lucknow,Uttar Pradesh,North,2024-11-02
4876,Sneha Patel,Female,31,Lucknow,Uttar Pradesh,North,2023-01-21
4877,Pooja Hegde,Female,34,Mysuru,Karnataka,South,2024-01-29
4878,Amit Kumar,Female,60,Mangaluru,Karnataka,South,2023-12-16
4879,Rahul Joshi,Female,36,Chennai,Tamil Nadu,South,2024-01-29
4880,Rahul Naik,Male,28,Chennai,Tamil Nadu,South,2024-04-18
4881,Aditya Mishra,Male,38,Hubballi,Karnataka,South,2022-01-16
4882,Rahul Nair,Other,35,Delhi,Delhi,North,2022-05-28
4883,Kavya Singh,Male,32,Pune,Maharashtra,West,2022-12-21
4884,Karan Mishra,Other,29,Bengaluru,Karnataka,South,2023-08-29
4885,Aditya Rao,Female,33,Mysuru,Karnataka,South,2024-04-30
4886,Rahul Kulkarni,Male,42,Bhubaneswar,Odisha,East,2023-09-20
4887,Meera Kulkarni,Female,18,Kolkata,West Bengal,East,2023-05-17
4888,Rahul Kumar,Other,19,Lucknow,Uttar Pradesh,North,2023-11-26
4889,Rahul Joshi,Male,32,Kochi,Kerala,South,2022-01-26
4890,Rahul Hegde,Other,24,Hyderabad,Telangana,South,2024-11-12
4891,Aarav Naik,Other,29,Bhubaneswar,Odisha,East,2023-11-01
4892,Vivaan Menon,Male,35,Kochi,Kerala,South,2023-10-08
4893,Vivaan Bhat,Male,32,Mangaluru,Karnataka,South,2024-10-19
4894,Rohan Joshi,Other,54,Bhubaneswar,Odisha,East,2024-11-25
4895,Diya Pillai,Female,29,Bhubaneswar,Odisha,East,2022-01-28
4896,Vikram Das,Male,27,Pune,Maharashtra,West,2022-09-28
4897,Arjun Joshi,Male,25,Lucknow,Uttar Pradesh,North,2024-03-02
4898,Riya Patel,Male,20,Jaipur,Rajasthan,North,2024-04-13
4899,Rohan Sharma,Female,38,Mumbai,Maharashtra,West,2022-11-13
4900,Pooja Bhat,Other,36,Pune,Maharashtra,West,2022-12-17
4901,Ishita Kulkarni,Other,23,Kolkata,West Bengal,East,2023-05-26
4902,Ishita Naik,Female,52,Lucknow,Uttar Pradesh,North,2022-01-09
4903,Pooja Iyer,Other,40,Jaipur,Rajasthan,North,2023-07-15
4904,Ishita Hegde,Other,32,Delhi,Delhi,North,2024-03-02
4905,Kavya Singh,Other,47,Kochi,Kerala,South,2025-02-05
4906,Nisha Kumar,Male,30,Bhubaneswar,Odisha,East,2023-04-07
4907,Aditya Mishra,Female,47,Hubballi,Karnataka,South,2023-08-13
4908,Amit Rao,Other,30,Bhubaneswar,Odisha,East,2022-12-25
4909,Kavya Menon,Female,28,Kochi,Kerala,South,2022-12-12
4910,Diya Sharma,Female,43,Chennai,Tamil Nadu,South,2024-01-26
4911,Karan Sharma,Male,40,Pune,Maharashtra,West,2025-03-15
4912,Rohan Das,Other,50,Mumbai,Maharashtra,West,2023-02-12
4913,Rohan Nair,Female,25,Kolkata,West Bengal,East,2022-10-13
4914,Rohan Sharma,Male,39,Hubballi,Karnataka,South,2024-03-03
4915,Meera Hegde,Female,26,Kochi,Kerala,South,2022-02-19
4916,Meera Das,Female,18,Mumbai,Maharashtra,West,2022-11-10
4917,Karan Das,Male,33,Kochi,Kerala,South,2023-08-29
4918,Vivaan Joshi,Male,38,Mumbai,Maharashtra,West,2025-04-02
4919,Arjun Nair,Female,66,Kochi,Kerala,South,2024-04-11
4920,Diya Das,Female,25,Bengaluru,Karnataka,South,2024-12-14
4921,Kavya Reddy,Other,26,Kochi,Kerala,South,2024-09-06
4922,Diya Naik,Other,32,Chennai,Tamil Nadu,South,2025-01-30
4923,Vivaan Bhat,Male,25,Pune,Maharashtra,West,2024-06-04
4924,Ananya Gupta,Female,31,Hyderabad,Telangana,South,2024-02-14
4925,Pooja Singh,Male,27,Kochi,Kerala,South,2023-04-23
4926,Rohan Kulkarni,Female,35,Mysuru,Karnataka,South,2023-05-03
4927,Aarav Naik,Male,29,Bengaluru,Karnataka,South,2025-03-30
4928,Pooja Iyer,Male,45,Jaipur,Rajasthan,North,2024-07-05
4929,Ishita Shetty,Other,34,Pune,Maharashtra,West,2025-01-20
4930,Diya Mishra,Female,38,Pune,Maharashtra,West,2024-06-13
4931,Diya Patel,Other,36,Chennai,Tamil Nadu,South,2022-09-28
4932,Arjun Das,Female,23,Delhi,Delhi,North,2022-04-09
4933,Pooja Patel,Other,38,Mumbai,Maharashtra,West,2023-06-10
4934,Sneha Pillai,Other,43,Kolkata,West Bengal,East,2024-01-15
4935,Rohan Menon,Female,33,Mysuru,Karnataka,South,2023-11-14
4936,Meera Hegde,Male,34,Jaipur,Rajasthan,North,2023-09-30
4937,Karan Reddy,Other,54,Mangaluru,Karnataka,South,2024-05-02
4938,Sanjay Menon,Male,39,Mumbai,Maharashtra,West,2024-10-08
4939,Vivaan Nair,Male,24,Bengaluru,Karnataka,South,2023-08-09
4940,Karan Verma,Other,18,Mangaluru,Karnataka,South,2024-09-26
4941,Kavya Kumar,Female,19,Hubballi,Karnataka,South,2022-06-01
4942,Priya Hegde,Male,42,Ahmedabad,Gujarat,West,2022-02-13
4943,Aditya Singh,Male,30,Bengaluru,Karnataka,South,2023-11-28
4944,Nisha Reddy,Male,29,Chennai,Tamil Nadu,South,2024-07-18
4945,Rahul Bhat,Male,29,Pune,Maharashtra,West,2024-04-22
4946,Meera Shetty,Other,26,Mysuru,Karnataka,South,2023-08-21
4947,Diya Bhat,Female,23,Lucknow,Uttar Pradesh,North,2024-12-02
4948,Sneha Kulkarni,Other,37,Delhi,Delhi,North,2022-06-24
4949,Ananya Naik,Male,27,Hyderabad,Telangana,South,2024-09-25
4950,Priya Naik,Other,41,Jaipur,Rajasthan,North,2022-09-01
4951,Riya Joshi,Male,28,Chennai,Tamil Nadu,South,2024-04-15
4952,Aarav Verma,Female,36,Bhubaneswar,Odisha,East,2023-12-20
4953,Ananya Naik,Female,20,Chennai,Tamil Nadu,South,2024-07-20
4954,Ishita Patel,Other,36,Pune,Maharashtra,West,2023-07-04
4955,Sanjay Rao,Male,18,Chennai,Tamil Nadu,South,2024-07-19
4956,Vikram Joshi,Male,43,Ahmedabad,Gujarat,West,2024-11-27
4957,Rohan Rao,Other,43,Pune,Maharashtra,West,2024-01-03
4958,Pooja Iyer,Female,29,Ahmedabad,Gujarat,West,2023-06-01
4959,Ishita Verma,Other,29,Lucknow,Uttar Pradesh,North,2022-03-09
4960,Amit Reddy,Male,55,Hyderabad,Telangana,South,2025-03-31
4961,Riya Bhat,Other,22,Mangaluru,Karnataka,South,2023-02-27
4962,Ananya Patel,Female,31,Mysuru,Karnataka,South,2023-09-26
4963,Kavya Kumar,Female,43,Mumbai,Maharashtra,West,2024-12-18
4964,Aarav Shetty,Female,24,Pune,Maharashtra,West,2024-07-11
4965,Amit Joshi,Female,31,Mysuru,Karnataka,South,2023-04-18
4966,Nisha Menon,Other,54,Kochi,Kerala,South,2023-06-21
4967,Ishita Verma,Male,18,Hubballi,Karnataka,South,2025-03-15
4968,Vikram Mishra,Male,41,Chennai,Tamil Nadu,South,2024-09-20
4969,Rahul Mishra,Female,32,Hyderabad,Telangana,South,2024-04-01
4970,Ishita Reddy,Male,33,Delhi,Delhi,North,2023-10-11
4971,Aditya Sharma,Male,67,Mysuru,Karnataka,South,2022-07-10
4972,Kavya Bhat,Male,40,Ahmedabad,Gujarat,West,2025-01-01
4973,Rohan Patel,Male,23,Kochi,Kerala,South,2024-04-19
4974,Rahul Patel,Male,18,Pune,Maharashtra,West,2023-11-04
4975,Diya Iyer,Other,35,Chennai,Tamil Nadu,South,2024-05-13
4976,Aditya Patel,Male,48,Delhi,Delhi,North,2023-07-16
4977,Amit Shetty,Male,38,Kochi,Kerala,South,2022-06-24
4978,Priya Reddy,Male,42,Bengaluru,Karnataka,South,2023-05-25
4979,Aarav Gupta,Male,42,Delhi,Delhi,North,2024-03-29
4980,Ishita Bhat,Male,33,Kochi,Kerala,South,2022-06-05
4981,Priya Nair,Other,18,Chennai,Tamil Nadu,South,2024-02-26
4982,Pooja Reddy,Other,32,Bhubaneswar,Odisha,East,2022-05-27
4983,Rohan Reddy,Female,44,Chennai,Tamil Nadu,South,2023-04-26
4984,Sanjay Singh,Other,41,Delhi,Delhi,North,2022-03-10
4985,Pooja Rao,Female,35,Kolkata,West Bengal,East,2024-05-24
4986,Vikram Nair,Male,47,Delhi,Delhi,North,2022-02-20
4987,Ananya Singh,Other,38,Mumbai,Maharashtra,West,2023-05-15
4988,Meera Iyer,Other,46,Pune,Maharashtra,West,2024-10-23
4989,Amit Menon,Female,50,Chennai,Tamil Nadu,South,2024-04-26
4990,Vikram Nair,Other,34,Kolkata,West Bengal,East,2025-03-19
4991,Karan Joshi,Female,44,Hyderabad,Telangana,South,2022-10-06
4992,Rohan Patel,Male,27,Mangaluru,Karnataka,South,2023-12-29
4993,Priya Rao,Male,52,Bengaluru,Karnataka,South,2024-10-02
4994,Meera Kumar,Male,35,Mysuru,Karnataka,South,2022-07-03
4995,Aditya Nair,Female,35,Lucknow,Uttar Pradesh,North,2024-10-19
4996,Ananya Pillai,Male,23,Lucknow,Uttar Pradesh,North,2025-01-01
4997,Nisha Verma,Female,33,Lucknow,Uttar Pradesh,North,2024-04-26
4998,Sneha Pillai,Female,56,Mysuru,Karnataka,South,2022-01-09
4999,Karan Bhat,Other,30,Kochi,Kerala,South,2022-08-24
5000,Diya Singh,Female,38,Bengaluru,Karnataka,South,2024-11-17
